t,T_true,T_meas,T_out,setpoint,heater,error,T_pred,lower,upper
0.0,19.0,19.2,8.0,21.0,1,1.8000000000000007,19.2,20.5,21.5
1.0,19.0028,19.2014,8.001163552572116,21.0,1,1.7986000000000004,19.2014,20.5,21.5
2.0,19.005599672710517,19.202799890903506,8.00232710356895,21.0,1,1.7972001090964937,19.202799890903506,20.5,21.5
3.0,19.008399018196688,19.2041996727268,8.003490651415223,21.0,1,1.7958003272731986,19.2041996727268,20.5,21.5
4.0,19.011198036523332,19.205599345486107,8.00465419453566,21.0,1,1.7944006545138933,19.205599345486107,20.5,21.5
5.0,19.013996727754936,19.208398691037093,8.005817731354993,21.0,1,1.7916013089629068,19.208398691037093,20.5,21.5
6.0,19.016795091955657,19.211197709428227,8.006981260297962,21.0,1,1.7888022905717733,19.211197709428227,20.5,21.5
7.0,19.019593129189325,19.213996400723985,8.008144779789315,21.0,1,1.7860035992760146,19.213996400723985,20.5,21.5
8.0,19.022390839519446,19.21679476498854,8.009308288253816,21.0,1,1.7832052350114616,19.21679476498854,20.5,21.5
9.0,19.02518822300919,19.21959280228571,8.010471784116246,21.0,1,1.7804071977142897,19.21959280228571,20.5,21.5
10.0,19.027985279721413,19.222390512679006,8.011635265801397,21.0,1,1.7776094873209942,19.222390512679006,20.5,21.5
11.0,19.030782009718628,19.225187896231596,8.012798731734085,21.0,1,1.7748121037684044,19.225187896231596,20.5,21.5
12.0,19.03357841306303,19.227984953006338,8.013962180339146,21.0,1,1.772015046993662,19.227984953006338,20.5,21.5
13.0,19.036374489816485,19.230781683065747,8.015125610041437,21.0,1,1.7692183169342535,19.230781683065747,20.5,21.5
14.0,19.03917024004053,19.233578086472015,8.016289019265846,21.0,1,1.766421913527985,19.233578086472015,20.5,21.5
15.0,19.041965663796375,19.23637416328701,8.017452406437284,21.0,1,1.7636258367129898,19.23637416328701,20.5,21.5
16.0,19.044760761144904,19.239169913572265,8.018615769980693,21.0,1,1.7608300864277346,19.239169913572265,20.5,21.5
17.0,19.04755553214667,19.241965337388994,8.019779108321048,21.0,1,1.7580346626110064,19.241965337388994,20.5,21.5
18.0,19.050349976861906,19.244760434798074,8.020942419883356,21.0,1,1.7552395652019257,19.244760434798074,20.5,21.5
19.0,19.05314409535051,19.247555205860074,8.022105703092665,21.0,1,1.752444794139926,19.247555205860074,20.5,21.5
20.0,19.05593788767206,19.250349650635208,8.023268956374057,21.0,1,1.7496503493647921,19.250349650635208,20.5,21.5
21.0,19.0587313538858,19.25314376918339,8.024432178152653,21.0,1,1.7468562308166113,19.25314376918339,20.5,21.5
22.0,19.061524494050655,19.25593756156419,8.025595366853622,21.0,1,1.7440624384358117,19.25593756156419,20.5,21.5
23.0,19.064317308225217,19.258731027836852,8.026758520902176,21.0,1,1.741268972163148,19.258731027836852,20.5,21.5
24.0,19.06710979646775,19.2615241680603,8.02792163872357,21.0,1,1.7384758319396987,19.2615241680603,20.5,21.5
25.0,19.0699019588362,19.26431698229313,8.029084718743112,21.0,1,1.7356830177068687,19.26431698229313,20.5,21.5
26.0,19.072693795388183,19.267109470593606,8.03024775938616,21.0,1,1.7328905294063937,19.267109470593606,20.5,21.5
27.0,19.075485306180983,19.269901633019675,8.031410759078128,21.0,1,1.7300983669803252,19.269901633019675,20.5,21.5
28.0,19.078276491271563,19.27269346962894,8.032573716244482,21.0,1,1.7273065303710595,19.27269346962894,20.5,21.5
29.0,19.08106735071656,19.2754849804787,8.033736629310743,21.0,1,1.7245150195212986,19.2754849804787,20.5,21.5
30.0,19.08385788457228,19.27827616562592,8.0348994967025,21.0,1,1.7217238343740817,19.27827616562592,20.5,21.5
31.0,19.086648092894706,19.28106702512722,8.036062316845399,21.0,1,1.7189329748727786,19.28106702512722,20.5,21.5
32.0,19.089437975739497,19.283857559038925,8.037225088165146,21.0,1,1.7161424409610753,19.283857559038925,20.5,21.5
33.0,19.09222753316198,19.28664776741701,8.03838780908752,21.0,1,1.7133522325829915,19.28664776741701,20.5,21.5
34.0,19.095016765217167,19.289437650317133,8.039550478038365,21.0,1,1.710562349682867,19.289437650317133,20.5,21.5
35.0,19.09780567195973,19.29222720779462,8.040713093443596,21.0,1,1.707772792205379,19.29222720779462,20.5,21.5
36.0,19.100594253444026,19.295016439904483,8.0418756537292,21.0,1,1.704983560095517,19.295016439904483,20.5,21.5
37.0,19.10338250972408,19.2978053467014,8.043038157321238,21.0,1,1.7021946532986014,19.2978053467014,20.5,21.5
38.0,19.1061704408536,19.300593928239724,8.04420060264585,21.0,1,1.6994060717602757,19.300593928239724,20.5,21.5
39.0,19.10895804688596,19.303382184573483,8.045362988129254,21.0,1,1.6966178154265172,19.303382184573483,20.5,21.5
40.0,19.111745327874207,19.30617011575638,8.046525312197746,21.0,1,1.6938298842436197,19.30617011575638,20.5,21.5
41.0,19.11453228387107,19.30895772184179,8.047687573277711,21.0,1,1.6910422781582106,19.30895772184179,20.5,21.5
42.0,19.11731891492895,19.311745002882766,8.048849769795613,21.0,1,1.6882549971172338,19.311745002882766,20.5,21.5
43.0,19.120105221099923,19.31453195893203,8.050011900178008,21.0,1,1.6854680410679705,19.31453195893203,20.5,21.5
44.0,19.12289120243574,19.317318590041985,8.05117396285154,21.0,1,1.6826814099580147,19.317318590041985,20.5,21.5
45.0,19.12567685898782,19.32010489626471,8.052335956242944,21.0,1,1.6798951037352907,19.32010489626471,20.5,21.5
46.0,19.12846219080727,19.32289087765195,8.05349787877905,21.0,1,1.6771091223480497,19.32289087765195,20.5,21.5
47.0,19.131247197944862,19.32567653425513,8.054659728886781,21.0,1,1.6743234657448696,19.32567653425513,20.5,21.5
48.0,19.13403188045105,19.32846186612536,8.055821504993164,21.0,1,1.6715381338746411,19.32846186612536,20.5,21.5
49.0,19.13681623837596,19.3312468733134,8.05698320552532,21.0,1,1.6687531266865996,19.3312468733134,20.5,21.5
50.0,19.13960027176939,19.334031555869714,8.058144828910477,21.0,1,1.6659684441302858,19.334031555869714,20.5,21.5
51.0,19.14238398068082,19.336815913844426,8.059306373575962,21.0,1,1.6631840861555744,19.336815913844426,20.5,21.5
52.0,19.1451673651594,19.339599947287333,8.060467837949215,21.0,1,1.6604000527126672,19.339599947287333,20.5,21.5
53.0,19.147950425253956,19.34238365624791,8.06162922045778,21.0,1,1.657616343752089,19.34238365624791,20.5,21.5
54.0,19.150733161012997,19.34516704077532,8.062790519529313,21.0,1,1.6548329592246809,19.34516704077532,20.5,21.5
55.0,19.1535155724847,19.347950100918382,8.063951733591585,21.0,1,1.652049899081618,19.347950100918382,20.5,21.5
56.0,19.156297659716923,19.3507328367256,8.06511286107248,21.0,1,1.6492671632743985,19.3507328367256,20.5,21.5
57.0,19.159079422757195,19.35351524824516,8.0662739004,21.0,1,1.6464847517548407,19.35351524824516,20.5,21.5
58.0,19.161860861652723,19.35629733552491,8.067434850002265,21.0,1,1.6437026644750894,19.35629733552491,20.5,21.5
59.0,19.164641976450394,19.35907909861239,8.068595708307518,21.0,1,1.6409209013876094,19.35907909861239,20.5,21.5
60.0,19.167422767196765,19.361860537554804,8.069756473744125,21.0,1,1.6381394624451957,19.361860537554804,20.5,21.5
61.0,19.170203233938075,19.364641652399037,8.070917144740578,21.0,1,1.6353583476009632,19.364641652399037,20.5,21.5
62.0,19.172983376720236,19.367422443191646,8.072077719725497,21.0,1,1.6325775568083536,19.367422443191646,20.5,21.5
63.0,19.175763195588836,19.370202909978865,8.073238197127631,21.0,1,1.6297970900211354,19.370202909978865,20.5,21.5
64.0,19.178542690589143,19.372983052806614,8.074398575375863,21.0,1,1.6270169471933862,19.372983052806614,20.5,21.5
65.0,19.1813218617661,19.37576287172048,8.075558852899208,21.0,1,1.6242371282795212,19.37576287172048,20.5,21.5
66.0,19.184100709164326,19.378542366765732,8.076719028126819,21.0,1,1.621457633234268,19.378542366765732,20.5,21.5
67.0,19.18687923282812,19.38132153798731,8.077879099487985,21.0,1,1.6186784620126886,19.38132153798731,20.5,21.5
68.0,19.18965743280145,19.384100385429832,8.079039065412141,21.0,1,1.6158996145701678,19.384100385429832,20.5,21.5
69.0,19.192435309127973,19.3868789091376,8.080198924328858,21.0,1,1.6131210908623999,19.3868789091376,20.5,21.5
70.0,19.19521286185101,19.38965710915458,8.081358674667857,21.0,1,1.6103428908454198,19.38965710915458,20.5,21.5
71.0,19.197990091013576,19.39243498552443,8.082518314859005,21.0,1,1.6075650144755684,19.39243498552443,20.5,21.5
72.0,19.200766996658345,19.395212538290476,8.083677843332316,21.0,1,1.604787461709524,19.395212538290476,20.5,21.5
73.0,19.20354357882768,19.397989767495723,8.084837258517956,21.0,1,1.602010232504277,19.397989767495723,20.5,21.5
74.0,19.20631983756362,19.40076667318285,8.085996558846244,21.0,1,1.5992333268171492,19.40076667318285,20.5,21.5
75.0,19.209095772907876,19.403543255394222,8.087155742747658,21.0,1,1.5964567446057778,19.403543255394222,20.5,21.5
76.0,19.211871384901844,19.406319514171877,8.08831480865283,21.0,1,1.5936804858281235,19.406319514171877,20.5,21.5
77.0,19.214646673586593,19.409095449557526,8.089473754992552,21.0,1,1.590904550442474,19.409095449557526,20.5,21.5
78.0,19.217421639002875,19.411871061592564,8.09063258019778,21.0,1,1.5881289384074364,19.411871061592564,20.5,21.5
79.0,19.220196281191114,19.414646350318062,8.091791282699631,21.0,1,1.585353649681938,19.414646350318062,20.5,21.5
80.0,19.222970600191417,19.41742131577477,8.092949860929393,21.0,1,1.5825786842252292,19.41742131577477,20.5,21.5
81.0,19.225744596043565,19.420195958003113,8.094108313318515,21.0,1,1.579804041996887,19.420195958003113,20.5,21.5
82.0,19.22851826878702,19.4229702770432,8.095266638298622,21.0,1,1.5770297229568015,19.4229702770432,20.5,21.5
83.0,19.231291618460922,19.42574427293481,8.09642483430151,21.0,1,1.5742557270651893,19.42574427293481,20.5,21.5
84.0,19.23406464510409,19.428517945717406,8.09758289975915,21.0,1,1.571482054282594,19.428517945717406,20.5,21.5
85.0,19.23683734875502,19.431291295430125,8.098740833103689,21.0,1,1.5687087045698753,19.431291295430125,20.5,21.5
86.0,19.23960972945189,19.434064322111787,8.09989863276745,21.0,1,1.5659356778882128,19.434064322111787,20.5,21.5
87.0,19.242381787232553,19.436837025800894,8.101056297182947,21.0,1,1.5631629741991055,19.436837025800894,20.5,21.5
88.0,19.245153522134544,19.43960940653562,8.102213824782863,21.0,1,1.5603905934643798,19.43960940653562,20.5,21.5
89.0,19.247924934195073,19.44238146435382,8.103371214000079,21.0,1,1.5576185356461814,19.44238146435382,20.5,21.5
90.0,19.250696023451034,19.44515319929302,8.104528463267654,21.0,1,1.5548468007069793,19.44515319929302,20.5,21.5
91.0,19.253466789938997,19.44792461139044,8.10568557101884,21.0,1,1.552075388609559,19.44792461139044,20.5,21.5
92.0,19.256237233695213,19.450695700682978,8.106842535687084,21.0,1,1.549304299317022,19.450695700682978,20.5,21.5
93.0,19.25900735475561,19.45346646720719,8.107999355706022,21.0,1,1.546533532792811,19.45346646720719,20.5,21.5
94.0,19.2617771531558,19.456236910999337,8.109156029509489,21.0,1,1.543763089000663,19.456236910999337,20.5,21.5
95.0,19.264546628931072,19.459007032095347,8.110312555531511,21.0,1,1.5409929679046535,19.459007032095347,20.5,21.5
96.0,19.26731578211639,19.461776830530823,8.111468932206325,21.0,1,1.5382231694691768,19.461776830530823,20.5,21.5
97.0,19.27008461274641,19.46454630634106,8.112625157968363,21.0,1,1.5354536936589405,19.46454630634106,20.5,21.5
98.0,19.272853120855455,19.46731545956103,8.113781231252261,21.0,1,1.5326845404389715,19.46731545956103,20.5,21.5
99.0,19.275621306477536,19.47008429022538,8.114937150492867,21.0,1,1.5299157097746203,19.47008429022538,20.5,21.5
100.0,19.27838916964634,19.47285279836843,8.11609291412523,21.0,1,1.5271472016315712,19.47285279836843,20.5,21.5
101.0,19.281156710395233,19.4756209840242,8.117248520584615,21.0,1,1.5243790159758,19.4756209840242,20.5,21.5
102.0,19.28392392875727,19.478388847226377,8.1184039683065,21.0,1,1.5216111527736231,19.478388847226377,20.5,21.5
103.0,19.28669082476518,19.481156388008323,8.119559255726575,21.0,1,1.5188436119916773,19.481156388008323,20.5,21.5
104.0,19.289457398451372,19.48392360640309,8.120714381280749,21.0,1,1.5160763935969115,19.48392360640309,20.5,21.5
105.0,19.292223649847937,19.486690502443412,8.121869343405148,21.0,1,1.5133094975565875,19.486690502443412,20.5,21.5
106.0,19.294989578986648,19.489457076161692,8.12302414053612,21.0,1,1.5105429238383081,19.489457076161692,20.5,21.5
107.0,19.297755185898957,19.49222332759003,8.124178771110241,21.0,1,1.507776672409971,19.49222332759003,20.5,21.5
108.0,19.300520470616,19.494989256760192,8.125333233564303,21.0,1,1.5050107432398079,19.494989256760192,20.5,21.5
109.0,19.30328543316859,19.497754863703637,8.126487526335337,21.0,1,1.502245136296363,19.497754863703637,20.5,21.5
110.0,19.306050073587222,19.500520148451493,8.127641647860594,21.0,1,1.4994798515485073,19.500520148451493,20.5,21.5
111.0,19.30881439190208,19.50328511103458,8.128795596577563,21.0,1,1.4967148889654212,19.50328511103458,20.5,21.5
112.0,19.311578388143015,19.506049751483395,8.129949370923963,21.0,1,1.4939502485166045,19.506049751483395,20.5,21.5
113.0,19.31434206233957,19.50881406982811,8.131102969337752,21.0,1,1.4911859301718913,19.50881406982811,20.5,21.5
114.0,19.31710541452097,19.511578066098586,8.132256390257123,21.0,1,1.4884219339014138,19.511578066098586,20.5,21.5
115.0,19.319868444716118,19.514341740324365,8.133409632120513,21.0,1,1.4856582596756347,19.514341740324365,20.5,21.5
116.0,19.322631152953598,19.51710509253467,8.134562693366599,21.0,1,1.4828949074653295,19.51710509253467,20.5,21.5
117.0,19.32539353926168,19.519868122758403,8.135715572434304,21.0,1,1.4801318772415968,19.519868122758403,20.5,21.5
118.0,19.328155603668314,19.522630831024152,8.136868267762797,21.0,1,1.477369168975848,19.522630831024152,20.5,21.5
119.0,19.330917346201133,19.525393217360183,8.138020777791494,21.0,1,1.4746067826398175,19.525393217360183,20.5,21.5
120.0,19.333678766887452,19.528155281794447,8.139173100960065,21.0,1,1.4718447182055527,19.528155281794447,20.5,21.5
121.0,19.336439865754265,19.530917024354583,8.140325235708431,21.0,1,1.4690829756454171,19.530917024354583,20.5,21.5
122.0,19.339200642828256,19.5336784450679,8.14147718047677,21.0,1,1.466321554932101,19.5336784450679,20.5,21.5
123.0,19.341961098135787,19.536439543961393,8.142628933705511,21.0,1,1.463560456038607,19.536439543961393,20.5,21.5
124.0,19.344721231702902,19.53920032106175,8.143780493835353,21.0,1,1.4607996789382511,19.53920032106175,20.5,21.5
125.0,19.34748104355533,19.541960776395324,8.144931859307247,21.0,1,1.4580392236046755,19.541960776395324,20.5,21.5
126.0,19.35024053371848,19.54472090998817,8.146083028562412,21.0,1,1.4552790900118318,19.54472090998817,20.5,21.5
127.0,19.35299970221745,19.54748072186601,8.147234000042332,21.0,1,1.452519278133991,19.54748072186601,20.5,21.5
128.0,19.355758549077013,19.550240212054256,8.148384772188757,21.0,1,1.4497597879457444,19.550240212054256,20.5,21.5
129.0,19.358517074321636,19.552999380578,8.14953534344371,21.0,1,1.447000619421999,19.552999380578,20.5,21.5
130.0,19.36127527797546,19.555758227462025,8.150685712249484,21.0,1,1.4442417725379748,19.555758227462025,20.5,21.5
131.0,19.364033160062313,19.55851675273079,8.151835877048645,21.0,1,1.4414832472692112,19.55851675273079,20.5,21.5
132.0,19.36679072060571,19.561274956408443,8.152985836284039,21.0,1,1.4387250435915568,19.561274956408443,20.5,21.5
133.0,19.369547959628846,19.56403283851881,8.154135588398784,21.0,1,1.4359671614811909,19.56403283851881,20.5,21.5
134.0,19.3723048771546,19.566790399085402,8.155285131836287,21.0,1,1.4332096009145978,19.566790399085402,20.5,21.5
135.0,19.375061473205538,19.569547638131418,8.156434465040231,21.0,1,1.430452361868582,19.569547638131418,20.5,21.5
136.0,19.377817747803906,19.57230455567974,8.157583586454585,21.0,1,1.4276954443202605,19.57230455567974,20.5,21.5
137.0,19.380573700971635,19.575061151752923,8.158732494523605,21.0,1,1.424938848247077,19.575061151752923,20.5,21.5
138.0,19.383329332730344,19.577817426373223,8.159881187691834,21.0,1,1.4221825736267775,19.577817426373223,20.5,21.5
139.0,19.386084643101338,19.580573379562566,8.161029664404113,21.0,1,1.4194266204374344,19.580573379562566,20.5,21.5
140.0,19.388839632105597,19.583329011342578,8.162177923105567,21.0,1,1.4166709886574225,19.583329011342578,20.5,21.5
141.0,19.391594299763796,19.586084321734553,8.163325962241622,21.0,1,1.4139156782654467,19.586084321734553,20.5,21.5
142.0,19.39434864609629,19.58883931075949,8.164473780258,21.0,1,1.4111606892405106,19.58883931075949,20.5,21.5
143.0,19.397102671123122,19.591593978438045,8.165621375600718,21.0,1,1.4084060215619552,19.591593978438045,20.5,21.5
144.0,19.39985637486402,19.59434832479058,8.166768746716102,21.0,1,1.4056516752094197,19.59434832479058,20.5,21.5
145.0,19.40260975733839,19.597102349837137,8.167915892050777,21.0,1,1.4028976501628634,19.597102349837137,20.5,21.5
146.0,19.405362818565333,19.599856053597446,8.169062810051674,21.0,1,1.4001439464025545,19.599856053597446,20.5,21.5
147.0,19.40811555856363,19.602609436090912,8.170209499166033,21.0,1,1.397390563909088,19.602609436090912,20.5,21.5
148.0,19.41086797735175,19.605362497336635,8.171355957841401,21.0,1,1.3946375026633646,19.605362497336635,20.5,21.5
149.0,19.413620074947847,19.608115237353402,8.172502184525642,21.0,1,1.3918847626465976,19.608115237353402,20.5,21.5
150.0,19.416371851369764,19.610867656159677,8.17364817766693,21.0,1,1.3891323438403234,19.610867656159677,20.5,21.5
151.0,19.419123306635022,19.613619753773616,8.174793935713756,21.0,1,1.3863802462263841,19.613619753773616,20.5,21.5
152.0,19.42187444076084,19.61637153021306,8.17593945711493,21.0,1,1.3836284697869417,19.61637153021306,20.5,21.5
153.0,19.42462525376411,19.61912298549553,8.177084740319584,21.0,1,1.3808770145044704,19.61912298549553,20.5,21.5
154.0,19.42737574566142,19.621874119638242,8.178229783777166,21.0,1,1.3781258803617575,19.621874119638242,20.5,21.5
155.0,19.43012591646904,19.6246249326581,8.179374585937458,21.0,1,1.3753750673418992,19.6246249326581,20.5,21.5
156.0,19.432875766202937,19.627375424571685,8.18051914525056,21.0,1,1.3726245754283148,19.627375424571685,20.5,21.5
157.0,19.435625294878747,19.630125595395267,8.181663460166908,21.0,1,1.369874404604733,19.630125595395267,20.5,21.5
158.0,19.438374502511806,19.63287544514481,8.18280752913726,21.0,1,1.3671245548551916,19.63287544514481,20.5,21.5
159.0,19.44112338911713,19.635624973835952,8.18395135061272,21.0,1,1.3643750261640477,19.635624973835952,20.5,21.5
160.0,19.44387195470943,19.63837418148403,8.185094923044714,21.0,1,1.3616258185159715,19.63837418148403,20.5,21.5
161.0,19.446620199303098,19.641123068104058,8.186238244885013,21.0,1,1.3588769318959422,19.641123068104058,20.5,21.5
162.0,19.449368122912215,19.643871633710752,8.187381314585725,21.0,1,1.3561283662892478,19.643871633710752,20.5,21.5
163.0,19.45211572555055,19.6466198783185,8.188524130599298,21.0,1,1.3533801216815,19.6466198783185,20.5,21.5
164.0,19.45486300723156,19.649367801941388,8.189666691378525,21.0,1,1.3506321980586122,19.649367801941388,20.5,21.5
165.0,19.457609967968388,19.65211540459318,8.190808995376544,21.0,1,1.3478845954068213,19.65211540459318,20.5,21.5
166.0,19.46035660777387,19.654862686287334,8.191951041046844,21.0,1,1.3451373137126659,19.654862686287334,20.5,21.5
167.0,19.463102926660525,19.657609647037,8.193092826843257,21.0,1,1.342390352963001,19.657609647037,20.5,21.5
168.0,19.46584892464056,19.660356286855,8.194234351219972,21.0,1,1.3396437131450014,19.660356286855,20.5,21.5
169.0,19.468594601725876,19.663102605753863,8.19537561263153,21.0,1,1.3368973942461366,19.663102605753863,20.5,21.5
170.0,19.471339957928055,19.665848603745797,8.19651660953283,21.0,1,1.334151396254203,19.665848603745797,20.5,21.5
171.0,19.474084993258376,19.6685942808427,8.197657340379125,21.0,1,1.3314057191572992,19.6685942808427,20.5,21.5
172.0,19.476829707727802,19.671339637056157,8.198797803626034,21.0,1,1.3286603629438432,19.671339637056157,20.5,21.5
173.0,19.47957410134698,19.67408467239744,8.199937997729533,21.0,1,1.3259153276025586,19.67408467239744,20.5,21.5
174.0,19.482318174126256,19.676829386877518,8.201077921145965,21.0,1,1.3231706131224819,19.676829386877518,20.5,21.5
175.0,19.48506192607566,19.679573780507038,8.202217572332039,21.0,1,1.320426219492962,19.679573780507038,20.5,21.5
176.0,19.48780535720491,19.682317853296347,8.20335694974483,21.0,1,1.3176821467036532,19.682317853296347,20.5,21.5
177.0,19.490548467523418,19.685061605255466,8.20449605184179,21.0,1,1.3149383947445337,19.685061605255466,20.5,21.5
178.0,19.49329125704028,19.687805036394128,8.205634877080739,21.0,1,1.3121949636058723,19.687805036394128,20.5,21.5
179.0,19.49603372576429,19.690548146721735,8.20677342391987,21.0,1,1.309451853278265,19.690548146721735,20.5,21.5
180.0,19.49877587370392,19.693290936247386,8.20791169081776,21.0,1,1.3067090637526135,19.693290936247386,20.5,21.5
181.0,19.501517700867343,19.696033404979875,8.209049676233356,21.0,1,1.3039665950201247,19.696033404979875,20.5,21.5
182.0,19.504259207262415,19.698775552927675,8.210187378625994,21.0,1,1.3012244470723253,19.698775552927675,20.5,21.5
183.0,19.507000392896686,19.701517380098956,8.211324796455388,21.0,1,1.2984826199010442,19.701517380098956,20.5,21.5
184.0,19.509741257777396,19.704258886501577,8.212461928181641,21.0,1,1.2957411134984227,19.704258886501577,20.5,21.5
185.0,19.512481801911477,19.70700007214309,8.21359877226524,21.0,1,1.2929999278569113,19.70700007214309,20.5,21.5
186.0,19.515222025305548,19.70974093703073,8.214735327167062,21.0,1,1.2902590629692696,19.70974093703073,20.5,21.5
187.0,19.51796192796592,19.71248148117143,8.21587159134838,21.0,1,1.2875185188285698,19.71248148117143,20.5,21.5
188.0,19.520701509898597,19.71522170457181,8.217007563270853,21.0,1,1.2847782954281897,19.71522170457181,20.5,21.5
189.0,19.52344077110927,19.717961607238188,8.218143241396543,21.0,1,1.2820383927618124,19.717961607238188,20.5,21.5
190.0,19.52617971160333,19.720701189176555,8.219278624187904,21.0,1,1.2792988108234447,19.720701189176555,20.5,21.5
191.0,19.528918331385846,19.723440450392612,8.220413710107792,21.0,1,1.2765595496073878,19.723440450392612,20.5,21.5
192.0,19.53165663046159,19.726179390891748,8.221548497619468,21.0,1,1.2738206091082525,19.726179390891748,20.5,21.5
193.0,19.534394608835022,19.72891801067903,8.22268298518659,21.0,1,1.2710819893209688,19.72891801067903,20.5,21.5
194.0,19.53713226651029,19.731656309759234,8.22381717127323,21.0,1,1.2683436902407657,19.731656309759234,20.5,21.5
195.0,19.539869603491244,19.734394288136816,8.224951054343865,21.0,1,1.2656057118631843,19.734394288136816,20.5,21.5
196.0,19.542606619781413,19.73713194581593,8.226084632863378,21.0,1,1.2628680541840716,19.73713194581593,20.5,21.5
197.0,19.54534331538403,19.73986928280042,8.22721790529707,21.0,1,1.26013071719958,19.73986928280042,20.5,21.5
198.0,19.548079690302014,19.742606299093815,8.228350870110656,21.0,1,1.257393700906185,19.742606299093815,20.5,21.5
199.0,19.550815744537974,19.745342994699353,8.229483525770263,21.0,1,1.254657005300647,19.745342994699353,20.5,21.5
200.0,19.55355147809422,19.74807936961995,8.23061587074244,21.0,1,1.2519206303800487,19.74807936961995,20.5,21.5
201.0,19.55628689097275,19.750815423858217,8.231747903494158,21.0,1,1.2491845761417828,19.750815423858217,20.5,21.5
202.0,19.559021983175253,19.75355115741646,8.232879622492806,21.0,1,1.2464488425835398,19.75355115741646,20.5,21.5
203.0,19.561756754703115,19.75628657029668,8.234011026206202,21.0,1,1.2437134297033197,19.75628657029668,20.5,21.5
204.0,19.564491205557417,19.75902166250057,8.23514211310259,21.0,1,1.2409783374994312,19.75902166250057,20.5,21.5
205.0,19.567225335738925,19.76175643402951,8.236272881650642,21.0,1,1.238243565970489,19.76175643402951,20.5,21.5
206.0,19.569959145248106,19.764490884884584,8.23740333031946,21.0,1,1.2355091151154163,19.764490884884584,20.5,21.5
207.0,19.57269263408512,19.767225015066554,8.238533457578582,21.0,1,1.232774984933446,19.767225015066554,20.5,21.5
208.0,19.575425802249818,19.769958824575895,8.239663261897977,21.0,1,1.2300411754241054,19.769958824575895,20.5,21.5
209.0,19.57815864974175,19.77269231341276,8.240792741748056,21.0,1,1.2273076865872383,19.77269231341276,20.5,21.5
210.0,19.58089117656015,19.775425481577006,8.241921895599667,21.0,1,1.224574518422994,19.775425481577006,20.5,21.5
211.0,19.58362338270396,19.778158329068177,8.2430507219241,21.0,1,1.2218416709318234,19.778158329068177,20.5,21.5
212.0,19.586355268171804,19.780890855885513,8.244179219193086,21.0,1,1.219109144114487,19.780890855885513,20.5,21.5
213.0,19.589086832962007,19.78362306202795,8.245307385878803,21.0,1,1.2163769379720506,19.78362306202795,20.5,21.5
214.0,19.591818077072592,19.786354947494118,8.246435220453877,21.0,1,1.213645052505882,19.786354947494118,20.5,21.5
215.0,19.594549000501267,19.789086512282342,8.247562721391386,21.0,1,1.210913487717658,19.789086512282342,20.5,21.5
216.0,19.597279603245447,19.79181775639064,8.248689887164854,21.0,1,1.208182243609361,19.79181775639064,20.5,21.5
217.0,19.60000988530223,19.794548679816725,8.249816716248265,21.0,1,1.2054513201832755,19.794548679816725,20.5,21.5
218.0,19.60273984666842,19.79727928255801,8.250943207116054,21.0,1,1.2027207174419914,19.79727928255801,20.5,21.5
219.0,19.60546948734051,19.800009564611592,8.252069358243114,21.0,1,1.1999904353884077,19.800009564611592,20.5,21.5
220.0,19.60819880731469,19.802739525974278,8.253195168104801,21.0,1,1.1972604740257218,19.802739525974278,20.5,21.5
221.0,19.610927806586847,19.80546916664256,8.254320635176933,21.0,1,1.1945308333574403,19.80546916664256,20.5,21.5
222.0,19.613656485152564,19.808198486612625,8.25544575793579,21.0,1,1.1918015133873752,19.808198486612625,20.5,21.5
223.0,19.616384843007122,19.810927485880367,8.256570534858119,21.0,1,1.1890725141196334,19.810927485880367,20.5,21.5
224.0,19.619112880145494,19.813656164441362,8.257694964421134,21.0,1,1.1863438355586382,19.813656164441362,20.5,21.5
225.0,19.62184059656235,19.816384522290896,8.25881904510252,21.0,1,1.183615477709104,19.816384522290896,20.5,21.5
226.0,19.624567992252057,19.819112559423935,8.259942775380438,21.0,1,1.1808874405760648,19.819112559423935,20.5,21.5
227.0,19.62729506720868,19.82184027583516,8.261066153733516,21.0,1,1.1781597241648392,19.82184027583516,20.5,21.5
228.0,19.630021821425988,19.824567671518935,8.262189178640865,21.0,1,1.1754323284810653,19.824567671518935,20.5,21.5
229.0,19.632748254897432,19.827294746469324,8.26331184858207,21.0,1,1.1727052535306761,19.827294746469324,20.5,21.5
230.0,19.63547436761617,19.830021500680086,8.264434162037203,21.0,1,1.1699784993199138,19.830021500680086,20.5,21.5
231.0,19.638200159575053,19.832747934144685,8.265556117486808,21.0,1,1.1672520658553154,19.832747934144685,20.5,21.5
232.0,19.640925630766635,19.835474046856277,8.266677713411926,21.0,1,1.1645259531437233,19.835474046856277,20.5,21.5
233.0,19.643650781183165,19.838199838807714,8.267798948294075,21.0,1,1.1618001611922857,19.838199838807714,20.5,21.5
234.0,19.646375610816587,19.84092530999154,8.268919820615265,21.0,1,1.1590746900084596,19.84092530999154,20.5,21.5
235.0,19.64910011965855,19.843650460400017,8.270040328858,21.0,1,1.156349539599983,19.843650460400017,20.5,21.5
236.0,19.651824307700387,19.846375290025083,8.271160471505274,21.0,1,1.1536247099749168,19.846375290025083,20.5,21.5
237.0,19.654548174933147,19.849099798858383,8.272280247040575,21.0,1,1.1509002011416172,19.849099798858383,20.5,21.5
238.0,19.65727172134757,19.851823986891265,8.273399653947887,21.0,1,1.1481760131087348,19.851823986891265,20.5,21.5
239.0,19.65999494693409,19.854547854114763,8.274518690711702,21.0,1,1.145452145885237,19.854547854114763,20.5,21.5
240.0,19.662717851682846,19.857271400519625,8.275637355816999,21.0,1,1.1427285994803746,19.857271400519625,20.5,21.5
241.0,19.665440435583672,19.859994626096285,8.276755647749273,21.0,1,1.1400053739037155,19.859994626096285,20.5,21.5
242.0,19.668162698626105,19.86271753083488,8.277873564994515,21.0,1,1.1372824691651218,19.86271753083488,20.5,21.5
243.0,19.67088464079938,19.86544011472524,8.278991106039228,21.0,1,1.1345598852747614,19.86544011472524,20.5,21.5
244.0,19.673606262092427,19.868162377756903,8.280108269370427,21.0,1,1.131837622243097,19.868162377756903,20.5,21.5
245.0,19.67632756249388,19.87088431991911,8.28122505347563,21.0,1,1.12911568008089,19.87088431991911,20.5,21.5
246.0,19.679048541992078,19.873605941200793,8.282341456842877,21.0,1,1.1263940587992067,19.873605941200793,20.5,21.5
247.0,19.681769200575047,19.87632724159058,8.283457477960717,21.0,1,1.1236727584094197,19.87632724159058,20.5,21.5
248.0,19.684489538230526,19.87904822107681,8.284573115318219,21.0,1,1.1209517789231889,19.87904822107681,20.5,21.5
249.0,19.687209554945944,19.881768879647517,8.285688367404973,21.0,1,1.1182311203524833,19.881768879647517,20.5,21.5
250.0,19.689929250708435,19.884489217290426,8.28680323271109,21.0,1,1.115510782709574,19.884489217290426,20.5,21.5
251.0,19.692648625504834,19.887209233992976,8.287917709727203,21.0,1,1.1127907660070235,19.887209233992976,20.5,21.5
252.0,19.695367679321677,19.889928929742304,8.289031796944471,21.0,1,1.1100710702576961,19.889928929742304,20.5,21.5
253.0,19.6980864121452,19.89264830452524,8.290145492854583,21.0,1,1.1073516954747618,19.89264830452524,20.5,21.5
254.0,19.700804823961345,19.895367358328322,8.291258795949755,21.0,1,1.104632641671678,19.895367358328322,20.5,21.5
255.0,19.703522914755744,19.89808609113778,8.292371704722736,21.0,1,1.101913908862219,19.89808609113778,20.5,21.5
256.0,19.706240684513737,19.90080450293956,8.29348421766681,21.0,1,1.099195497060439,19.90080450293956,20.5,21.5
257.0,19.708958133220367,19.9035225937193,8.294596333275795,21.0,1,1.0964774062807017,19.9035225937193,20.5,21.5
258.0,19.71167526086038,19.906240363462334,8.295708050044047,21.0,1,1.0937596365376656,19.906240363462334,20.5,21.5
259.0,19.714392067418213,19.908957812153705,8.296819366466464,21.0,1,1.0910421878462948,19.908957812153705,20.5,21.5
260.0,19.717108552878024,19.91167493977816,8.297930281038482,21.0,1,1.088325060221841,19.91167493977816,20.5,21.5
261.0,19.719824717223656,19.914391746320142,8.299040792256086,21.0,1,1.0856082536798581,19.914391746320142,20.5,21.5
262.0,19.722540560438663,19.9171082317638,8.300150898615806,21.0,1,1.0828917682361983,19.9171082317638,20.5,21.5
263.0,19.7252560825063,19.919824396092984,8.301260598614716,21.0,1,1.0801756039070156,19.919824396092984,20.5,21.5
264.0,19.72797128340952,19.922540239291248,8.302369890750445,21.0,1,1.0774597607087522,19.922540239291248,20.5,21.5
265.0,19.730686163130986,19.92525576134184,8.30347877352117,21.0,1,1.074744238658159,19.92525576134184,20.5,21.5
266.0,19.733400721653066,19.92797096222772,8.304587245425628,21.0,1,1.0720290377722783,19.92797096222772,20.5,21.5
267.0,19.73611495895782,19.930685841931552,8.305695304963105,21.0,1,1.0693141580684475,19.930685841931552,20.5,21.5
268.0,19.73882887502702,19.933400400435694,8.306802950633452,21.0,1,1.0665995995643058,19.933400400435694,20.5,21.5
269.0,19.74154246984214,19.93611463772222,8.307910180937077,21.0,1,1.0638853622777802,19.93611463772222,20.5,21.5
270.0,19.74425574338436,19.938828553772893,8.309016994374947,21.0,1,1.0611714462271067,19.938828553772893,20.5,21.5
271.0,19.74696869563456,19.94154214856919,8.310123389448602,21.0,1,1.0584578514308092,19.94154214856919,20.5,21.5
272.0,19.749681326573324,19.944255422092294,8.31122936466014,21.0,1,1.0557445779077064,19.944255422092294,20.5,21.5
273.0,19.75239363618094,19.94696837432308,8.312334918512233,21.0,1,1.053031625676919,19.94696837432308,20.5,21.5
274.0,19.755105624437405,19.949681005242134,8.31344004950812,21.0,1,1.0503189947578662,19.949681005242134,20.5,21.5
275.0,19.757817291322418,19.95239331482974,8.314544756151614,21.0,1,1.0476066851702583,19.95239331482974,20.5,21.5
276.0,19.760528636815383,19.95510530306591,8.315649036947102,21.0,1,1.0448946969340902,19.95510530306591,20.5,21.5
277.0,19.763239660895408,19.957816969930327,8.316752890399549,21.0,1,1.0421830300696726,19.957816969930327,20.5,21.5
278.0,19.765950363541307,19.9605283154024,8.317856315014497,21.0,1,1.0394716845976006,19.9605283154024,20.5,21.5
279.0,19.7686607447316,19.96323933946124,8.31895930929807,21.0,1,1.0367606605387607,19.96323933946124,20.5,21.5
280.0,19.771370804444516,19.96595004208566,8.320061871756971,21.0,1,1.0340499579143412,19.96595004208566,20.5,21.5
281.0,19.774080542657977,19.96866042325418,8.321164000898493,21.0,1,1.0313395767458218,19.96866042325418,20.5,21.5
282.0,19.776789959349625,19.971370482945023,8.322265695230511,21.0,1,1.028629517054977,19.971370482945023,20.5,21.5
283.0,19.7794990544968,19.97408022113612,8.323366953261491,21.0,1,1.02591977886388,19.97408022113612,20.5,21.5
284.0,19.78220782807655,19.97678963780511,8.32446777350049,21.0,1,1.0232103621948916,19.97678963780511,20.5,21.5
285.0,19.784916280065637,19.979498732929333,8.325568154457157,21.0,1,1.0205012670706672,19.979498732929333,20.5,21.5
286.0,19.787624410440515,19.982207506485842,8.326668094641734,21.0,1,1.0177924935141576,19.982207506485842,20.5,21.5
287.0,19.790332219177355,19.98491595845139,8.327767592565063,21.0,1,1.0150840415486115,19.98491595845139,20.5,21.5
288.0,19.79303970625203,19.987624088802434,8.328866646738582,21.0,1,1.0123759111975659,19.987624088802434,20.5,21.5
289.0,19.79574687164013,19.990331897515148,8.329965255674335,21.0,1,1.0096681024848522,19.990331897515148,20.5,21.5
290.0,19.79845371531694,19.99303938456541,8.331063417884959,21.0,1,1.0069606154345898,19.99303938456541,20.5,21.5
291.0,19.801160237257452,19.995746549928796,8.332161131883703,21.0,1,1.0042534500712037,19.995746549928796,20.5,21.5
292.0,19.803866437436376,19.998453393580597,8.333258396184425,21.0,1,1.001546606419403,19.998453393580597,20.5,21.5
293.0,19.806572315828127,20.001159915495816,8.334355209301583,21.0,1,0.9988400845041845,20.001159915495816,20.5,21.5
294.0,19.80927787240682,20.003866115649153,8.335451569750255,21.0,1,0.9961338843508472,20.003866115649153,20.5,21.5
295.0,19.81198310714629,20.006571994015022,8.336547476046126,21.0,1,0.9934280059849776,20.006571994015022,20.5,21.5
296.0,19.81468802002007,20.009277550567546,8.337642926705499,21.0,1,0.9907224494324538,20.009277550567546,20.5,21.5
297.0,19.81739261100141,20.011982785280555,8.338737920245292,21.0,1,0.988017214719445,20.011982785280555,20.5,21.5
298.0,19.820096880063257,20.01468769812758,8.339832455183041,21.0,1,0.985312301872419,20.01468769812758,20.5,21.5
299.0,19.82280082717828,20.017392289081876,8.340926530036906,21.0,1,0.9826077109181242,20.017392289081876,20.5,21.5
300.0,19.825504452318853,20.020096558116386,8.34202014332567,21.0,1,0.9799034418836143,20.020096558116386,20.5,21.5
301.0,19.828207755457054,20.022800505203783,8.343113293568734,21.0,1,0.977199494796217,20.022800505203783,20.5,21.5
302.0,19.830910736564675,20.02550413031644,8.344205979286135,21.0,1,0.9744958696835617,20.02550413031644,20.5,21.5
303.0,19.83361339561322,20.028207433426427,8.345298198998535,21.0,1,0.9717925665735727,20.028207433426427,20.5,21.5
304.0,19.836315732573897,20.030910414505552,8.346389951227225,21.0,1,0.9690895854944479,20.030910414505552,20.5,21.5
305.0,19.83901774741763,20.03361307352531,8.347481234494131,21.0,1,0.9663869264746907,20.03361307352531,20.5,21.5
306.0,19.841719440115043,20.036315410456904,8.348572047321815,21.0,1,0.9636845895430959,20.036315410456904,20.5,21.5
307.0,19.844420810636485,20.039017425271265,8.349662388233474,21.0,1,0.9609825747287353,20.039017425271265,20.5,21.5
308.0,19.847121858952004,20.041719117939024,8.350752255752944,21.0,1,0.9582808820609756,20.041719117939024,20.5,21.5
309.0,19.849822585031365,20.044420488430518,8.351841648404703,21.0,1,0.9555795115694821,20.044420488430518,20.5,21.5
310.0,19.85252298884404,20.0471215367158,8.35293056471387,21.0,1,0.9528784632842004,20.0471215367158,20.5,21.5
311.0,19.855223070359212,20.04982226276463,8.35401900320621,21.0,1,0.9501777372353715,20.04982226276463,20.5,21.5
312.0,19.85792282954578,20.052522666546487,8.355106962408136,21.0,1,0.9474773334535129,20.052522666546487,20.5,21.5
313.0,19.860622266372353,20.05522274803056,8.35619444084671,21.0,1,0.9447772519694411,20.05522274803056,20.5,21.5
314.0,19.863321380807246,20.057922507185737,8.357281437049643,21.0,1,0.9420774928142635,20.057922507185737,20.5,21.5
315.0,19.866020172818494,20.060621943980628,8.3583679495453,21.0,1,0.9393780560193719,20.060621943980628,20.5,21.5
316.0,19.86871864237384,20.063321058383554,8.3594539768627,21.0,1,0.9366789416164458,20.063321058383554,20.5,21.5
317.0,19.871416789440737,20.066019850362544,8.36053951753152,21.0,1,0.9339801496374562,20.066019850362544,20.5,21.5
318.0,19.874114613986354,20.068718319885345,8.361624570082093,21.0,1,0.9312816801146546,20.068718319885345,20.5,21.5
319.0,19.87681211597757,20.071416466919413,8.362709133045417,21.0,1,0.9285835330805874,20.071416466919413,20.5,21.5
320.0,19.879509295380984,20.07411429143191,8.36379320495315,21.0,1,0.9258857085680887,20.07411429143191,20.5,21.5
321.0,19.882206152162897,20.076811793389723,8.36487678433762,21.0,1,0.923188206610277,20.076811793389723,20.5,21.5
322.0,19.884902686289333,20.079508972759445,8.365959869731812,21.0,1,0.9204910272405549,20.079508972759445,20.5,21.5
323.0,19.887598897726022,20.08220582950738,8.367042459669388,21.0,1,0.9177941704926198,20.08220582950738,20.5,21.5
324.0,19.89029478643841,20.084902363599547,8.368124552684678,21.0,1,0.9150976364004535,20.084902363599547,20.5,21.5
325.0,19.89299035239166,20.087598575001678,8.369206147312685,21.0,1,0.9124014249983219,20.087598575001678,20.5,21.5
326.0,19.895685595550646,20.09029446367923,8.370287242089086,21.0,1,0.9097055363207716,20.09029446367923,20.5,21.5
327.0,19.898380515879953,20.092990029597352,8.371367835550235,21.0,1,0.9070099704026475,20.092990029597352,20.5,21.5
328.0,19.901075113343886,20.095685272720925,8.372447926233166,21.0,1,0.9043147272790755,20.095685272720925,20.5,21.5
329.0,19.903769387906465,20.09838019301454,8.373527512675594,21.0,1,0.9016198069854617,20.09838019301454,20.5,21.5
330.0,19.90646333953142,20.10107479044249,8.374606593415912,21.0,1,0.8989252095575111,20.10107479044249,20.5,21.5
331.0,19.9091569681822,20.103769064968795,8.375685166993204,21.0,1,0.8962309350312054,20.103769064968795,20.5,21.5
332.0,19.911850273821962,20.106463016557196,8.376763231947237,21.0,1,0.8935369834428037,20.106463016557196,20.5,21.5
333.0,19.914543256413587,20.109156645171137,8.377840786818467,21.0,1,0.8908433548288635,20.109156645171137,20.5,21.5
334.0,19.91723591591967,20.111849950773777,8.37891783014804,21.0,1,0.8881500492262226,20.111849950773777,20.5,21.5
335.0,19.919928252302515,20.114542933327996,8.379994360477799,21.0,1,0.8854570666720036,20.114542933327996,20.5,21.5
336.0,19.922620265524152,20.117235592796384,8.381070376350275,21.0,1,0.8827644072036165,20.117235592796384,20.5,21.5
337.0,19.925311955546317,20.11992792914126,8.382145876308698,21.0,1,0.8800720708587413,20.11992792914126,20.5,21.5
338.0,19.92800332233047,20.122619942324636,8.383220858896998,21.0,1,0.8773800576753636,20.122619942324636,20.5,21.5
339.0,19.93069436583778,20.12531163230826,8.384295322659804,21.0,1,0.8746883676917392,20.12531163230826,20.5,21.5
340.0,19.933385086029144,20.128002999053585,8.385369266142447,21.0,1,0.8719970009464149,20.128002999053585,20.5,21.5
341.0,19.936075482865167,20.13069404252179,8.386442687890968,21.0,1,0.8693059574782112,20.13069404252179,20.5,21.5
342.0,19.938765556306173,20.133384762673764,8.387515586452103,21.0,1,0.8666152373262364,20.133384762673764,20.5,21.5
343.0,19.941455306312204,20.136075159470106,8.388587960373307,21.0,1,0.8639248405298936,20.136075159470106,20.5,21.5
344.0,19.944144732843014,20.138765232871155,8.389659808202738,21.0,1,0.8612347671288454,20.138765232871155,20.5,21.5
345.0,19.946833835858087,20.141454982836944,8.390731128489273,21.0,1,0.8585450171630562,20.141454982836944,20.5,21.5
346.0,19.949522615316614,20.144144409327232,8.391801919782498,21.0,1,0.8558555906727676,20.144144409327232,20.5,21.5
347.0,19.95221107117751,20.1468335123015,8.392872180632716,21.0,1,0.8531664876984983,20.1468335123015,20.5,21.5
348.0,19.9548992033994,20.149522291718938,8.393941909590952,21.0,1,0.850477708281062,20.149522291718938,20.5,21.5
349.0,19.95758701194064,20.15221074753846,8.395011105208942,21.0,1,0.8477892524615385,20.15221074753846,20.5,21.5
350.0,19.960274496759293,20.154898879718704,8.396079766039156,21.0,1,0.8451011202812957,20.154898879718704,20.5,21.5
351.0,19.96296165781315,20.15758668821801,8.39714789063478,21.0,1,0.8424133117819892,20.15758668821801,20.5,21.5
352.0,19.965648495059714,20.160274172994452,8.398215477549728,21.0,1,0.8397258270055481,20.160274172994452,20.5,21.5
353.0,19.96833500845621,20.162961334005814,8.399282525338643,21.0,1,0.8370386659941857,20.162961334005814,20.5,21.5
354.0,19.971021197959587,20.165648171209604,8.400349032556894,21.0,1,0.8343518287903962,20.165648171209604,20.5,21.5
355.0,19.973707063526508,20.168334684563046,8.40141499776059,21.0,1,0.831665315436954,20.168334684563046,20.5,21.5
356.0,19.976392605113354,20.17102087402309,8.402480419506563,21.0,1,0.828979125976911,20.17102087402309,20.5,21.5
357.0,19.97907782267623,20.173706739546393,8.403545296352391,21.0,1,0.8262932604536068,20.173706739546393,20.5,21.5
358.0,19.981762716170966,20.176392281089342,8.40460962685638,21.0,1,0.8236077189106581,20.176392281089342,20.5,21.5
359.0,19.984447285553102,20.179077498608045,8.405673409577586,21.0,1,0.820922501391955,20.179077498608045,20.5,21.5
360.0,19.98713153077791,20.181762392058324,8.406736643075801,21.0,1,0.8182376079416755,20.181762392058324,20.5,21.5
361.0,19.989815451800368,20.18444696139573,8.407799325911556,21.0,1,0.8155530386042713,20.18444696139573,20.5,21.5
362.0,19.99249904857519,20.187131206575522,8.408861456646138,21.0,1,0.812868793424478,20.187131206575522,20.5,21.5
363.0,19.995182321056806,20.189815127552688,8.409923033841572,21.0,1,0.8101848724473122,20.189815127552688,20.5,21.5
364.0,19.997865269199362,20.19249872428194,8.41098405606064,21.0,1,0.8075012757180602,20.19249872428194,20.5,21.5
365.0,20.000547892956735,20.195181996717707,8.412044521866868,21.0,1,0.8048180032822927,20.195181996717707,20.5,21.5
366.0,20.00323019228252,20.197864944814135,8.413104429824541,21.0,1,0.8021350551858646,20.197864944814135,20.5,21.5
367.0,20.005912167130028,20.200547568525103,8.414163778498699,21.0,1,0.7994524314748972,20.200547568525103,20.5,21.5
368.0,20.0085938174523,20.203229867804204,8.415222566455133,21.0,1,0.7967701321957961,20.203229867804204,20.5,21.5
369.0,20.011275143202102,20.205911842604753,8.416280792260402,21.0,1,0.7940881573952474,20.205911842604753,20.5,21.5
370.0,20.013956144331914,20.20859349287979,8.417338454481818,21.0,1,0.791406507120211,20.20859349287979,20.5,21.5
371.0,20.016636820793945,20.211274818582076,8.418395551687462,21.0,1,0.7887251814179237,20.211274818582076,20.5,21.5
372.0,20.019317172540124,20.213955819664093,8.419452082446178,21.0,1,0.7860441803359066,20.213955819664093,20.5,21.5
373.0,20.021997199522104,20.216636496078056,8.420508045327574,21.0,1,0.7833635039219438,20.216636496078056,20.5,21.5
374.0,20.024676901691265,20.21931684777589,8.421563438902032,21.0,1,0.7806831522241104,20.21931684777589,20.5,21.5
375.0,20.027356278998706,20.221996874709248,8.4226182617407,21.0,1,0.778003125290752,20.221996874709248,20.5,21.5
376.0,20.030035331395254,20.224676576829513,8.423672512415502,21.0,1,0.7753234231704873,20.224676576829513,20.5,21.5
377.0,20.03271405883146,20.227355954087777,8.424726189499134,21.0,1,0.772644045912223,20.227355954087777,20.5,21.5
378.0,20.035392461257594,20.230035006434875,8.425779291565073,21.0,1,0.7699649935651252,20.230035006434875,20.5,21.5
379.0,20.038070538623654,20.232713733821353,8.42683181718757,21.0,1,0.7672862661786475,20.232713733821353,20.5,21.5
380.0,20.040748290879367,20.235392136197486,8.427883764941654,21.0,1,0.7646078638025138,20.235392136197486,20.5,21.5
381.0,20.04342571797418,20.23807021351327,8.428935133403145,21.0,1,0.7619297864867285,20.23807021351327,20.5,21.5
382.0,20.046102819857268,20.240747965718434,8.429985921148642,21.0,1,0.7592520342815661,20.240747965718434,20.5,21.5
383.0,20.048779596477527,20.24342539276242,8.43103612675553,21.0,1,0.7565746072375816,20.24342539276242,20.5,21.5
384.0,20.05145604778358,20.246102494594403,8.432085748801983,21.0,1,0.7538975054055967,20.246102494594403,20.5,21.5
385.0,20.054132173723787,20.248779271163286,8.433134785866963,21.0,1,0.7512207288367136,20.248779271163286,20.5,21.5
386.0,20.056807974246215,20.251455722417695,8.434183236530227,21.0,1,0.7485442775823046,20.251455722417695,20.5,21.5
387.0,20.05948344929867,20.254131848305974,8.435231099372327,21.0,1,0.745868151694026,20.254131848305974,20.5,21.5
388.0,20.062158598828685,20.256807648776203,8.436278372974607,21.0,1,0.7431923512237972,20.256807648776203,20.5,21.5
389.0,20.064833422783515,20.25948312377619,8.437325055919208,21.0,1,0.7405168762238112,20.25948312377619,20.5,21.5
390.0,20.067507921110142,20.26215827325346,8.438371146789077,21.0,1,0.7378417267465416,20.26215827325346,20.5,21.5
391.0,20.070182093755278,20.26483309715527,8.439416644167956,21.0,1,0.7351669028447283,20.26483309715527,20.5,21.5
392.0,20.07285594066536,20.26750759542861,8.440461546640394,21.0,1,0.7324924045713885,20.26750759542861,20.5,21.5
393.0,20.075529461786555,20.270181768020187,8.441505852791746,21.0,1,0.729818231979813,20.270181768020187,20.5,21.5
394.0,20.078202657064757,20.272855614876438,8.44254956120817,21.0,1,0.7271443851235624,20.272855614876438,20.5,21.5
395.0,20.080875526445585,20.275529135943525,8.443592670476637,21.0,1,0.7244708640564745,20.275529135943525,20.5,21.5
396.0,20.08354806987439,20.278202331167346,8.444635179184928,21.0,1,0.7217976688326537,20.278202331167346,20.5,21.5
397.0,20.08622028729625,20.280875200493522,8.445677085921638,21.0,1,0.7191247995064778,20.280875200493522,20.5,21.5
398.0,20.088892178655975,20.283547743867405,8.446718389276176,21.0,1,0.7164522561325946,20.283547743867405,20.5,21.5
399.0,20.0915637438981,20.286219961234075,8.44775908783877,21.0,1,0.7137800387659254,20.286219961234075,20.5,21.5
400.0,20.09423498296689,20.288891852538335,8.448799180200462,21.0,1,0.7111081474616654,20.288891852538335,20.5,21.5
401.0,20.096905895806334,20.291563417724724,8.44983866495312,21.0,1,0.7084365822752758,20.291563417724724,20.5,21.5
402.0,20.099576482360163,20.29423465673751,8.450877540689431,21.0,1,0.7057653432624917,20.29423465673751,20.5,21.5
403.0,20.10224674257183,20.29690556952068,8.451915806002908,21.0,1,0.7030944304793216,20.29690556952068,20.5,21.5
404.0,20.104916676384516,20.29957615601796,8.45295345948789,21.0,1,0.7004238439820405,20.29957615601796,20.5,21.5
405.0,20.107586283741135,20.30224641617281,8.453990499739547,21.0,1,0.6977535838271898,20.30224641617281,20.5,21.5
406.0,20.110255564584335,20.304916349928412,8.455026925353874,21.0,1,0.695083650071588,20.304916349928412,20.5,21.5
407.0,20.112924518856488,20.307585957227676,8.456062734927702,21.0,1,0.6924140427723238,20.307585957227676,20.5,21.5
408.0,20.1155931464997,20.310255238013248,8.457097927058694,21.0,1,0.689744761986752,20.310255238013248,20.5,21.5
409.0,20.118261447455815,20.312924192227506,8.458132500345352,21.0,1,0.6870758077724943,20.312924192227506,20.5,21.5
410.0,20.120929421666393,20.315592819812558,8.459166453387011,21.0,1,0.6844071801874421,20.315592819812558,20.5,21.5
411.0,20.123597069072737,20.31826112071024,8.460199784783851,21.0,1,0.6817388792897603,20.31826112071024,20.5,21.5
412.0,20.12626438961588,20.320929094862116,8.46123249313689,21.0,1,0.679070905137884,20.320929094862116,20.5,21.5
413.0,20.128931383236583,20.323596742209492,8.462264577047991,21.0,1,0.6764032577905077,20.323596742209492,20.5,21.5
414.0,20.131598049875347,20.326264062693397,8.463296035119862,21.0,1,0.6737359373066028,20.326264062693397,20.5,21.5
415.0,20.134264389472396,20.328931056254596,8.464326865956057,21.0,1,0.6710689437454036,20.328931056254596,20.5,21.5
416.0,20.136930401967692,20.33159772283359,8.465357068160982,21.0,1,0.6684022771664111,20.33159772283359,20.5,21.5
417.0,20.13959608730093,20.3342640623706,8.466386640339891,21.0,1,0.6657359376293996,20.3342640623706,20.5,21.5
418.0,20.14226144541154,20.336930074805593,8.467415581098894,21.0,1,0.6630699251944066,20.336930074805593,20.5,21.5
419.0,20.144926476238677,20.33959576007826,8.468443889044954,21.0,1,0.6604042399217391,20.33959576007826,20.5,21.5
420.0,20.14759117972124,20.34226111812803,8.469471562785891,21.0,1,0.6577388818719712,20.34226111812803,20.5,21.5
421.0,20.15025555579785,20.344926148894057,8.470498600930384,21.0,1,0.6550738511059429,20.344926148894057,20.5,21.5
422.0,20.15291960440688,20.347590852315246,8.47152500208797,21.0,1,0.6524091476847538,20.347590852315246,20.5,21.5
423.0,20.155583325486415,20.350255228330223,8.472550764869053,21.0,1,0.6497447716697771,20.350255228330223,20.5,21.5
424.0,20.15824671897429,20.352919276877344,8.4735758878849,21.0,1,0.6470807231226559,20.352919276877344,20.5,21.5
425.0,20.160909784808073,20.35558299789471,8.474600369747641,21.0,1,0.6444170021052891,20.35558299789471,20.5,21.5
426.0,20.16357252292506,20.358246391320154,8.475624209070276,21.0,1,0.6417536086798457,20.358246391320154,20.5,21.5
427.0,20.16623493326229,20.360909457091235,8.476647404466675,21.0,1,0.6390905429087645,20.360909457091235,20.5,21.5
428.0,20.16889701575653,20.36357219514526,8.47766995455158,21.0,1,0.6364278048547405,20.36357219514526,20.5,21.5
429.0,20.17155877034429,20.36623460541926,8.478691857940607,21.0,1,0.6337653945807418,20.36623460541926,20.5,21.5
430.0,20.17422019696181,20.368896687850004,8.479713113250247,21.0,1,0.631103312149996,20.368896687850004,20.5,21.5
431.0,20.176881295545066,20.371558442374003,8.480733719097866,21.0,1,0.6284415576259974,20.371558442374003,20.5,21.5
432.0,20.179542066029775,20.3742198689275,8.481753674101714,21.0,1,0.6257801310724993,20.3742198689275,20.5,21.5
433.0,20.182202508351388,20.37688096744647,8.482772976880922,21.0,1,0.6231190325535287,20.37688096744647,20.5,21.5
434.0,20.184862622445095,20.37954173786663,8.483791626055496,21.0,1,0.6204582621333685,20.37954173786663,20.5,21.5
435.0,20.18752240824582,20.382202180123432,8.484809620246336,21.0,1,0.6177978198765679,20.382202180123432,20.5,21.5
436.0,20.19018186568822,20.384862294152065,8.485826958075227,21.0,1,0.6151377058479355,20.384862294152065,20.5,21.5
437.0,20.1928409947067,20.38752207988745,8.486843638164839,21.0,1,0.6124779201125499,20.38752207988745,20.5,21.5
438.0,20.195499795235392,20.39018153726425,8.487859659138733,21.0,1,0.609818462735749,20.39018153726425,20.5,21.5
439.0,20.19815826720817,20.392840666216866,8.488875019621366,21.0,1,0.6071593337831338,20.392840666216866,20.5,21.5
440.0,20.200816410558655,20.395499466679432,8.489889718238087,21.0,1,0.604500533320568,20.395499466679432,20.5,21.5
441.0,20.20347422522019,20.39815793858583,8.490903753615141,21.0,1,0.6018420614141711,20.39815793858583,20.5,21.5
442.0,20.20613171112587,20.40081608186966,8.49191712437967,21.0,1,0.5991839181303398,20.40081608186966,20.5,21.5
443.0,20.208788868208522,20.403473896464284,8.492929829159719,21.0,1,0.5965261035357159,20.403473896464284,20.5,21.5
444.0,20.211445696400713,20.406131382302796,8.493941866584231,21.0,1,0.5938686176972041,20.406131382302796,20.5,21.5
445.0,20.214102195634748,20.40878853931801,8.494953235283054,21.0,1,0.5912114606819898,20.40878853931801,20.5,21.5
446.0,20.21675836584268,20.411445367442507,8.495963933886943,21.0,1,0.5885546325574929,20.411445367442507,20.5,21.5
447.0,20.219414206956287,20.414101866608593,8.496973961027555,21.0,1,0.5858981333914066,20.414101866608593,20.5,21.5
448.0,20.2220697189071,20.41675803674831,8.497983315337464,21.0,1,0.583241963251691,20.41675803674831,20.5,21.5
449.0,20.224724901626388,20.419413877793442,8.498991995450147,21.0,1,0.580586122206558,20.419413877793442,20.5,21.5
450.0,20.227379755045153,20.42206938967552,8.5,21.0,1,0.5779306103244792,20.42206938967552,20.5,21.5
451.0,20.230034279094145,20.424724572325815,8.501007327622329,21.0,1,0.5752754276741854,20.424724572325815,20.5,21.5
452.0,20.23268847370385,20.427379425675326,8.50201397695336,21.0,1,0.5726205743246737,20.427379425675326,20.5,21.5
453.0,20.2353423388045,20.430033949654806,8.503019946630236,21.0,1,0.5699660503451938,20.430033949654806,20.5,21.5
454.0,20.237995874326064,20.432688144194742,8.504025235291017,21.0,1,0.5673118558052579,20.432688144194742,20.5,21.5
455.0,20.240649080198256,20.435342009225362,8.50502984157469,21.0,1,0.5646579907746379,20.435342009225362,20.5,21.5
456.0,20.243301956350532,20.437995544676642,8.506033764121163,21.0,1,0.5620044553233576,20.437995544676642,20.5,21.5
457.0,20.245954502712085,20.44064875047829,8.507037001571273,21.0,1,0.5593512495217112,20.44064875047829,20.5,21.5
458.0,20.248606719211857,20.44330162655976,8.508039552566778,21.0,1,0.5566983734402413,20.44330162655976,20.5,21.5
459.0,20.251258605778528,20.44595417285025,8.50904141575037,21.0,1,0.5540458271497499,20.44595417285025,20.5,21.5
460.0,20.25391016234052,20.4486063892787,8.510042589765675,21.0,1,0.5513936107212984,20.4486063892787,20.5,21.5
461.0,20.256561388826007,20.451258275773796,8.511043073257245,21.0,1,0.548741724226204,20.451258275773796,20.5,21.5
462.0,20.259212285162892,20.453909832263957,8.51204286487057,21.0,1,0.5460901677360432,20.453909832263957,20.5,21.5
463.0,20.261862851278835,20.456561058677355,8.513041963252082,21.0,1,0.5434389413226448,20.456561058677355,20.5,21.5
464.0,20.26451308710123,20.459211954941896,8.514040367049141,21.0,1,0.540788045058104,20.459211954941896,20.5,21.5
465.0,20.267162992557218,20.461862520985235,8.515038074910054,21.0,1,0.5381374790147646,20.461862520985235,20.5,21.5
466.0,20.269812567573688,20.46451275673477,8.516035085484072,21.0,1,0.53548724326523,20.46451275673477,20.5,21.5
467.0,20.27246181207727,20.467162662117648,8.517031397421384,21.0,1,0.5328373378823521,20.467162662117648,20.5,21.5
468.0,20.275110725994338,20.469812237060747,8.51802700937313,21.0,1,0.5301877629392528,20.469812237060747,20.5,21.5
469.0,20.277759309251014,20.472461481490704,8.519021919991395,21.0,1,0.5275385185092958,20.472461481490704,20.5,21.5
470.0,20.280407561773163,20.475110395333893,8.520016127929216,21.0,1,0.5248896046661073,20.475110395333893,20.5,21.5
471.0,20.283055483486393,20.477758978516437,8.521009631840576,21.0,1,0.5222410214835627,20.477758978516437,20.5,21.5
472.0,20.285703074316064,20.480407230964197,8.522002430380418,21.0,1,0.5195927690358033,20.480407230964197,20.5,21.5
473.0,20.288350334187278,20.48305515260278,8.522994522204636,21.0,1,0.5169448473972196,20.48305515260278,20.5,21.5
474.0,20.29099726302488,20.485702743357557,8.523985905970079,21.0,1,0.5142972566424433,20.485702743357557,20.5,21.5
475.0,20.29364386075347,20.488350003153617,8.52497658033456,21.0,1,0.5116499968463835,20.488350003153617,20.5,21.5
476.0,20.296290127297386,20.490996931915813,8.525966543956848,21.0,1,0.509003068084187,20.490996931915813,20.5,21.5
477.0,20.29893606258072,20.493643529568743,8.526955795496677,21.0,1,0.5063564704312569,20.493643529568743,20.5,21.5
478.0,20.3015816665273,20.49628979603675,8.527944333614743,21.0,1,0.5037102039632515,20.49628979603675,20.5,21.5
479.0,20.30422693906072,20.498935731243915,8.52893215697271,21.0,1,0.5010642687560853,20.498935731243915,20.5,21.5
480.0,20.3068718801043,20.501581335114082,8.529919264233206,21.0,1,0.4984186648859179,20.501581335114082,20.5,21.5
481.0,20.309516489581124,20.504226607570832,8.530905654059831,21.0,1,0.49577339242916807,20.504226607570832,20.5,21.5
482.0,20.31216076741402,20.506871548537493,8.531891325117158,21.0,1,0.49312845146250694,20.506871548537493,20.5,21.5
483.0,20.31480471352556,20.509516157937146,8.53287627607073,21.0,1,0.49048384206285434,20.509516157937146,20.5,21.5
484.0,20.31744832783807,20.512160435692614,8.533860505587066,21.0,1,0.48783956430738584,20.512160435692614,20.5,21.5
485.0,20.320091610273618,20.514804381726478,8.534844012333664,21.0,1,0.4851956182735222,20.514804381726478,20.5,21.5
486.0,20.32273456075403,20.51744799596106,8.535826794978997,21.0,1,0.48255200403893994,20.51744799596106,20.5,21.5
487.0,20.325377179200874,20.520091278318432,8.536808852192518,21.0,1,0.47990872168156784,20.520091278318432,20.5,21.5
488.0,20.328019465535473,20.522734228720413,8.537790182644667,21.0,1,0.4772657712795869,20.522734228720413,20.5,21.5
489.0,20.330661419678894,20.525376847088577,8.538770785006863,21.0,1,0.4746231529114233,20.525376847088577,20.5,21.5
490.0,20.333303041551957,20.528019133344248,8.539750657951513,21.0,1,0.4719808666557519,20.528019133344248,20.5,21.5
491.0,20.335944331075236,20.530661087408486,8.540729800152011,21.0,1,0.46933891259151395,20.530661087408486,20.5,21.5
492.0,20.338585288169053,20.533302709202125,8.54170821028274,21.0,1,0.4666972907978746,20.533302709202125,20.5,21.5
493.0,20.341225912753476,20.535943998645724,8.542685887019076,21.0,1,0.46405600135427605,20.535943998645724,20.5,21.5
494.0,20.34386620474833,20.53858495565961,8.543662829037384,21.0,1,0.4614150443403915,20.53858495565961,20.5,21.5
495.0,20.346506164073187,20.541225580163854,8.544639035015027,21.0,1,0.4587744198361463,20.541225580163854,20.5,21.5
496.0,20.349145790647373,20.543865872078282,8.545614503630365,21.0,1,0.45613412792171815,20.543865872078282,20.5,21.5
497.0,20.35178508438997,20.546505831322463,8.546589233562754,21.0,1,0.4534941686775369,20.546505831322463,20.5,21.5
498.0,20.354424045219805,20.54914545781573,8.547563223492551,21.0,1,0.45085454218427046,20.54914545781573,20.5,21.5
499.0,20.35706267305546,20.551784751477154,8.548536472101114,21.0,1,0.4482152485228461,20.551784751477154,20.5,21.5
500.0,20.359700967815268,20.55442371222557,8.549508978070806,21.0,1,0.44557628777442915,20.55442371222557,20.5,21.5
501.0,20.36233892941732,20.55706233997956,8.550480740084996,21.0,1,0.44293766002044066,20.55706233997956,20.5,21.5
502.0,20.364976557779453,20.559700634657457,8.551451756828058,21.0,1,0.4402993653425433,20.559700634657457,20.5,21.5
503.0,20.367613852819265,20.562338596177348,8.552422026985376,21.0,1,0.43766140382265206,20.562338596177348,20.5,21.5
504.0,20.3702508144541,20.564976224457077,8.553391549243344,21.0,1,0.4350237755429234,20.564976224457077,20.5,21.5
505.0,20.37288744260106,20.567613519414238,8.554360322289371,21.0,1,0.43238648058576246,20.567613519414238,20.5,21.5
506.0,20.375523737176994,20.570250480966173,8.55532834481188,21.0,1,0.42974951903382674,20.570250480966173,20.5,21.5
507.0,20.37815969809852,20.572887109029985,8.556295615500305,21.0,1,0.42711289097001526,20.572887109029985,20.5,21.5
508.0,20.380795325282,20.57552340352253,8.557262133045104,21.0,1,0.4244765964774686,20.57552340352253,20.5,21.5
509.0,20.383430618643555,20.578159364360424,8.558227896137753,21.0,1,0.4218406356395761,20.578159364360424,20.5,21.5
510.0,20.386065578099053,20.58079499146002,8.559192903470747,21.0,1,0.4192050085399792,20.58079499146002,20.5,21.5
511.0,20.388700203564127,20.58343028473745,8.560157153737606,21.0,1,0.4165697152625505,20.58343028473745,20.5,21.5
512.0,20.39133449495416,20.58606524410858,8.561120645632878,21.0,1,0.4139347558914217,20.58606524410858,20.5,21.5
513.0,20.393968452184296,20.58869986948904,8.562083377852131,21.0,1,0.41130013051095915,20.58869986948904,20.5,21.5
514.0,20.39660207516943,20.59133416079421,8.563045349091967,21.0,1,0.4086658392057885,20.59133416079421,20.5,21.5
515.0,20.399235363824214,20.593968117939248,8.564006558050014,21.0,1,0.406031882060752,20.593968117939248,20.5,21.5
516.0,20.40186831806306,20.59660174083903,8.564967003424938,21.0,1,0.4033982591609693,20.59660174083903,20.5,21.5
517.0,20.40450093780013,20.599235029408227,8.565926683916432,21.0,1,0.40076497059177285,20.599235029408227,20.5,21.5
518.0,20.40713322294935,20.601867983561238,8.56688559822523,21.0,1,0.39813201643876184,20.601867983561238,20.5,21.5
519.0,20.409765173424407,20.604500603212234,8.567843745053102,21.0,1,0.39549939678776624,20.604500603212234,20.5,21.5
520.0,20.412396789138732,20.607132888275135,8.568801123102851,21.0,1,0.39286711172486477,20.607132888275135,20.5,21.5
521.0,20.415028070005526,20.60976483866363,8.569757731078331,21.0,1,0.3902351613363706,20.60976483866363,20.5,21.5
522.0,20.41765901593774,20.61239645429115,8.570713567684432,21.0,1,0.38760354570884914,20.61239645429115,20.5,21.5
523.0,20.42028962684809,20.615027735070903,8.57166863162709,21.0,1,0.38497226492909675,20.615027735070903,20.5,21.5
524.0,20.422919902649046,20.61765868091583,8.572622921613283,21.0,1,0.38234131908416913,20.61765868091583,20.5,21.5
525.0,20.42554984325284,20.62028929173865,8.573576436351047,21.0,1,0.37971070826134934,20.62028929173865,20.5,21.5
526.0,20.42817944857146,20.622919567451838,8.574529174549456,21.0,1,0.37708043254816204,20.622919567451838,20.5,21.5
527.0,20.430808718516655,20.625549507967623,8.575481134918643,21.0,1,0.374450492032377,20.625549507967623,20.5,21.5
528.0,20.433437652999935,20.62817911319799,8.576432316169793,21.0,1,0.3718208868020092,20.62817911319799,20.5,21.5
529.0,20.43606625193257,20.630808383054692,8.577382717015142,21.0,1,0.369191616945308,20.630808383054692,20.5,21.5
530.0,20.438694515225585,20.633437317449243,8.578332336167987,21.0,1,0.3665626825507573,20.633437317449243,20.5,21.5
531.0,20.441322442789772,20.636065916292903,8.579281172342679,21.0,1,0.3639340837070968,20.636065916292903,20.5,21.5
532.0,20.443950034535682,20.638694179496706,8.580229224254632,21.0,1,0.3613058205032935,20.638694179496706,20.5,21.5
533.0,20.446577290373625,20.641322106971447,8.581176490620324,21.0,1,0.3586778930285526,20.641322106971447,20.5,21.5
534.0,20.449204210213676,20.643949698627672,8.58212297015729,21.0,1,0.35605030137232774,20.643949698627672,20.5,21.5
535.0,20.451830793965666,20.64657695437569,8.583068661584134,21.0,1,0.3534230456243108,20.64657695437569,20.5,21.5
536.0,20.45445704153919,20.649203874125572,8.58401356362053,21.0,1,0.3507961258744281,20.649203874125572,20.5,21.5
537.0,20.457082952843606,20.65183045778716,8.584957674987216,21.0,1,0.34816954221284035,20.65183045778716,20.5,21.5
538.0,20.459708527788035,20.65445670527004,8.585900994406,21.0,1,0.3455432947299606,20.65445670527004,20.5,21.5
539.0,20.462333766281358,20.657082616483574,8.586843520599768,21.0,1,0.34291738351642564,20.657082616483574,20.5,21.5
540.0,20.46495866823222,20.659708191336886,8.587785252292473,21.0,1,0.3402918086631139,20.659708191336886,20.5,21.5
541.0,20.467583233549032,20.662333429738858,8.588726188209149,21.0,1,0.3376665702611419,20.662333429738858,20.5,21.5
542.0,20.470207462139964,20.664958331598125,8.589666327075903,21.0,1,0.33504166840187466,20.664958331598125,20.5,21.5
543.0,20.47283135391295,20.66758289682311,8.590605667619926,21.0,1,0.33241710317689055,20.66758289682311,20.5,21.5
544.0,20.475454908775692,20.670207125321973,8.591544208569484,21.0,1,0.3297928746780272,20.670207125321973,20.5,21.5
545.0,20.47807812663565,20.67283101700266,8.59248194865393,21.0,1,0.327168982997339,20.67283101700266,20.5,21.5
546.0,20.480701007400054,20.675454571772867,8.593418886603702,21.0,1,0.3245454282271325,20.675454571772867,20.5,21.5
547.0,20.483323550975893,20.678077789540055,8.594355021150317,21.0,1,0.3219222104599453,20.678077789540055,20.5,21.5
548.0,20.485945757269928,20.68070067021145,8.59529035102639,21.0,1,0.31929932978854936,20.68070067021145,20.5,21.5
549.0,20.48856762618868,20.683323213694045,8.596224874965616,21.0,1,0.31667678630595475,20.683323213694045,20.5,21.5
550.0,20.491189157638434,20.6859454198946,8.597158591702787,21.0,1,0.3140545801053989,20.6859454198946,20.5,21.5
551.0,20.493810351525248,20.68856728871964,8.598091499973783,21.0,1,0.31143271128036076,20.68856728871964,20.5,21.5
552.0,20.496431207754938,20.69118882007545,8.599023598515586,21.0,1,0.3088111799245503,20.69118882007545,20.5,21.5
553.0,20.49905172623309,20.693810013868084,8.599954886066266,21.0,1,0.3061899861319155,20.693810013868084,20.5,21.5
554.0,20.50167190686506,20.69643087000336,8.600885361364996,21.0,1,0.30356912999663876,20.69643087000336,20.5,21.5
555.0,20.50429174955596,20.699051388386867,8.601815023152048,21.0,1,0.30094861161313347,20.699051388386867,20.5,21.5
556.0,20.50691125421068,20.701671568923953,8.602743870168794,21.0,1,0.29832843107604745,20.701671568923953,20.5,21.5
557.0,20.509530420733874,20.70429141151974,8.603671901157709,21.0,1,0.2957085884802595,20.70429141151974,20.5,21.5
558.0,20.51214924902996,20.706910916079114,8.604599114862374,21.0,1,0.2930890839208864,20.706910916079114,20.5,21.5
559.0,20.514767739003126,20.709530082506724,8.605525510027478,21.0,1,0.2904699174932759,20.709530082506724,20.5,21.5
560.0,20.517385890557332,20.712148910707,8.606451085398813,21.0,1,0.2878510892929995,20.712148910707,20.5,21.5
561.0,20.5200037035963,20.714767400584126,8.607375839723286,21.0,1,0.285232599415874,20.714767400584126,20.5,21.5
562.0,20.522621178023524,20.717385552042053,8.608299771748914,21.0,1,0.2826144479579469,20.717385552042053,20.5,21.5
563.0,20.525238313742268,20.720003364984514,8.609222880224827,21.0,1,0.2799966350154861,20.720003364984514,20.5,21.5
564.0,20.527855110655565,20.722620839315006,8.610145163901267,21.0,1,0.277379160684994,20.722620839315006,20.5,21.5
565.0,20.530471568666215,20.725237974936782,8.6110666215296,21.0,1,0.2747620250632181,20.725237974936782,20.5,21.5
566.0,20.533087687676787,20.72785477175288,8.611987251862303,21.0,1,0.27214522824711906,20.72785477175288,20.5,21.5
567.0,20.535703467589624,20.730471229666097,8.612907053652977,21.0,1,0.26952877033390266,20.730471229666097,20.5,21.5
568.0,20.538318908306838,20.733087348579012,8.613826025656342,21.0,1,0.26691265142098786,20.733087348579012,20.5,21.5
569.0,20.540934009730307,20.735703128393958,8.614744166628247,21.0,1,0.2642968716060423,20.735703128393958,20.5,21.5
570.0,20.543548771761685,20.738318569013053,8.615661475325659,21.0,1,0.26168143098694685,20.738318569013053,20.5,21.5
571.0,20.546163194302398,20.740933670338173,8.616577950506676,21.0,1,0.2590663296618274,20.740933670338173,20.5,21.5
572.0,20.548777277253638,20.743548432270977,8.617493590930522,21.0,1,0.2564515677290231,20.743548432270977,20.5,21.5
573.0,20.551391020516373,20.746162854712885,8.618408395357553,21.0,1,0.25383714528711465,20.746162854712885,20.5,21.5
574.0,20.55400442399134,20.74877693756509,8.61932236254926,21.0,1,0.2512230624349101,20.74877693756509,20.5,21.5
575.0,20.556617487579054,20.751390680728566,8.62023549126826,21.0,1,0.24860931927143426,20.751390680728566,20.5,21.5
576.0,20.55923021117979,20.754004084104043,8.62114778027831,21.0,1,0.24599591589595704,20.754004084104043,20.5,21.5
577.0,20.561842594693612,20.756617147592035,8.622059228344304,21.0,1,0.2433828524079651,20.756617147592035,20.5,21.5
578.0,20.564454638020344,20.759229871092828,8.622969834232272,21.0,1,0.24077012890717242,20.759229871092828,20.5,21.5
579.0,20.567066341059586,20.76184225450648,8.623879596709386,21.0,1,0.23815774549352042,20.76184225450648,20.5,21.5
580.0,20.569677703710717,20.76445429773281,8.62478851454396,21.0,1,0.23554570226718852,20.76445429773281,20.5,21.5
581.0,20.572288725872884,20.767066000671427,8.625696586505452,21.0,1,0.23293399932857284,20.767066000671427,20.5,21.5
582.0,20.57489940744501,20.769677363221707,8.626603811364461,21.0,1,0.23032263677829334,20.769677363221707,20.5,21.5
583.0,20.577509748325795,20.7722883852828,8.627510187892739,21.0,1,0.22771161471720092,20.7722883852828,20.5,21.5
584.0,20.580119748413708,20.774899066753623,8.62841571486318,21.0,1,0.22510093324637737,20.774899066753623,20.5,21.5
585.0,20.582729407606998,20.77750940753288,8.629320391049838,21.0,1,0.22249059246712122,20.77750940753288,20.5,21.5
586.0,20.585338725803688,20.780119407519038,8.630224215227907,21.0,1,0.21988059248096192,20.780119407519038,20.5,21.5
587.0,20.587947702901573,20.78272906661035,8.631127186173742,21.0,1,0.2172709333896492,20.78272906661035,20.5,21.5
588.0,20.590556338798226,20.785338384704836,8.63202930266485,21.0,1,0.2146616152951637,20.785338384704836,20.5,21.5
589.0,20.593164633390998,20.787947361700297,8.6329305634799,21.0,1,0.21205263829970278,20.787947361700297,20.5,21.5
590.0,20.595772586577016,20.7905559974943,8.63383096739871,21.0,1,0.20944400250569828,20.7905559974943,20.5,21.5
591.0,20.59838019825318,20.7931642919842,8.634730513202268,21.0,1,0.20683570801579876,20.7931642919842,20.5,21.5
592.0,20.60098746831617,20.79577224506712,8.635629199672717,21.0,1,0.20422775493288015,20.79577224506712,20.5,21.5
593.0,20.60359439666244,20.79837985663996,8.636527025593367,21.0,1,0.20162014336003864,20.79837985663996,20.5,21.5
594.0,20.606200983188227,20.800987126599402,8.63742398974869,21.0,1,0.1990128734005978,20.800987126599402,20.5,21.5
595.0,20.60880722778954,20.80359405484191,8.638320090924328,21.0,1,0.19640594515809084,20.80359405484191,20.5,21.5
596.0,20.611413130362166,20.806200641263707,8.63921532790709,21.0,1,0.1937993587362925,20.806200641263707,20.5,21.5
597.0,20.614018690801675,20.80880688576081,8.640109699484956,21.0,1,0.19119311423919072,20.80880688576081,20.5,21.5
598.0,20.616623909003412,20.811412788229,8.641003204447074,21.0,1,0.1885872117710008,20.811412788229,20.5,21.5
599.0,20.6192287848625,20.814018348563856,8.641895841583768,21.0,1,0.1859816514361441,20.814018348563856,20.5,21.5
600.0,20.621833318273843,20.816623566660716,8.64278760968654,21.0,1,0.18337643333928355,20.816623566660716,20.5,21.5
601.0,20.624437509132125,20.819228442414705,8.643678507548062,21.0,1,0.18077155758529528,20.819228442414705,20.5,21.5
602.0,20.62704135733181,20.82183297572073,8.644568533962186,21.0,1,0.17816702427926856,20.82183297572073,20.5,21.5
603.0,20.629644862767133,20.824437166473476,8.645457687723951,21.0,1,0.17556283352652358,20.824437166473476,20.5,21.5
604.0,20.632248025332125,20.8270410145674,8.646345967629566,21.0,1,0.1729589854326008,20.8270410145674,20.5,21.5
605.0,20.634850844920585,20.829644519896746,8.647233372476432,21.0,1,0.17035548010325385,20.829644519896746,20.5,21.5
606.0,20.637453321426097,20.83224768235554,8.648119901063131,21.0,1,0.1677523176444602,20.83224768235554,20.5,21.5
607.0,20.640055454742026,20.834850501837586,8.649005552189431,21.0,1,0.16514949816241398,20.834850501837586,20.5,21.5
608.0,20.642657244761516,20.837452978236463,8.649890324656289,21.0,1,0.16254702176353675,20.837452978236463,20.5,21.5
609.0,20.645258691377496,20.840055111445537,8.650774217265852,21.0,1,0.1599448885544632,20.840055111445537,20.5,21.5
610.0,20.647859794482674,20.842656901357955,8.651657228821456,21.0,1,0.15734309864204477,20.842656901357955,20.5,21.5
611.0,20.65046055396954,20.845258347866643,8.652539358127632,21.0,1,0.15474165213335667,20.845258347866643,20.5,21.5
612.0,20.653060969730372,20.847859450864313,8.653420603990105,21.0,1,0.1521405491356873,20.847859450864313,20.5,21.5
613.0,20.655661041657225,20.850460210243455,8.654300965215796,21.0,1,0.14953978975654536,20.850460210243455,20.5,21.5
614.0,20.658260769641938,20.85306062589634,8.655180440612826,21.0,1,0.14693937410365976,20.85306062589634,20.5,21.5
615.0,20.66086015357613,20.85566069771503,8.656059028990507,21.0,1,0.14433930228496905,20.85566069771503,20.5,21.5
616.0,20.663459193351216,20.858260425591368,8.656936729159362,21.0,1,0.14173957440863205,20.858260425591368,20.5,21.5
617.0,20.666057888858376,20.86085980941697,8.657813539931112,21.0,1,0.1391401905830314,20.86085980941697,20.5,21.5
618.0,20.66865623998859,20.863458849083237,8.65868946011868,21.0,1,0.1365411509167629,20.863458849083237,20.5,21.5
619.0,20.671254246632614,20.86605754448137,8.6595644885362,21.0,1,0.13394245551862838,20.86605754448137,20.5,21.5
620.0,20.673851908680994,20.868655895502346,8.660438623999008,21.0,1,0.13134410449765355,20.868655895502346,20.5,21.5
621.0,20.676449226024058,20.871253902036916,8.661311865323652,21.0,1,0.12874609796308434,20.871253902036916,20.5,21.5
622.0,20.67904619855192,20.873851563975624,8.66218421132789,21.0,1,0.1261484360243763,20.873851563975624,20.5,21.5
623.0,20.681642826154473,20.876448881208802,8.663055660830691,21.0,1,0.12355111879119818,20.876448881208802,20.5,21.5
624.0,20.684239108721407,20.879045853626558,8.663926212652242,21.0,1,0.12095414637344248,20.879045853626558,20.5,21.5
625.0,20.686835046142193,20.8816424811188,8.664795865613938,21.0,1,0.11835751888120072,20.8816424811188,20.5,21.5
626.0,20.68943063830609,20.884238763575205,8.665664618538397,21.0,1,0.1157612364247953,20.884238763575205,20.5,21.5
627.0,20.692025885102137,20.88683470088525,8.666532470249452,21.0,1,0.11316529911475115,20.88683470088525,20.5,21.5
628.0,20.694620786419165,20.889430292938187,8.66739941957216,21.0,1,0.11056970706181346,20.889430292938187,20.5,21.5
629.0,20.697215342145796,20.892025539623067,8.668265465332794,21.0,1,0.10797446037693348,20.892025539623067,20.5,21.5
630.0,20.699809552170432,20.89462044082871,8.66913060635886,21.0,1,0.10537955917128983,20.89462044082871,20.5,21.5
631.0,20.70240341638127,20.897214996443743,8.669994841479072,21.0,1,0.10278500355625653,20.897214996443743,20.5,21.5
632.0,20.70499693466629,20.899809206356576,8.67085816952339,21.0,1,0.10019079364342431,20.899809206356576,20.5,21.5
633.0,20.707590106913262,20.902403070455396,8.671720589322991,21.0,1,0.0975969295446042,20.902403070455396,20.5,21.5
634.0,20.710182933009744,20.904996588628187,8.67258209971028,21.0,1,0.09500341137181323,20.904996588628187,20.5,21.5
635.0,20.712775412843083,20.907589760762715,8.673442699518901,21.0,1,0.0924102392372852,20.907589760762715,20.5,21.5
636.0,20.715367546300417,20.910182586746544,8.674302387583724,21.0,1,0.08981741325345638,20.910182586746544,20.5,21.5
637.0,20.717959333268674,20.91277506646702,8.675161162740856,21.0,1,0.08722493353297978,20.91277506646702,20.5,21.5
638.0,20.720550773634567,20.915367199811282,8.676019023827642,21.0,1,0.084632800188718,20.915367199811282,20.5,21.5
639.0,20.723141867284607,20.917958986666257,8.67687596968266,21.0,1,0.08204101333374325,20.917958986666257,20.5,21.5
640.0,20.725732614105087,20.92055042691866,8.677731999145733,21.0,1,0.07944957308134093,20.92055042691866,20.5,21.5
641.0,20.728323013982095,20.923141520454994,8.678587111057917,21.0,1,0.07685847954500602,20.923141520454994,20.5,21.5
642.0,20.73091306680151,20.92573226716156,8.679441304261516,21.0,1,0.07426773283843957,20.92573226716156,20.5,21.5
643.0,20.733502772449,20.928322666924448,8.680294577600078,21.0,1,0.07167733307555224,20.928322666924448,20.5,21.5
644.0,20.736092130810032,20.930912719629532,8.681146929918393,21.0,1,0.06908728037046785,20.930912719629532,20.5,21.5
645.0,20.738681141769852,20.933502425162484,8.681998360062499,21.0,1,0.06649757483751628,20.933502425162484,20.5,21.5
646.0,20.741269805213513,20.936091783408767,8.682848866879683,21.0,1,0.06390821659123347,20.936091783408767,20.5,21.5
647.0,20.743858121025845,20.938680794253635,8.683698449218484,21.0,1,0.06131920574636496,20.938680794253635,20.5,21.5
648.0,20.746446089091485,20.94126945758213,8.684547105928688,21.0,1,0.05873054241786946,20.94126945758213,20.5,21.5
649.0,20.749033709294853,20.943857773279092,8.68539483586134,21.0,1,0.056142226720908184,20.943857773279092,20.5,21.5
650.0,20.751620981520166,20.946445741229155,8.686241637868733,21.0,1,0.053554258770844854,20.946445741229155,20.5,21.5
651.0,20.754207905651434,20.94903336131674,8.687087510804423,21.0,1,0.0509666386832599,20.94903336131674,20.5,21.5
652.0,20.756794481572463,20.951620633426064,8.687932453523219,21.0,1,0.04837936657393627,20.951620633426064,20.5,21.5
653.0,20.75938070916685,20.954207557441137,8.68877646488119,21.0,1,0.045792442558862945,20.954207557441137,20.5,21.5
654.0,20.761966588317996,20.956794133245765,8.68961954373567,21.0,1,0.04320586675423499,20.956794133245765,20.5,21.5
655.0,20.76455211890908,20.95938036072355,8.69046168894525,21.0,1,0.04061963927644996,20.95938036072355,20.5,21.5
656.0,20.767137300823087,20.961966239757878,8.691302899369788,21.0,1,0.03803376024212213,20.961966239757878,20.5,21.5
657.0,20.769722133942796,20.964551770231946,8.692143173870408,21.0,1,0.03544822976805406,20.964551770231946,20.5,21.5
658.0,20.772306618150782,20.96713695202873,8.692982511309497,21.0,1,0.0328630479712686,20.96713695202873,20.5,21.5
659.0,20.774890753329416,20.96972178503102,8.693820910550718,21.0,1,0.03027821496898042,20.96972178503102,20.5,21.5
660.0,20.77747453936086,20.972306269121372,8.694658370458997,21.0,1,0.02769373087862803,20.972306269121372,20.5,21.5
661.0,20.78005797612708,20.974890404182172,8.695494889900537,21.0,1,0.025109595817827568,20.974890404182172,20.5,21.5
662.0,20.782641063509832,20.97747419009558,8.69633046774281,21.0,1,0.022525809904418992,20.97747419009558,20.5,21.5
663.0,20.78522380139068,20.98005762674356,8.697165102854564,21.0,1,0.019942373256441215,20.98005762674356,20.5,21.5
664.0,20.787806189650972,20.982640714007868,8.697998794105827,21.0,1,0.0173592859921321,20.982640714007868,20.5,21.5
665.0,20.790388228171864,20.98522345177007,8.6988315403679,21.0,1,0.014776548229928466,20.98522345177007,20.5,21.5
666.0,20.792969916834302,20.987805839911516,8.699663340513366,21.0,1,0.01219416008848384,20.987805839911516,20.5,21.5
667.0,20.795551255519037,20.990387878313356,8.700494193416086,21.0,1,0.009612121686643604,20.990387878313356,20.5,21.5
668.0,20.798132244106615,20.992969566856544,8.70132409795121,21.0,1,0.007030433143455639,20.992969566856544,20.5,21.5
669.0,20.800712882477384,20.99555090542183,8.702153052995163,21.0,1,0.004449094578170332,20.99555090542183,20.5,21.5
670.0,20.803293170511488,20.998131893889752,8.702981057425662,21.0,1,0.0018681061102476804,20.998131893889752,20.5,21.5
671.0,20.80587310808887,21.000712532140668,8.70380811012171,21.0,1,-0.0007125321406675766,21.000712532140668,20.5,21.5
672.0,20.80845269508928,21.003292820054718,8.704634209963595,21.0,1,-0.003292820054717538,21.003292820054718,20.5,21.5
673.0,20.811031931392254,21.005872757511845,8.7054593558329,21.0,1,-0.00587275751184535,21.005872757511845,20.5,21.5
674.0,20.81361081687714,21.00845234439179,8.706283546612495,21.0,1,-0.008452344391791655,21.00845234439179,20.5,21.5
675.0,20.816189351423088,21.011031580574116,8.707106781186548,21.0,1,-0.011031580574115907,21.011031580574116,20.5,21.5
676.0,20.81876753490904,21.01361046593815,8.707929058440516,21.0,1,-0.013610465938150185,21.01361046593815,20.5,21.5
677.0,20.821345367213745,21.016189000363042,8.708750377261156,21.0,1,-0.016189000363041828,21.016189000363042,20.5,21.5
678.0,20.823922848215755,21.01876718372774,8.70957073653652,21.0,1,-0.018767183727739223,21.01876718372774,20.5,21.5
679.0,20.826499977793418,21.021345015911,8.710390135155963,21.0,1,-0.02134501591099891,21.021345015911,20.5,21.5
680.0,20.82907675582489,21.023922496791357,8.711208572010138,21.0,1,-0.023922496791357162,21.023922496791357,20.5,21.5
681.0,20.831653182188127,21.026499626247176,8.712026045990996,21.0,1,-0.026499626247176167,21.026499626247176,20.5,21.5
682.0,20.83422925676089,21.029076404156605,8.7128425559918,21.0,1,-0.02907640415660495,21.029076404156605,20.5,21.5
683.0,20.836804979420734,21.031652830397597,8.713658100907113,21.0,1,-0.03165283039759714,21.031652830397597,20.5,21.5
684.0,20.83938035004503,21.03422890484792,8.714472679632804,21.0,1,-0.034228904847921626,21.03422890484792,20.5,21.5
685.0,20.84195536851095,21.036804627385134,8.715286291066052,21.0,1,-0.036804627385134125,21.036804627385134,20.5,21.5
686.0,20.84453003469546,21.039379997886602,8.716098934105345,21.0,1,-0.03937999788660207,21.039379997886602,20.5,21.5
687.0,20.84710434847534,21.04195501622949,8.716910607650483,21.0,1,-0.04195501622949038,21.04195501622949,20.5,21.5
688.0,20.849678309727175,21.04452968229078,8.717721310602577,21.0,1,-0.04452968229077925,21.04452968229078,20.5,21.5
689.0,20.85225191832735,21.047103995947243,8.718531041864052,21.0,1,-0.047103995947242794,21.047103995947243,20.5,21.5
690.0,20.854825174152058,21.049677957075467,8.719339800338652,21.0,1,-0.04967795707546685,21.049677957075467,20.5,21.5
691.0,20.857398077077296,21.052251565551835,8.720147584931432,21.0,1,-0.052251565551834744,21.052251565551835,20.5,21.5
692.0,20.859970626978868,21.054824821252538,8.72095439454877,21.0,1,-0.05482482125253796,21.054824821252538,20.5,21.5
693.0,20.862542823732383,21.05739772405358,8.721760228098361,21.0,1,-0.05739772405357968,21.05739772405358,20.5,21.5
694.0,20.865114667213255,21.05997027383076,8.722565084489228,21.0,1,-0.05997027383076059,21.05997027383076,20.5,21.5
695.0,20.86768615729671,21.06254247045969,8.723368962631708,21.0,1,-0.06254247045968953,21.06254247045969,20.5,21.5
696.0,20.870257293857776,21.065114313815787,8.724171861437467,21.0,1,-0.06511431381578703,21.065114313815787,20.5,21.5
697.0,20.87282807677129,21.06768580377427,8.724973779819498,21.0,1,-0.06768580377427114,21.06768580377427,20.5,21.5
698.0,20.8753985059119,21.07025694021017,8.725774716692118,21.0,1,-0.07025694021017159,21.07025694021017,20.5,21.5
699.0,20.877968581154057,21.072827722998333,8.726574670970976,21.0,1,-0.0728277229983334,21.072827722998333,20.5,21.5
700.0,20.88053830237202,21.075398152013396,8.727373641573049,21.0,1,-0.0753981520133955,21.075398152013396,20.5,21.5
701.0,20.88310766943986,21.07796822712981,8.728171627416646,21.0,1,-0.07796822712980855,21.07796822712981,20.5,21.5
702.0,20.885676682231455,21.080537948221842,8.72896862742141,21.0,1,-0.08053794822184202,21.080537948221842,20.5,21.5
703.0,20.888245340620493,21.083107315163563,8.729764640508321,21.0,1,-0.08310731516356284,21.083107315163563,20.5,21.5
704.0,20.89081364448047,21.085676327828846,8.73055966559969,21.0,1,-0.08567632782884615,21.085676327828846,20.5,21.5
705.0,20.893381593684694,21.088244986091382,8.73135370161917,21.0,1,-0.08824498609138232,21.088244986091382,20.5,21.5
706.0,20.895949188106282,21.09081328982467,8.73214674749175,21.0,1,-0.09081328982466985,21.09081328982467,20.5,21.5
707.0,20.89851642761816,21.09338123890201,8.732938802143762,21.0,1,-0.09338123890200833,21.09338123890201,20.5,21.5
708.0,20.901083312093064,21.095948833196523,8.733729864502877,21.0,1,-0.09594883319652325,21.095948833196523,20.5,21.5
709.0,20.903649841403546,21.09851607258114,8.734519933498111,21.0,1,-0.09851607258114115,21.09851607258114,20.5,21.5
710.0,20.906216015421965,21.101082956928593,8.73530900805983,21.0,1,-0.10108295692859315,21.101082956928593,20.5,21.5
711.0,20.90878183402049,21.103649486111436,8.736097087119735,21.0,1,-0.10364948611143632,21.103649486111436,20.5,21.5
712.0,20.91134729707111,21.10621566000203,8.736884169610883,21.0,1,-0.10621566000202876,21.10621566000203,20.5,21.5
713.0,20.913912404445618,21.108781478472537,8.737670254467682,21.0,1,-0.10878147847253672,21.108781478472537,20.5,21.5
714.0,20.916477156015624,21.111346941394952,8.738455340625883,21.0,1,-0.11134694139495238,21.111346941394952,20.5,21.5
715.0,20.919041551652548,21.11391204864107,8.739239427022596,21.0,1,-0.11391204864106896,21.11391204864107,20.5,21.5
716.0,20.92160559122762,21.116476800082495,8.74002251259628,21.0,1,-0.11647680008249495,21.116476800082495,20.5,21.5
717.0,20.924169274611895,21.11904119559065,8.74080459628675,21.0,1,-0.11904119559065052,21.11904119559065,20.5,21.5
718.0,20.92673260167623,21.121605235036775,8.741585677035179,21.0,1,-0.12160523503677467,21.121605235036775,20.5,21.5
719.0,20.9292955722913,21.124168918291907,8.742365753784098,21.0,1,-0.12416891829190746,21.124168918291907,20.5,21.5
720.0,20.9318581863276,21.12673224522692,8.743144825477394,21.0,1,-0.1267322452269184,21.12673224522692,20.5,21.5
721.0,20.93442044365543,21.12929521571248,8.743922891060318,21.0,1,-0.1292952157124816,21.12929521571248,20.5,21.5
722.0,20.936982344144912,21.131857829619083,8.744699949479482,21.0,1,-0.13185782961908288,21.131857829619083,20.5,21.5
723.0,20.93954388766598,21.134420086817034,8.745475999682862,21.0,1,-0.134420086817034,21.134420086817034,20.5,21.5
724.0,20.942105074088385,21.13698198717645,8.746251040619798,21.0,1,-0.13698198717645127,21.13698198717645,20.5,21.5
725.0,20.94466590328169,21.139543530567273,8.747025071240996,21.0,1,-0.13954353056727342,21.139543530567273,20.5,21.5
726.0,20.947226375115285,21.142104716859244,8.747798090498533,21.0,1,-0.14210471685924375,21.142104716859244,20.5,21.5
727.0,20.94978648945836,21.14466554592193,8.74857009734585,21.0,1,-0.14466554592193148,21.14466554592193,20.5,21.5
728.0,20.95234624617994,21.147226017624725,8.749341090737763,21.0,1,-0.14722601762472465,21.147226017624725,20.5,21.5
729.0,20.954905645148852,21.149786131836816,8.75011106963046,21.0,1,-0.14978613183681588,21.149786131836816,20.5,21.5
730.0,20.95746468623375,21.152345888427227,8.750880032981499,21.0,1,-0.1523458884272273,21.152345888427227,20.5,21.5
731.0,20.960023369303098,21.15490528726479,8.751647979749817,21.0,1,-0.15490528726478914,21.15490528726479,20.5,21.5
732.0,20.962581694225186,21.157464328218154,8.752414908895725,21.0,1,-0.15746432821815404,21.157464328218154,20.5,21.5
733.0,20.96513966086812,21.16002301115579,8.75318081938091,21.0,1,-0.16002301115578987,21.16002301115579,20.5,21.5
734.0,20.967697269099823,21.16258133594598,8.753945710168443,21.0,1,-0.1625813359459798,21.16258133594598,20.5,21.5
735.0,20.970254518788035,21.165139302456836,8.754709580222771,21.0,1,-0.1651393024568364,21.165139302456836,20.5,21.5
736.0,20.97281140980032,21.16769691055628,8.755472428509727,21.0,1,-0.16769691055628044,21.16769691055628,20.5,21.5
737.0,20.975367942004063,21.17025416011206,8.756234253996523,21.0,1,-0.17025416011205863,21.17025416011206,20.5,21.5
738.0,20.97792411526646,21.172811050991726,8.756995055651757,21.0,1,-0.17281105099172578,21.172811050991726,20.5,21.5
739.0,20.98047992945454,21.17536758306267,8.757754832445414,21.0,1,-0.17536758306266975,21.17536758306267,20.5,21.5
740.0,20.983035384435137,21.177923756192094,8.758513583348869,21.0,1,-0.17792375619209366,21.177923756192094,20.5,21.5
741.0,20.98559048007492,21.180479570247012,8.759271307334881,21.0,1,-0.18047957024701233,21.180479570247012,20.5,21.5
742.0,20.98814521624037,21.183035025094277,8.760028003377602,21.0,1,-0.18303502509427716,21.183035025094277,20.5,21.5
743.0,20.990699592797796,21.185590120600544,8.760783670452575,21.0,1,-0.18559012060054414,21.185590120600544,20.5,21.5
744.0,20.993253609613326,21.1881448566323,8.761538307536737,21.0,1,-0.18814485663229874,21.1881448566323,20.5,21.5
745.0,20.995807266552912,21.19069923305586,8.762291913608419,21.0,1,-0.19069923305585945,21.19069923305586,20.5,21.5
746.0,20.998360563482322,21.19325324973734,8.763044487647345,21.0,1,-0.1932532497373387,21.19325324973734,20.5,21.5
747.0,21.000913500267156,21.195806906542696,8.763796028634642,21.0,1,-0.19580690654269617,21.195806906542696,20.5,21.5
748.0,21.00346607677283,21.198360203337703,8.764546535552832,21.0,1,-0.1983602033377032,21.198360203337703,20.5,21.5
749.0,21.00601829286459,21.200913139987954,8.765296007385835,21.0,1,-0.20091313998795357,21.200913139987954,20.5,21.5
750.0,21.008570148407493,21.20346571635887,8.766044443118979,21.0,1,-0.20346571635887045,21.20346571635887,20.5,21.5
751.0,21.011121643266435,21.206017932315692,8.766791841738986,21.0,1,-0.20601793231569232,21.206017932315692,20.5,21.5
752.0,21.01367277730613,21.208569787723484,8.767538202233988,21.0,1,-0.20856978772348356,21.208569787723484,20.5,21.5
753.0,21.016223550391114,21.21112128244714,8.768283523593523,21.0,1,-0.21112128244714157,21.21112128244714,20.5,21.5
754.0,21.018773962385755,21.213672416351375,8.769027804808532,21.0,1,-0.21367241635137546,21.213672416351375,20.5,21.5
755.0,21.02132401315424,21.216223189300724,8.769771044871367,21.0,1,-0.21622318930072382,21.216223189300724,20.5,21.5
756.0,21.023873702560582,21.21877360115955,8.77051324277579,21.0,1,-0.21877360115955113,21.21877360115955,20.5,21.5
757.0,21.026423030468624,21.22132365179205,8.77125439751697,21.0,1,-0.22132365179205138,21.22132365179205,20.5,21.5
758.0,21.028971996742033,21.223873341062234,8.77199450809149,21.0,1,-0.22387334106223378,21.223873341062234,20.5,21.5
759.0,21.031520601244303,21.22642266883394,8.772733573497352,21.0,1,-0.22642266883394058,21.22642266883394,20.5,21.5
760.0,21.034068843838753,21.228971634970843,8.773471592733964,21.0,1,-0.2289716349708435,21.228971634970843,20.5,21.5
761.0,21.036616724388534,21.231520239336437,8.774208564802159,21.0,1,-0.23152023933643662,21.231520239336437,20.5,21.5
762.0,21.039164242756616,21.234068481794033,8.774944488704179,21.0,1,-0.23406848179403283,21.234068481794033,20.5,21.5
763.0,21.041711398805806,21.23661636220679,8.775679363443695,21.0,1,-0.23661636220678872,21.23661636220679,20.5,21.5
764.0,21.044258192398733,21.239163880437676,8.776413188025789,21.0,1,-0.2391638804376761,21.239163880437676,20.5,21.5
765.0,21.046804623397858,21.241711036349496,8.77714596145697,21.0,1,-0.2417110363494963,21.241711036349496,20.5,21.5
766.0,21.04935069166547,21.244257829804884,8.77787768274517,21.0,1,-0.24425782980488364,21.244257829804884,20.5,21.5
767.0,21.051896397063686,21.2468042606663,8.778608350899745,21.0,1,-0.24680426066629835,21.2468042606663,20.5,21.5
768.0,21.054441739454454,21.249350328796027,8.779337964931473,21.0,1,-0.2493503287960266,21.249350328796027,20.5,21.5
769.0,21.056986718699548,21.25189603405619,8.780066523852566,21.0,1,-0.2518960340561911,21.25189603405619,20.5,21.5
770.0,21.05953133466058,21.254441376308733,8.78079402667666,21.0,1,-0.2544413763087334,21.254441376308733,20.5,21.5
771.0,21.062075587198983,21.256986355415435,8.78152047241882,21.0,1,-0.25698635541543524,21.256986355415435,20.5,21.5
772.0,21.064619476176027,21.2595309712379,8.782245860095543,21.0,1,-0.2595309712379006,21.2595309712379,20.5,21.5
773.0,21.067163001452812,21.262075223637574,8.782970188724763,21.0,1,-0.26207522363757363,21.262075223637574,20.5,21.5
774.0,21.069706162890267,21.26461911247572,8.783693457325839,21.0,1,-0.2646191124757209,21.26461911247572,20.5,21.5
775.0,21.072248960349153,21.26716263761343,8.784415664919576,21.0,1,-0.2671626376134313,21.26716263761343,20.5,21.5
776.0,21.074791393690067,21.26970579891165,8.785136810528206,21.0,1,-0.2697057989116516,21.26970579891165,20.5,21.5
777.0,21.077333462773435,21.272248596231133,8.785856893175401,21.0,1,-0.2722485962311332,21.272248596231133,20.5,21.5
778.0,21.079875167459516,21.274791029432475,8.786575911886278,21.0,1,-0.2747910294324747,21.274791029432475,20.5,21.5
779.0,21.0824165076084,21.2773330983761,8.787293865687387,21.0,1,-0.27733309837610065,21.2773330983761,20.5,21.5
780.0,21.084957483080014,21.279874802922272,8.788010753606722,21.0,1,-0.2798748029222722,21.279874802922272,20.5,21.5
781.0,21.08749809373412,21.282416142931083,8.788726574673722,21.0,1,-0.2824161429310834,21.282416142931083,20.5,21.5
782.0,21.090038339430308,21.284957118262458,8.789441327919269,21.0,1,-0.28495711826245795,21.284957118262458,20.5,21.5
783.0,21.092578220028006,21.287497728776156,8.79015501237569,21.0,1,-0.287497728776156,21.287497728776156,20.5,21.5
784.0,21.095117735386477,21.29003797433177,8.79086762707676,21.0,1,-0.2900379743317707,21.29003797433177,20.5,21.5
785.0,21.097656885364817,21.292577854788732,8.791579171057704,21.0,1,-0.2925778547887319,21.292577854788732,20.5,21.5
786.0,21.100195669821954,21.295117370006302,8.79228964335519,21.0,1,-0.29511737000630234,21.295117370006302,20.5,21.5
787.0,21.10273408861666,21.29765651984357,8.792999043007345,21.0,1,-0.2976565198435708,21.29765651984357,20.5,21.5
788.0,21.10527214160754,21.300195304159477,8.793707369053745,21.0,1,-0.3001953041594767,21.300195304159477,20.5,21.5
789.0,21.10780982865303,21.302733722812786,8.794414620535418,21.0,1,-0.30273372281278554,21.302733722812786,20.5,21.5
790.0,21.110347149611403,21.305271775662103,8.795120796494848,21.0,1,-0.30527177566210284,21.305271775662103,20.5,21.5
791.0,21.11288410434078,21.30780946256587,8.795825895975975,21.0,1,-0.3078094625658707,21.30780946256587,20.5,21.5
792.0,21.115420692699107,21.31034678338236,8.796529918024197,21.0,1,-0.31034678338236077,21.31034678338236,20.5,21.5
793.0,21.117956914544173,21.312883737969685,8.79723286168637,21.0,1,-0.3128837379696847,21.312883737969685,20.5,21.5
794.0,21.120492769733602,21.3154203261858,8.797934726010809,21.0,1,-0.3154203261858015,21.3154203261858,20.5,21.5
795.0,21.123028258124858,21.317956547888492,8.798635510047292,21.0,1,-0.3179565478884925,21.317956547888492,20.5,21.5
796.0,21.125563379575244,21.320492402935383,8.799335212847062,21.0,1,-0.3204924029353826,21.320492402935383,20.5,21.5
797.0,21.128098133941897,21.32302789118394,8.80003383346282,21.0,1,-0.3230278911839406,21.32302789118394,20.5,21.5
798.0,21.1306325210818,21.325563012491465,8.800731370948734,21.0,1,-0.3255630124914646,21.325563012491465,20.5,21.5
799.0,21.133166540851775,21.3280977667151,8.801427824360442,21.0,1,-0.32809776671509994,21.3280977667151,20.5,21.5
800.0,21.135700193108477,21.330632153711825,8.802123192755044,21.0,1,-0.3306321537118251,21.330632153711825,20.5,21.5
801.0,21.138233477708408,21.33316617333846,8.802817475191114,21.0,1,-0.33316617333845855,21.33316617333846,20.5,21.5
802.0,21.140766394507903,21.335699825451663,8.803510670728695,21.0,1,-0.33569982545166255,21.335699825451663,20.5,21.5
803.0,21.143298943363146,21.338233109907932,8.8042027784293,21.0,1,-0.3382331099079323,21.338233109907932,20.5,21.5
804.0,21.145831124130158,21.340766026563607,8.804893797355914,21.0,1,-0.34076602656360677,21.340766026563607,20.5,21.5
805.0,21.148362936664803,21.343298575274876,8.805583726573,21.0,1,-0.3432985752748756,21.343298575274876,20.5,21.5
806.0,21.150894380822784,21.345830755897754,8.806272565146491,21.0,1,-0.34583075589775447,21.345830755897754,20.5,21.5
807.0,21.153425456459647,21.3483625682881,8.806960312143802,21.0,1,-0.3483625682880991,21.3483625682881,20.5,21.5
808.0,21.155956163430783,21.350894012301627,8.807646966633822,21.0,1,-0.35089401230162665,21.350894012301627,20.5,21.5
809.0,21.158486501591423,21.353425087793877,8.80833252768692,21.0,1,-0.3534250877938767,21.353425087793877,20.5,21.5
810.0,21.161016470796643,21.35595579462025,8.809016994374947,21.0,1,-0.3559557946202503,21.35595579462025,20.5,21.5
811.0,21.163546070901358,21.358486132635967,8.809700365771233,21.0,1,-0.3584861326359672,21.358486132635967,20.5,21.5
812.0,21.166075301760333,21.3610161016961,8.810382640950595,21.0,1,-0.36101610169610154,21.3610161016961,20.5,21.5
813.0,21.16860416322817,21.36354570165558,8.811063818989327,21.0,1,-0.3635457016555783,21.36354570165558,20.5,21.5
814.0,21.171132655159322,21.366074932369163,8.811743898965215,21.0,1,-0.36607493236916255,21.366074932369163,20.5,21.5
815.0,21.173660777408084,21.36860379369145,8.812422879957529,21.0,1,-0.3686037936914488,21.36860379369145,20.5,21.5
816.0,21.176188529828593,21.371132285476897,8.813100761047028,21.0,1,-0.3711322854768966,21.371132285476897,20.5,21.5
817.0,21.178715912274836,21.3736604075798,8.813777541315957,21.0,1,-0.37366040757979846,21.3736604075798,20.5,21.5
818.0,21.181242924600642,21.376188159854287,8.814453219848057,21.0,1,-0.3761881598542871,21.376188159854287,20.5,21.5
819.0,21.18376956665969,21.37871554215436,8.815127795728554,21.0,1,-0.3787155421543602,21.37871554215436,20.5,21.5
820.0,21.186295838305504,21.381242554333845,8.815801268044172,21.0,1,-0.3812425543338449,21.381242554333845,20.5,21.5
821.0,21.188821739391454,21.38376919624642,8.816473635883126,21.0,1,-0.38376919624641914,21.38376919624642,20.5,21.5
822.0,21.191347269770752,21.386295467745605,8.817144898335128,21.0,1,-0.3862954677456045,21.386295467745605,20.5,21.5
823.0,21.193872429296466,21.38882136868477,8.817815054491387,21.0,1,-0.3888213686847699,21.38882136868477,20.5,21.5
824.0,21.196397217821506,21.39134689891713,8.818484103444606,21.0,1,-0.39134689891713137,21.39134689891713,20.5,21.5
825.0,21.19892163519863,21.393872058295756,8.819152044288991,21.0,1,-0.3938720582957558,21.393872058295756,20.5,21.5
826.0,21.201445681280447,21.396396846673554,8.819818876120248,21.0,1,-0.3963968466735537,21.396396846673554,20.5,21.5
827.0,21.203969355919416,21.398921263903283,8.820484598035582,21.0,1,-0.39892126390328286,21.398921263903283,20.5,21.5
828.0,21.20649265896784,21.401445309837563,8.821149209133704,21.0,1,-0.40144530983756255,21.401445309837563,20.5,21.5
829.0,21.209015590277872,21.403968984328834,8.821812708514825,21.0,1,-0.4039689843288343,21.403968984328834,20.5,21.5
830.0,21.211538149701518,21.406492287229412,8.822475095280662,21.0,1,-0.4064922872294119,21.406492287229412,20.5,21.5
831.0,21.214060337090633,21.40901521839145,8.823136368534442,21.0,1,-0.40901521839144905,21.40901521839145,20.5,21.5
832.0,21.216582152296922,21.411537777666947,8.823796527380896,21.0,1,-0.4115377776669469,21.411537777666947,20.5,21.5
833.0,21.21910359517194,21.414059964907768,8.824455570926263,21.0,1,-0.41405996490776786,21.414059964907768,20.5,21.5
834.0,21.22162466556709,21.41658177996561,8.825113498278295,21.0,1,-0.4165817799656111,21.41658177996561,20.5,21.5
835.0,21.224145363333633,21.419103222692033,8.825770308546254,21.0,1,-0.4191032226920335,21.419103222692033,20.5,21.5
836.0,21.226665688322676,21.42162429293844,8.826426000840915,21.0,1,-0.4216242929384393,21.42162429293844,20.5,21.5
837.0,21.22918564038518,21.424144990556094,8.827080574274563,21.0,1,-0.4241449905560941,21.424144990556094,20.5,21.5
838.0,21.231705219371957,21.426665315396093,8.827734027961,21.0,1,-0.4266653153960931,21.426665315396093,20.5,21.5
839.0,21.234224425133675,21.429185267309407,8.828386361015548,21.0,1,-0.429185267309407,21.429185267309407,20.5,21.5
840.0,21.236743257520853,21.43170484614685,8.829037572555041,21.0,1,-0.43170484614685023,21.43170484614685,20.5,21.5
841.0,21.23926171638386,21.434224051759085,8.829687661697834,21.0,1,-0.4342240517590845,21.434224051759085,20.5,21.5
842.0,21.241779801572925,21.436742883996637,8.830336627563797,21.0,1,-0.4367428839966365,21.436742883996637,20.5,21.5
843.0,21.24429751293812,21.43926134270987,8.830984469274329,21.0,1,-0.4392613427098695,21.43926134270987,20.5,21.5
844.0,21.24681485032939,21.44177942774901,8.831631185952341,21.0,1,-0.4417794277490117,21.44177942774901,20.5,21.5
845.0,21.249331813596513,21.444297138964146,8.832276776722278,21.0,1,-0.4442971389641457,21.444297138964146,20.5,21.5
846.0,21.251848402589136,21.446814476205198,8.8329212407101,21.0,1,-0.44681447620519776,21.446814476205198,20.5,21.5
847.0,21.25436461715676,21.449331439321963,8.833564577043296,21.0,1,-0.44933143932196273,21.449331439321963,20.5,21.5
848.0,21.25688045714874,21.451848028164086,8.834206784850885,21.0,1,-0.4518480281640862,21.451848028164086,20.5,21.5
849.0,21.259395922414278,21.454364242581068,8.834847863263407,21.0,1,-0.4543642425810681,21.454364242581068,20.5,21.5
850.0,21.261911012802447,21.456880082422256,8.835487811412936,21.0,1,-0.45688008242225564,21.456880082422256,20.5,21.5
851.0,21.26442572816217,21.459395547536865,8.836126628433076,21.0,1,-0.4593955475368645,21.459395547536865,20.5,21.5
852.0,21.266940068342223,21.461910637773958,8.836764313458962,21.0,1,-0.4619106377739577,21.461910637773958,20.5,21.5
853.0,21.269454033191245,21.46442535298246,8.837400865627258,21.0,1,-0.46442535298245957,21.46442535298246,20.5,21.5
854.0,21.27196762255773,21.466939693011152,8.838036284076168,21.0,1,-0.46693969301115246,21.466939693011152,20.5,21.5
855.0,21.274480836290035,21.469453657708673,8.838670567945424,21.0,1,-0.469453657708673,21.469453657708673,20.5,21.5
856.0,21.276993674236365,21.471967246923512,8.8393037163763,21.0,1,-0.4719672469235121,21.471967246923512,20.5,21.5
857.0,21.279506136244795,21.47448046050403,8.839935728511605,21.0,1,-0.47448046050402937,21.47448046050403,20.5,21.5
858.0,21.28201822216325,21.47699329829843,8.840566603495684,21.0,1,-0.4769932982984315,21.47699329829843,20.5,21.5
859.0,21.284529931839515,21.479505760154787,8.841196340474426,21.0,1,-0.47950576015478674,21.479505760154787,20.5,21.5
860.0,21.287041265121243,21.48201784592103,8.841824938595257,21.0,1,-0.48201784592102825,21.48201784592103,20.5,21.5
861.0,21.28955222185594,21.484529555444944,8.842452397007147,21.0,1,-0.4845295554449436,21.484529555444944,20.5,21.5
862.0,21.292062801890967,21.48704088857418,8.843078714860608,21.0,1,-0.4870408885741817,21.48704088857418,20.5,21.5
863.0,21.294573005073563,21.489551845156246,8.843703891307698,21.0,1,-0.48955184515624595,21.489551845156246,20.5,21.5
864.0,21.29708283125081,21.4920624250385,8.844327925502014,21.0,1,-0.49206242503850106,21.4920624250385,20.5,21.5
865.0,21.299592280269657,21.494572628068187,8.844950816598711,21.0,1,-0.49457262806818747,21.494572628068187,20.5,21.5
866.0,21.302101351976923,21.497082454092386,8.845572563754478,21.0,1,-0.4970824540923857,21.497082454092386,20.5,21.5
867.0,21.304610046219278,21.49959190295805,8.846193166127565,21.0,1,-0.49959190295804845,21.49959190295805,20.5,21.5
868.0,21.30711836284326,21.502100974511983,8.846812622877762,21.0,0,-0.5021009745119827,21.502100974511983,20.5,21.5
869.0,21.304626301695265,21.503609668600873,8.847430933166416,21.0,0,-0.5036096686008733,21.503609668600873,20.5,21.5
870.0,21.30213486262156,21.504118185071256,8.848048096156425,21.0,0,-0.5041181850712562,21.504118185071256,20.5,21.5
871.0,21.299644045268266,21.50362672372952,8.84866411101224,21.0,0,-0.5036267237295213,21.50362672372952,20.5,21.5
872.0,21.297153849281415,21.50213548434195,8.849278976899868,21.0,0,-0.5021354843419488,21.50213548434195,20.5,21.5
873.0,21.29466427430694,21.499644666634683,8.849892692986863,21.0,0,-0.49964466663468343,21.499644666634683,20.5,21.5
874.0,21.292175319990676,21.49715447029376,8.85050525844235,21.0,0,-0.49715447029376136,21.49715447029376,20.5,21.5
875.0,21.289686985978367,21.494664894965123,8.851116672437,21.0,0,-0.49466489496512267,21.494664894965123,20.5,21.5
876.0,21.287199271915657,21.4921759402946,8.851726934143048,21.0,0,-0.4921759402946009,21.4921759402946,20.5,21.5
877.0,21.284712177448103,21.489687605927937,8.852336042734288,21.0,0,-0.48968760592793714,21.489687605927937,20.5,21.5
878.0,21.28222570222116,21.48719989151078,8.852943997386076,21.0,0,-0.48719989151078025,21.48719989151078,20.5,21.5
879.0,21.279739845880194,21.484712796688683,8.853550797275327,21.0,0,-0.48471279668868306,21.484712796688683,20.5,21.5
880.0,21.27725460807047,21.482226321107103,8.854156441580525,21.0,0,-0.4822263211071025,21.482226321107103,20.5,21.5
881.0,21.274769988437175,21.479740464411403,8.854760929481715,21.0,0,-0.47974046441140317,21.479740464411403,20.5,21.5
882.0,21.272285986625384,21.47725522624686,8.855364260160506,21.0,0,-0.4772552262468608,21.47725522624686,20.5,21.5
883.0,21.26980260228009,21.474770606258645,8.855966432800079,21.0,0,-0.47477060625864453,21.474770606258645,20.5,21.5
884.0,21.267319835046194,21.472286604091842,8.856567446585176,21.0,0,-0.47228660409184187,21.472286604091842,20.5,21.5
885.0,21.2648376845685,21.46980321939145,8.857167300702113,21.0,0,-0.4698032193914514,21.46980321939145,20.5,21.5
886.0,21.26235615049173,21.46732045180236,8.857765994338774,21.0,0,-0.4673204518023617,21.46732045180236,20.5,21.5
887.0,21.259875232460498,21.464838300969383,8.858363526684615,21.0,0,-0.46483830096938306,21.464838300969383,20.5,21.5
888.0,21.257394930119343,21.462356766537237,8.858959896930664,21.0,0,-0.462356766537237,21.462356766537237,20.5,21.5
889.0,21.254915243112706,21.45987584815054,8.859555104269523,21.0,0,-0.4598758481505385,21.45987584815054,20.5,21.5
890.0,21.252436171084938,21.457395545453828,8.860149147895365,21.0,0,-0.4573955454538279,21.457395545453828,20.5,21.5
891.0,21.2499577136803,21.454915858091546,8.860742027003944,21.0,0,-0.454915858091546,21.454915858091546,20.5,21.5
892.0,21.247479870542964,21.452436785708038,8.861333740792585,21.0,0,-0.4524367857080378,21.452436785708038,20.5,21.5
893.0,21.245002641317015,21.449958327947577,8.861924288460195,21.0,0,-0.4499583279475772,21.449958327947577,20.5,21.5
894.0,21.242526025646445,21.447480484454324,8.862513669207257,21.0,0,-0.4474804844543243,21.447480484454324,20.5,21.5
895.0,21.240050023175158,21.44500325487237,8.863101882235837,21.0,0,-0.44500325487236836,21.44500325487237,20.5,21.5
896.0,21.23757463354697,21.442526638845703,8.863688926749576,21.0,0,-0.44252663884570254,21.442526638845703,20.5,21.5
897.0,21.23509985640561,21.44005063601823,8.864274801953705,21.0,0,-0.44005063601823124,21.44005063601823,20.5,21.5
898.0,21.23262569139472,21.43757524603377,8.86485950705503,21.0,0,-0.43757524603377007,21.43757524603377,20.5,21.5
899.0,21.23015213815785,21.43510046853605,8.86544304126195,21.0,0,-0.43510046853604933,21.43510046853605,20.5,21.5
900.0,21.22767919633847,21.43262630316871,-16.13397459621556,21.0,0,-0.43262630316871054,21.43262630316871,20.5,21.5
901.0,21.22020686557996,21.42915274957531,-16.133393406165936,21.0,0,-0.4291527495753087,21.42915274957531,20.5,21.5
902.0,21.21273614552561,21.424680007399306,-16.132813389376018,21.0,0,-0.42468000739930645,21.424680007399306,20.5,21.5
903.0,21.20526703561863,21.419208276244085,-16.13223454663107,21.0,0,-0.41920827624408474,21.419208276244085,20.5,21.5
904.0,21.197799535302178,21.41273775567295,-16.131656878714765,21.0,0,-0.4127377556729499,21.41273775567295,20.5,21.5
905.0,21.190333644019375,21.40526864520913,-16.13108038640917,21.0,0,-0.4052686452091301,21.40526864520913,20.5,21.5
906.0,21.18286936121329,21.397801144335794,-16.13050507049478,21.0,0,-0.3978011443357943,21.397801144335794,20.5,21.5
907.0,21.175406686326948,21.390335252496065,-16.12993093175049,21.0,0,-0.39033525249606527,21.390335252496065,20.5,21.5
908.0,21.167945618803333,21.382870969133002,-16.1293579709536,21.0,0,-0.3828709691330019,21.382870969133002,20.5,21.5
909.0,21.160486158085384,21.375408293689645,-16.12878618887981,21.0,0,-0.37540829368964523,21.375408293689645,20.5,21.5
910.0,21.15302830361599,21.367947225608965,-16.128215586303238,21.0,0,-0.3679472256089653,21.367947225608965,20.5,21.5
911.0,21.145572054838006,21.360487764333907,-16.127646163996392,21.0,0,-0.3604877643339073,21.360487764333907,20.5,21.5
912.0,21.138117411194237,21.353029909307367,-16.12707792273019,21.0,0,-0.35302990930736655,21.353029909307367,20.5,21.5
913.0,21.130664372127452,21.34557365997219,-16.12651086327395,21.0,0,-0.3455736599721888,21.34557365997219,20.5,21.5
914.0,21.12321293708037,21.338119015771188,-16.125944986395382,21.0,0,-0.33811901577118775,21.338119015771188,20.5,21.5
915.0,21.115763105495677,21.330665976147124,-16.125380292860605,21.0,0,-0.3306659761471238,21.330665976147124,20.5,21.5
916.0,21.108314876816006,21.323214540542725,-16.124816783434134,21.0,0,-0.32321454054272536,21.323214540542725,20.5,21.5
917.0,21.100868250483956,21.31576470840067,-16.124254458878873,21.0,0,-0.31576470840067117,21.31576470840067,20.5,21.5
918.0,21.093423225942082,21.308316479163597,-16.123693319956136,21.0,0,-0.3083164791635973,21.308316479163597,20.5,21.5
919.0,21.085979802632902,21.300869852274104,-16.12313336742562,21.0,0,-0.30086985227410423,21.300869852274104,20.5,21.5
920.0,21.07853797999889,21.293424827174746,-16.122574602045418,21.0,0,-0.2934248271747464,21.293424827174746,20.5,21.5
921.0,21.071097757482484,21.28598140330804,-16.122017024572017,21.0,0,-0.285981403308039,21.28598140330804,20.5,21.5
922.0,21.063659134526073,21.278539580116465,-16.1214606357603,21.0,0,-0.2785395801164654,21.278539580116465,20.5,21.5
923.0,21.056222110572016,21.271099357042452,-16.120905436363536,21.0,0,-0.271099357042452,21.271099357042452,20.5,21.5
924.0,21.048786685062627,21.263660733528393,-16.120351427133386,21.0,0,-0.26366073352839337,21.263660733528393,20.5,21.5
925.0,21.041352857440188,21.256223709016655,-16.119798608819888,21.0,0,-0.2562237090166555,21.256223709016655,20.5,21.5
926.0,21.033920627146937,21.248788282949548,-16.11924698217149,21.0,0,-0.24878828294954758,21.248788282949548,20.5,21.5
927.0,21.026489993625074,21.241354454769343,-16.11869654793501,21.0,0,-0.24135445476934336,21.241354454769343,20.5,21.5
928.0,21.01906095631676,21.23392222391829,-16.118147306855654,21.0,0,-0.23392222391829165,21.23392222391829,20.5,21.5
929.0,21.011633514664126,21.226491589838595,-16.117599259677014,21.0,0,-0.22649158983859508,21.226491589838595,20.5,21.5
930.0,21.00420766810926,21.219062551972407,-16.117052407141074,21.0,0,-0.21906255197240654,21.219062551972407,20.5,21.5
931.0,20.99678341609421,21.211635109761865,-16.116506749988183,21.0,0,-0.21163510976186473,21.211635109761865,20.5,21.5
932.0,20.989360758060993,21.204209262649044,-16.115962288957093,21.0,0,-0.20420926264904438,21.204209262649044,20.5,21.5
933.0,20.98193969345159,21.196785010076013,-16.115419024784917,21.0,0,-0.19678501007601312,21.196785010076013,20.5,21.5
934.0,20.974520221707945,21.189362351484778,-16.114876958207155,21.0,0,-0.1893623514847782,21.189362351484778,20.5,21.5
935.0,20.96710234227196,21.18194128631732,-16.114336089957696,21.0,0,-0.18194128631731843,21.18194128631732,20.5,21.5
936.0,20.959686054585514,21.174521814015577,-16.113796420768786,21.0,0,-0.1745218140155771,21.174521814015577,20.5,21.5
937.0,20.952271358090442,21.16710393402147,-16.113257951371065,21.0,0,-0.16710393402146906,21.16710393402147,20.5,21.5
938.0,20.94485825222855,21.15968764577686,-16.11272068249354,21.0,0,-0.15968764577685945,21.15968764577686,20.5,21.5
939.0,20.937446736441604,21.15227294872359,-16.1121846148636,21.0,0,-0.15227294872358854,21.15227294872359,20.5,21.5
940.0,20.930036810171345,21.144859842303468,-16.111649749206997,21.0,0,-0.14485984230346816,21.144859842303468,20.5,21.5
941.0,20.92262847285947,21.137448325958257,-16.11111608624786,21.0,0,-0.13744832595825685,21.137448325958257,20.5,21.5
942.0,20.915221723947646,21.130038399129695,-16.110583626708703,21.0,0,-0.1300383991296954,21.130038399129695,20.5,21.5
943.0,20.907816562877514,21.122630061259493,-16.11005237131039,21.0,0,-0.1226300612594926,21.122630061259493,20.5,21.5
944.0,20.900412989090675,21.115223311789304,-16.109522320772157,21.0,0,-0.115223311789304,21.115223311789304,20.5,21.5
945.0,20.893011002028704,21.107818150160774,-16.10899347581163,21.0,0,-0.10781815016077445,21.107818150160774,20.5,21.5
946.0,20.885610601133134,21.100414575815506,-16.108465837144784,21.0,0,-0.10041457581550617,21.100414575815506,20.5,21.5
947.0,20.87821178584548,21.093012588195073,-16.10793940548596,21.0,0,-0.09301258819507296,21.093012588195073,20.5,21.5
948.0,20.870814555607215,21.085612186741013,-16.107414181547874,21.0,0,-0.08561218674101312,21.085612186741013,20.5,21.5
949.0,20.863418909859785,21.078213370894836,-16.1068901660416,21.0,0,-0.07821337089483649,21.078213370894836,20.5,21.5
950.0,20.856024848044605,21.070816140098017,-16.10636735967659,21.0,0,-0.0708161400980174,21.070816140098017,20.5,21.5
951.0,20.84863236960306,21.063420493792,-16.10584576316063,21.0,0,-0.06342049379200176,21.063420493792,20.5,21.5
952.0,20.841241473976506,21.056026431418204,-16.105325377199904,21.0,0,-0.056026431418203515,21.056026431418204,20.5,21.5
953.0,20.83385216060627,21.048633952418015,-16.104806202498924,21.0,0,-0.04863395241801527,21.048633952418015,20.5,21.5
954.0,20.826464428933647,21.041243056232787,-16.104288239760585,21.0,0,-0.04124305623278701,21.041243056232787,20.5,21.5
955.0,20.819078278399907,21.033853742303847,-16.10377148968614,21.0,0,-0.03385374230384741,21.033853742303847,20.5,21.5
956.0,20.81169370844629,21.026466010072493,-16.103255952975175,21.0,0,-0.026466010072493162,21.026466010072493,20.5,21.5
957.0,20.804310718514003,21.019079858979996,-16.10274163032567,21.0,0,-0.01907985897999609,21.019079858979996,20.5,21.5
958.0,20.796929308044234,21.011695288467585,-16.10222852243394,21.0,0,-0.011695288467585385,21.011695288467585,20.5,21.5
959.0,20.78954947647814,21.004312297976487,-16.101716629994648,21.0,0,-0.00431229797648669,21.004312297976487,20.5,21.5
960.0,20.782171223256846,20.996930886947872,-16.101205953700834,21.0,0,0.0030691130521276477,20.996930886947872,20.5,21.5
961.0,20.774794547821454,20.989551054822904,-16.100696494243874,21.0,0,0.010448945177095936,20.989551054822904,20.5,21.5
962.0,20.76741944961304,20.982172801042715,-16.1001882523135,21.0,0,0.017827198957284907,20.982172801042715,20.5,21.5
963.0,20.760045928072657,20.9747961250484,-16.099681228597806,21.0,0,0.02520387495160037,20.9747961250484,20.5,21.5
964.0,20.752673982641323,20.967421026281034,-16.099175423783223,21.0,0,0.0325789737189659,20.967421026281034,20.5,21.5
965.0,20.745303612760036,20.96004750418167,-16.09867083855454,21.0,0,0.039952495818329936,20.96004750418167,20.5,21.5
966.0,20.737934817869775,20.952675558191334,-16.098167473594884,21.0,0,0.047324441808665796,20.952675558191334,20.5,21.5
967.0,20.730567597411483,20.945305187751025,-16.09766532958575,21.0,0,0.05469481224897521,20.945305187751025,20.5,21.5
968.0,20.723201950826084,20.937936392301708,-16.097164407206964,21.0,0,0.06206360769829189,20.937936392301708,20.5,21.5
969.0,20.715837877554478,20.93056917128434,-16.0966647071367,21.0,0,0.0694308287156602,20.93056917128434,20.5,21.5
970.0,20.70847537703754,20.923203524139844,-16.09616623005148,21.0,0,0.07679647586015648,20.923203524139844,20.5,21.5
971.0,20.701114448716122,20.915839450309115,-16.095668976626172,21.0,0,0.08416054969088549,20.915839450309115,20.5,21.5
972.0,20.693755092031054,20.908476949233027,-16.09517294753398,21.0,0,0.09152305076697331,20.908476949233027,20.5,21.5
973.0,20.686397306423142,20.90111602035244,-16.094678143446462,21.0,0,0.09888397964756024,20.90111602035244,20.5,21.5
974.0,20.67904109133317,20.893756663108174,-16.09418456503351,21.0,0,0.10624333689182563,20.893756663108174,20.5,21.5
975.0,20.671686446201896,20.886398876941048,-16.09369221296335,21.0,0,0.11360112305895242,20.886398876941048,20.5,21.5
976.0,20.664333370470064,20.879042661291834,-16.093201087902564,21.0,0,0.12095733870816616,20.879042661291834,20.5,21.5
977.0,20.65698186357839,20.8716880156013,-16.092711190516063,21.0,0,0.1283119843986995,20.8716880156013,20.5,21.5
978.0,20.649631924967572,20.864334939310186,-16.092222521467093,21.0,0,0.13566506068981354,20.864334939310186,20.5,21.5
979.0,20.642283554078286,20.85698343185921,-16.09173508141724,21.0,0,0.14301656814079067,20.85698343185921,20.5,21.5
980.0,20.634936750351187,20.84963349268907,-16.091248871026437,21.0,0,0.15036650731093104,20.84963349268907,20.5,21.5
981.0,20.62759151322691,20.842285121240437,-16.090763890952932,21.0,0,0.15771487875956325,20.842285121240437,20.5,21.5
982.0,20.620247842146075,20.834938316953973,-16.09028014185332,21.0,0,0.16506168304602653,20.834938316953973,20.5,21.5
983.0,20.612905736549276,20.82759307927032,-16.089797624382534,21.0,0,0.17240692072968145,20.82759307927032,20.5,21.5
984.0,20.60556519587709,20.82024940763008,-16.08931633919382,21.0,0,0.17975059236992053,20.82024940763008,20.5,21.5
985.0,20.598226219570076,20.812907301473857,-16.088836286938783,21.0,0,0.1870926985261434,20.812907301473857,20.5,21.5
986.0,20.590888807068776,20.805566760242233,-16.088357468267333,21.0,0,0.1944332397577675,20.805566760242233,20.5,21.5
987.0,20.58355295781371,20.798227783375758,-16.087879883827725,21.0,0,0.20177221662424216,20.798227783375758,20.5,21.5
988.0,20.576218671245382,20.79089037031498,-16.087403534266542,21.0,0,0.20910962968502034,20.79089037031498,20.5,21.5
989.0,20.56888594680428,20.783554520500417,-16.086928420228688,21.0,0,0.21644547949958337,20.783554520500417,20.5,21.5
990.0,20.561554783930873,20.776220233372577,-16.0864545423574,21.0,0,0.22377976662742327,20.776220233372577,20.5,21.5
991.0,20.554225182065615,20.768887508371943,-16.08598190129424,21.0,0,0.23111249162805692,20.768887508371943,20.5,21.5
992.0,20.546897140648944,20.761556344938988,-16.085510497679095,21.0,0,0.23844365506101184,20.761556344938988,20.5,21.5
993.0,20.539570659121278,20.75422674251417,-16.085040332150175,21.0,0,0.2457732574858298,20.75422674251417,20.5,21.5
994.0,20.532245736923024,20.74689870053792,-16.084571405344022,21.0,0,0.25310129946208093,20.74689870053792,20.5,21.5
995.0,20.52492237349457,20.739572218450654,-16.084103717895488,21.0,0,0.2604277815493461,20.739572218450654,20.5,21.5
996.0,20.51760056827629,20.73224729569279,-16.083637270437762,21.0,0,0.26775270430720965,20.73224729569279,20.5,21.5
997.0,20.510280320708546,20.724923931704712,-16.083172063602337,21.0,0,0.27507606829528797,20.724923931704712,20.5,21.5
998.0,20.502961630231685,20.717602125926796,-16.082708098019044,21.0,0,0.2823978740732045,20.717602125926796,20.5,21.5
999.0,20.495644496286033,20.710281877799396,-16.082245374316017,21.0,0,0.289718122200604,20.710281877799396,20.5,21.5
1000.0,20.48832891831191,20.702963186762865,-16.081783893119727,21.0,0,0.2970368132371348,20.702963186762865,20.5,21.5
1001.0,20.481014895749624,20.695646052257537,-16.081323655054945,21.0,0,0.30435394774246305,20.695646052257537,20.5,21.5
1002.0,20.473702428039463,20.688330473723717,-16.080864660744766,21.0,0,0.3116695262762832,20.688330473723717,20.5,21.5
1003.0,20.466391514621705,20.681016450601724,-16.080406910810606,21.0,0,0.31898354939827556,20.681016450601724,20.5,21.5
1004.0,20.459082154936617,20.673703982331837,-16.07995040587219,21.0,0,0.3262960176681631,20.673703982331837,20.5,21.5
1005.0,20.451774348424454,20.666393068354346,-16.079495146547558,21.0,0,0.33360693164565447,20.666393068354346,20.5,21.5
1006.0,20.444468094525458,20.659083708109513,-16.07904113345307,21.0,0,0.3409162918904869,20.659083708109513,20.5,21.5
1007.0,20.437163392679864,20.651775901037592,-16.07858836720339,21.0,0,0.34822409896240814,20.651775901037592,20.5,21.5
1008.0,20.429860242327887,20.644469646578827,-16.0781368484115,21.0,0,0.3555303534211731,20.644469646578827,20.5,21.5
1009.0,20.42255864290974,20.637164944173453,-16.077686577688688,21.0,0,0.3628350558265474,20.637164944173453,20.5,21.5
1010.0,20.41525859386562,20.629861793261686,-16.077237555644558,21.0,0,0.3701382067383143,20.629861793261686,20.5,21.5
1011.0,20.40796009463572,20.62256019328374,-16.07678978288702,21.0,0,0.37743980671626076,20.62256019328374,20.5,21.5
1012.0,20.400663144660214,20.61526014367981,-16.07634326002229,21.0,0,0.38473985632019136,20.61526014367981,20.5,21.5
1013.0,20.39336774337928,20.607961643890086,-16.075897987654905,21.0,0,0.39203835610991433,20.607961643890086,20.5,21.5
1014.0,20.38607389023307,20.60066469335475,-16.075453966387688,21.0,0,0.3993353066452485,20.60066469335475,20.5,21.5
1015.0,20.37878158466175,20.59336929151398,-16.075011196821784,21.0,0,0.4066307084860199,20.59336929151398,20.5,21.5
1016.0,20.37149082610545,20.586075437807928,-16.07456967955664,21.0,0,0.4139245621920722,20.586075437807928,20.5,21.5
1017.0,20.36420161400432,20.578783131676747,-16.074129415190008,21.0,0,0.42121686832325267,20.578783131676747,20.5,21.5
1018.0,20.35691394779848,20.571492372560588,-16.073690404317936,21.0,0,0.4285076274394122,20.571492372560588,20.5,21.5
1019.0,20.349627826928057,20.564203159899584,-16.073252647534783,21.0,0,0.43579684010041575,20.564203159899584,20.5,21.5
1020.0,20.342343250833164,20.556915493133868,-16.07281614543321,21.0,0,0.443084506866132,20.556915493133868,20.5,21.5
1021.0,20.33506021895391,20.54962937170356,-16.07238089860418,21.0,0,0.45037062829644015,20.54962937170356,20.5,21.5
1022.0,20.327778730730397,20.542344795048777,-16.071946907636953,21.0,0,0.457655204951223,20.542344795048777,20.5,21.5
1023.0,20.320498785602723,20.535061762609626,-16.071514173119084,21.0,0,0.4649382373903741,20.535061762609626,20.5,21.5
1024.0,20.31322038301098,20.52778027382621,-16.07108269563644,21.0,0,0.4722197261737904,20.52778027382621,20.5,21.5
1025.0,20.30594352239525,20.520500328138628,-16.07065247577318,21.0,0,0.47949967186137243,20.520500328138628,20.5,21.5
1026.0,20.298668203195618,20.513221924986972,-16.07022351411175,21.0,0,0.48677807501302794,20.513221924986972,20.5,21.5
1027.0,20.291394424852157,20.50594506381132,-16.069795811232908,21.0,0,0.4940549361886788,20.50594506381132,20.5,21.5
1028.0,20.28412218680494,20.498669744051764,-16.0693693677157,21.0,1,0.5013302559482362,20.498669744051764,20.5,21.5
1029.0,20.281851488494034,20.492395965148376,-16.06894418413747,21.0,1,0.5076040348516244,20.492395965148376,20.5,21.5
1030.0,20.27958132935951,20.48712352654123,-16.068520261073857,21.0,1,0.5128764734587712,20.48712352654123,20.5,21.5
1031.0,20.277311709041424,20.48285222771039,-16.068097599098788,21.0,1,0.5171477722896114,20.48285222771039,20.5,21.5
1032.0,20.275042627179797,20.479581868175917,-16.06767619878449,21.0,1,0.5204181318240835,20.479581868175917,20.5,21.5
1033.0,20.272774083414603,20.47731224749785,-16.06725606070147,21.0,1,0.5226877525021507,20.47731224749785,20.5,21.5
1034.0,20.27050607738578,20.475043165276197,-16.066837185418542,21.0,1,0.5249568347238025,20.475043165276197,20.5,21.5
1035.0,20.268238608733217,20.47277462115094,-16.0664195735028,21.0,1,0.5272253788490602,20.47277462115094,20.5,21.5
1036.0,20.26597167709677,20.47050661476201,-16.066003225519626,21.0,1,0.5294933852379913,20.47050661476201,20.5,21.5
1037.0,20.263705282116245,20.4682391457493,-16.065588142032702,21.0,1,0.5317608542506989,20.4682391457493,20.5,21.5
1038.0,20.261439423431415,20.46597221375266,-16.065174323603983,21.0,1,0.5340277862473393,20.46597221375266,20.5,21.5
1039.0,20.25917410068201,20.463705818411906,-16.06476177079373,21.0,1,0.5362941815880937,20.463705818411906,20.5,21.5
1040.0,20.256909313507716,20.461439959366807,-16.06435048416047,21.0,1,0.5385600406331932,20.461439959366807,20.5,21.5
1041.0,20.25464506154818,20.459174636257092,-16.063940464261027,21.0,1,0.5408253637429077,20.459174636257092,20.5,21.5
1042.0,20.25238134444302,20.456909848722443,-16.063531711650512,21.0,1,0.543090151277557,20.456909848722443,20.5,21.5
1043.0,20.2501181618318,20.45464559640252,-16.063124226882316,21.0,1,0.5453544035974787,20.45464559640252,20.5,21.5
1044.0,20.247855513354057,20.45238187893693,-16.062718010508107,21.0,1,0.5476181210630706,20.45238187893693,20.5,21.5
1045.0,20.245593398649284,20.450118695965244,-16.062313063077855,21.0,1,0.5498813040347557,20.450118695965244,20.5,21.5
1046.0,20.24333181735694,20.447856047126997,-16.061909385139792,21.0,1,0.5521439528730028,20.447856047126997,20.5,21.5
1047.0,20.24107076911644,20.445593932061676,-16.061506977240445,21.0,1,0.5544060679383236,20.445593932061676,20.5,21.5
1048.0,20.23881025356717,20.443332350408753,-16.061105839924608,21.0,1,0.5566676495912475,20.443332350408753,20.5,21.5
1049.0,20.23655027034847,20.441071301807636,-16.060705973735374,21.0,1,0.5589286981923642,20.441071301807636,20.5,21.5
1050.0,20.23429081909965,20.43881078589771,-16.06030737921409,21.0,1,0.5611892141022885,20.43881078589771,20.5,21.5
1051.0,20.23203189945999,20.436550802318322,-16.059910056900407,21.0,1,0.5634491976816776,20.436550802318322,20.5,21.5
1052.0,20.229773511068718,20.43429135070878,-16.05951400733224,21.0,1,0.5657086492912207,20.43429135070878,20.5,21.5
1053.0,20.22751565356504,20.432032430708354,-16.059119231045777,21.0,1,0.5679675692916462,20.432032430708354,20.5,21.5
1054.0,20.225258326588115,20.42977404195628,-16.05872572857549,21.0,1,0.5702259580437214,20.42977404195628,20.5,21.5
1055.0,20.223001529777083,20.427516184091765,-16.058333500454125,21.0,1,0.5724838159082353,20.427516184091765,20.5,21.5
1056.0,20.220745262771036,20.425258856753974,-16.057942547212704,21.0,1,0.5747411432460261,20.425258856753974,20.5,21.5
1057.0,20.21848952520904,20.42300205958204,-16.05755286938052,21.0,1,0.5769979404179608,20.42300205958204,20.5,21.5
1058.0,20.216234316730123,20.420745792215055,-16.057164467485137,21.0,1,0.5792542077849454,20.420745792215055,20.5,21.5
1059.0,20.21397963697328,20.41849005429209,-16.0567773420524,21.0,1,0.5815099457079107,20.41849005429209,20.5,21.5
1060.0,20.211725485577475,20.41623484545217,-16.056391493606416,21.0,1,0.5837651545478302,20.41623484545217,20.5,21.5
1061.0,20.209471862181637,20.413980165334287,-16.056006922669575,21.0,1,0.5860198346657128,20.413980165334287,20.5,21.5
1062.0,20.207218766424667,20.411726013577415,-16.05562362976252,21.0,1,0.5882739864225854,20.411726013577415,20.5,21.5
1063.0,20.204966197945428,20.409472389820472,-16.055241615404178,21.0,1,0.590527610179528,20.409472389820472,20.5,21.5
1064.0,20.202714156382758,20.40721929370237,-16.054860880111747,21.0,1,0.5927807062976314,20.40721929370237,20.5,21.5
1065.0,20.20046264137546,20.404966724861964,-16.054481424400684,21.0,1,0.5950332751380358,20.404966724861964,20.5,21.5
1066.0,20.198211652562303,20.4027146829381,-16.054103248784713,21.0,1,0.5972853170618997,20.4027146829381,20.5,21.5
1067.0,20.195961189582032,20.400463167569573,-16.053726353775833,21.0,1,0.5995368324304273,20.400463167569573,20.5,21.5
1068.0,20.19371125207336,20.39821217839516,-16.0533507398843,21.0,1,0.6017878216048409,20.39821217839516,20.5,21.5
1069.0,20.191461839674968,20.395961715053602,-16.05297640761865,21.0,1,0.6040382849463981,20.395961715053602,20.5,21.5
1070.0,20.18921295202551,20.39371177718361,-16.052603357485673,21.0,1,0.6062882228163886,20.39371177718361,20.5,21.5
1071.0,20.186964588763608,20.39146236442387,-16.052231589990413,21.0,1,0.6085376355761305,20.39146236442387,20.5,21.5
1072.0,20.18471674952786,20.389213476413033,-16.051861105636203,21.0,1,0.6107865235869667,20.389213476413033,20.5,21.5
1073.0,20.182469433956825,20.386965112789728,-16.051491904924617,21.0,1,0.6130348872102722,20.386965112789728,20.5,21.5
1074.0,20.18022264168905,20.384717273192543,-16.051123988355503,21.0,1,0.6152827268074574,20.384717273192543,20.5,21.5
1075.0,20.17797637236304,20.38246995726005,-16.050757356426967,21.0,1,0.6175300427399506,20.38246995726005,20.5,21.5
1076.0,20.175730625617284,20.380223164630785,-16.050392009635374,21.0,1,0.6197768353692155,20.380223164630785,20.5,21.5
1077.0,20.173485401090232,20.37797689494326,-16.050027948475346,21.0,1,0.6220231050567406,20.37797689494326,20.5,21.5
1078.0,20.17124069842032,20.375731147835957,-16.049665173439777,21.0,1,0.6242688521640432,20.375731147835957,20.5,21.5
1079.0,20.168996517245947,20.37348592294734,-16.04930368501981,21.0,1,0.6265140770526614,20.37348592294734,20.5,21.5
1080.0,20.166752857205495,20.37124121991583,-16.048943483704846,21.0,1,0.6287587800841692,20.37124121991583,20.5,21.5
1081.0,20.164509717937314,20.368997038379838,-16.048584569982545,21.0,1,0.6310029616201618,20.368997038379838,20.5,21.5
1082.0,20.16226709907973,20.366753377977737,-16.04822694433883,21.0,1,0.6332466220222628,20.366753377977737,20.5,21.5
1083.0,20.160025000271048,20.364510238347883,-16.047870607257863,21.0,1,0.6354897616521171,20.364510238347883,20.5,21.5
1084.0,20.157783421149542,20.3622676191286,-16.047515559222077,21.0,1,0.6377323808714017,20.3622676191286,20.5,21.5
1085.0,20.15554236135347,20.360025519958192,-16.047161800712164,21.0,1,0.6399744800418077,20.360025519958192,20.5,21.5
1086.0,20.153301820521055,20.357783940474942,-16.046809332207054,21.0,1,0.6422160595250581,20.357783940474942,20.5,21.5
1087.0,20.15106179829051,20.355542880317095,-16.046458154183938,21.0,1,0.6444571196829045,20.355542880317095,20.5,21.5
1088.0,20.148822294300015,20.35330233912289,-16.046108267118264,21.0,1,0.6466976608771091,20.35330233912289,20.5,21.5
1089.0,20.14658330818773,20.351062316530527,-16.045759671483722,21.0,1,0.6489376834694731,20.351062316530527,20.5,21.5
1090.0,20.144344839591795,20.34882281217819,-16.04541236775227,21.0,1,0.6511771878218084,20.34882281217819,20.5,21.5
1091.0,20.142106888150327,20.346583825704048,-16.045066356394095,21.0,1,0.6534161742959519,20.346583825704048,20.5,21.5
1092.0,20.13986945350142,20.34434535674623,-16.044721637877657,21.0,1,0.6556546432537687,20.34434535674623,20.5,21.5
1093.0,20.137632535283142,20.34210740494286,-16.04437821266965,21.0,1,0.6578925950571417,20.34210740494286,20.5,21.5
1094.0,20.13539613313355,20.339869969932018,-16.04403608123502,21.0,1,0.6601300300679824,20.339869969932018,20.5,21.5
1095.0,20.133160246690675,20.337633051351794,-16.043695244036964,21.0,1,0.6623669486482058,20.337633051351794,20.5,21.5
1096.0,20.13092487559253,20.335396648840234,-16.04335570153693,21.0,1,0.6646033511597658,20.335396648840234,20.5,21.5
1097.0,20.128690019477105,20.33316076203537,-16.043017454194608,21.0,1,0.6668392379646306,20.33316076203537,20.5,21.5
1098.0,20.12645567798237,20.330925390575214,-16.04268050246793,21.0,1,0.6690746094247864,20.330925390575214,20.5,21.5
1099.0,20.12422185074628,20.328690534097763,-16.04234484681309,21.0,1,0.6713094659022367,20.328690534097763,20.5,21.5
1100.0,20.121988537406768,20.326456192240983,-16.04201048768451,21.0,1,0.6735438077590175,20.326456192240983,20.5,21.5
1101.0,20.11975573760175,20.32422236464283,-16.041677425534864,21.0,1,0.6757776353571714,20.32422236464283,20.5,21.5
1102.0,20.117523450969124,20.32198905094123,-16.041345660815075,21.0,1,0.6780109490587698,20.32198905094123,20.5,21.5
1103.0,20.115291677146768,20.31975625077411,-16.0410151939743,21.0,1,0.680243749225891,20.31975625077411,20.5,21.5
1104.0,20.113060415772544,20.317523963779358,-16.04068602545994,21.0,1,0.6824760362206419,20.317523963779358,20.5,21.5
1105.0,20.1108296664843,20.315292189594864,-16.04035815571765,21.0,1,0.6847078104051363,20.315292189594864,20.5,21.5
1106.0,20.10859942891986,20.313060927858487,-16.040031585191315,21.0,1,0.686939072141513,20.313060927858487,20.5,21.5
1107.0,20.106369702717036,20.31083017820807,-16.039706314323055,21.0,1,0.6891698217919284,20.31083017820807,20.5,21.5
1108.0,20.10414048751363,20.308599940281443,-16.039382343553253,21.0,1,0.691400059718557,20.308599940281443,20.5,21.5
1109.0,20.101911782947415,20.306370213716416,-16.039059673320512,21.0,1,0.6936297862835836,20.306370213716416,20.5,21.5
1110.0,20.099683588656163,20.304140998150793,-16.03873830406168,21.0,1,0.6958590018492075,20.304140998150793,20.5,21.5
1111.0,20.09745590427762,20.301912293222344,-16.038418236211847,21.0,1,0.6980877067776561,20.301912293222344,20.5,21.5
1112.0,20.095228729449524,20.29968409856884,-16.038099470204337,21.0,1,0.7003159014311606,20.29968409856884,20.5,21.5
1113.0,20.093002063809593,20.297456413828037,-16.037782006470714,21.0,1,0.7025435861719629,20.297456413828037,20.5,21.5
1114.0,20.090775906995535,20.29522923863766,-16.037465845440778,21.0,1,0.7047707613623402,20.29522923863766,20.5,21.5
1115.0,20.088550258645046,20.293002572635437,-16.03715098754256,21.0,1,0.7069974273645627,20.293002572635437,20.5,21.5
1116.0,20.08632511839581,20.29077641545907,-16.036837433202344,21.0,1,0.7092235845409292,20.29077641545907,20.5,21.5
1117.0,20.08410048588549,20.288550766746265,-16.03652518284462,21.0,1,0.7114492332537345,20.288550766746265,20.5,21.5
1118.0,20.081876360751743,20.286325626134694,-16.036214236892146,21.0,1,0.713674373865306,20.286325626134694,20.5,21.5
1119.0,20.079652742632213,20.28410099326203,-16.035904595765892,21.0,1,0.7158990067379705,20.28410099326203,20.5,21.5
1120.0,20.077429631164534,20.281876867765927,-16.03559625988506,21.0,1,0.7181231322340729,20.281876867765927,20.5,21.5
1121.0,20.075207025986323,20.27965324928403,-16.0352892296671,21.0,1,0.7203467507159687,20.27965324928403,20.5,21.5
1122.0,20.07298492673519,20.27743013745397,-16.034983505527688,21.0,1,0.7225698625460311,20.27743013745397,20.5,21.5
1123.0,20.07076333304874,20.27520753191337,-16.034679087880725,21.0,1,0.7247924680866298,20.27520753191337,20.5,21.5
1124.0,20.06854224456455,20.27298543229984,-16.03437597713835,21.0,1,0.7270145677001594,20.27298543229984,20.5,21.5
1125.0,20.06632166092021,20.270763838250975,-16.034074173710934,21.0,1,0.7292361617490251,20.270763838250975,20.5,21.5
1126.0,20.064101581753285,20.268542749404368,-16.033773678007066,21.0,1,0.731457250595632,20.268542749404368,20.5,21.5
1127.0,20.06188200670133,20.266322165397593,-16.033474490433584,21.0,1,0.7336778346024069,20.266322165397593,20.5,21.5
1128.0,20.059662935401906,20.264102085868227,-16.03317661139554,21.0,1,0.7358979141317725,20.264102085868227,20.5,21.5
1129.0,20.057444367492547,20.26188251045383,-16.03288004129622,21.0,1,0.7381174895461697,20.26188251045383,20.5,21.5
1130.0,20.05522630261079,20.259663438791947,-16.032584780537135,21.0,1,0.7403365612080535,20.259663438791947,20.5,21.5
1131.0,20.053008740394162,20.257444870520125,-16.03229082951803,21.0,1,0.7425551294798751,20.257444870520125,20.5,21.5
1132.0,20.05079168048018,20.255226805275893,-16.031998188636866,21.0,1,0.7447731947241074,20.255226805275893,20.5,21.5
1133.0,20.048575122506357,20.253009242696784,-16.031706858289837,21.0,1,0.746990757303216,20.253009242696784,20.5,21.5
1134.0,20.0463590661102,20.250792182420316,-16.03141683887137,21.0,1,0.7492078175796841,20.250792182420316,20.5,21.5
1135.0,20.044143510929203,20.248575624083998,-16.0311281307741,21.0,1,0.7514243759160024,20.248575624083998,20.5,21.5
1136.0,20.04192845660086,20.246359567325335,-16.0308407343889,21.0,1,0.7536404326746649,20.246359567325335,20.5,21.5
1137.0,20.039713902762664,20.244144011781835,-16.03055465010486,21.0,1,0.7558559882181655,20.244144011781835,20.5,21.5
1138.0,20.03749984905209,20.24192895709098,-16.030269878309305,21.0,1,0.7580710429090196,20.24192895709098,20.5,21.5
1139.0,20.035286295106616,20.239714402890264,-16.02998641938776,21.0,1,0.7602855971097355,20.239714402890264,20.5,21.5
1140.0,20.033073240563716,20.237500348817164,-16.029704273724004,21.0,1,0.7624996511828357,20.237500348817164,20.5,21.5
1141.0,20.03086068506086,20.235286794509165,-16.02942344170001,21.0,1,0.7647132054908354,20.235286794509165,20.5,21.5
1142.0,20.028648628235505,20.233073739603732,-16.02914392369599,21.0,1,0.7669262603962679,20.233073739603732,20.5,21.5
1143.0,20.02643706972512,20.23086118373834,-16.028865720090366,21.0,1,0.769138816261659,20.23086118373834,20.5,21.5
1144.0,20.024226009167155,20.228649126550447,-16.028588831259786,21.0,1,0.7713508734495527,20.228649126550447,20.5,21.5
1145.0,20.02201544619907,20.226437567677518,-16.02831325757912,21.0,1,0.7735624323224819,20.226437567677518,20.5,21.5
1146.0,20.019805380458315,20.22422650675701,-16.028038999421454,21.0,1,0.7757734932429905,20.22422650675701,20.5,21.5
1147.0,20.01759581158234,20.222015943426378,-16.027766057158093,21.0,1,0.7779840565736222,20.222015943426378,20.5,21.5
1148.0,20.01538673920859,20.219805877323072,-16.027494431158562,21.0,1,0.780194122676928,20.219805877323072,20.5,21.5
1149.0,20.013178162974516,20.217596308084545,-16.027224121790603,21.0,1,0.7824036919154551,20.217596308084545,20.5,21.5
1150.0,20.010970082517563,20.215387235348242,-16.026955129420177,21.0,1,0.784612764651758,20.215387235348242,20.5,21.5
1151.0,20.008762497475175,20.213178658751616,-16.02668745441146,21.0,1,0.786821341248384,20.213178658751616,20.5,21.5
1152.0,20.006555407484797,20.21097057793211,-16.02642109712684,21.0,1,0.7890294220678911,20.21097057793211,20.5,21.5
1153.0,20.004348812183874,20.208762992527163,-16.026156057926933,21.0,1,0.7912370074728372,20.208762992527163,20.5,21.5
1154.0,20.002142711209853,20.206555902174234,-16.02589233717056,21.0,1,0.7934440978257662,20.206555902174234,20.5,21.5
1155.0,19.99993710420018,20.204349306510757,-16.025629935214766,21.0,1,0.7956506934892431,20.204349306510757,20.5,21.5
1156.0,19.997731990792296,20.202143205174178,-16.025368852414797,21.0,1,0.7978567948258224,20.202143205174178,20.5,21.5
1157.0,19.995527370623655,20.19993759780195,-16.02510908912413,21.0,1,0.8000624021980514,20.19993759780195,20.5,21.5
1158.0,19.993323243331705,20.197732484031512,-16.024850645694436,21.0,1,0.802267515968488,20.197732484031512,20.5,21.5
1159.0,19.9911196085539,20.19552786350032,-16.02459352247562,21.0,1,0.8044721364996796,20.19552786350032,20.5,21.5
1160.0,19.98891646592769,20.193323735845823,-16.024337719815787,21.0,1,0.8066762641541771,20.193323735845823,20.5,21.5
1161.0,19.986713815090543,20.191120100705472,-16.02408323806125,21.0,1,0.8088798992945279,20.191120100705472,20.5,21.5
1162.0,19.984511655679913,20.188916957716724,-16.023830077556553,21.0,1,0.8110830422832755,20.188916957716724,20.5,21.5
1163.0,19.982309987333267,20.18671430651704,-16.023578238644426,21.0,1,0.8132856934829604,20.18671430651704,20.5,21.5
1164.0,19.980108809688073,20.184512146743874,-16.023327721665833,21.0,1,0.8154878532561263,20.184512146743874,20.5,21.5
1165.0,19.977908122381802,20.182310478034697,-16.023078526959928,21.0,1,0.8176895219653026,20.182310478034697,20.5,21.5
1166.0,19.975707925051932,20.180109300026977,-16.022830654864094,21.0,1,0.8198906999730227,20.180109300026977,20.5,21.5
1167.0,19.973508217335947,20.177908612358184,-16.022584105713904,21.0,1,0.8220913876418159,20.177908612358184,20.5,21.5
1168.0,19.971308998871336,20.1757084146658,-16.022338879843158,21.0,1,0.8242915853342012,20.1757084146658,20.5,21.5
1169.0,19.969110269295594,20.173508706587302,-16.02209497758385,21.0,1,0.8264912934126976,20.173508706587302,20.5,21.5
1170.0,19.96691202824622,20.171309487760187,-16.021852399266194,21.0,1,0.8286905122398132,20.171309487760187,20.5,21.5
1171.0,19.964714275360716,20.169110757821944,-16.021611145218603,21.0,1,0.8308892421780563,20.169110757821944,20.5,21.5
1172.0,19.9625170102766,20.166912516410072,-16.0213712157677,21.0,1,0.833087483589928,20.166912516410072,20.5,21.5
1173.0,19.96032023263139,20.164714763162085,-16.021132611238315,21.0,1,0.8352852368379153,20.164714763162085,20.5,21.5
1174.0,19.958123942062617,20.162517497715488,-16.020895331953483,21.0,1,0.8374825022845123,20.162517497715488,20.5,21.5
1175.0,19.955928138207813,20.160320719707805,-16.02065937823445,21.0,1,0.8396792802921951,20.160320719707805,20.5,21.5
1176.0,19.953732820704523,20.158124428776567,-16.020424750400657,21.0,1,0.8418755712234329,20.158124428776567,20.5,21.5
1177.0,19.951537989190303,20.15592862455931,-16.020191448769758,21.0,1,0.8440713754406914,20.15592862455931,20.5,21.5
1178.0,19.94934364330271,20.153733306693574,-16.019959473657615,21.0,1,0.8462666933064256,20.153733306693574,20.5,21.5
1179.0,19.94714978267932,20.151538474816913,-16.01972882537828,21.0,1,0.8484615251830867,20.151538474816913,20.5,21.5
1180.0,19.944956406957708,20.14934412856689,-16.01949950424402,21.0,1,0.8506558714331085,20.14934412856689,20.5,21.5
1181.0,19.942763515775468,20.147150267581083,-16.019271510565307,21.0,1,0.8528497324189175,20.147150267581083,20.5,21.5
1182.0,19.9405711087702,20.144956891497063,-16.019044844650807,21.0,1,0.8550431085029366,20.144956891497063,20.5,21.5
1183.0,19.938379185579517,20.142763999952425,-16.018819506807397,21.0,1,0.8572360000475747,20.142763999952425,20.5,21.5
1184.0,19.93618774584104,20.14057159258477,-16.018595497340147,21.0,1,0.8594284074152299,20.14057159258477,20.5,21.5
1185.0,19.933996789192403,20.138379669031707,-16.018372816552336,21.0,1,0.861620330968293,20.138379669031707,20.5,21.5
1186.0,19.931806315271253,20.136188228930862,-16.01815146474544,21.0,1,0.8638117710691375,20.136188228930862,20.5,21.5
1187.0,19.929616323715248,20.13399727191987,-16.01793144221914,21.0,1,0.8660027280801295,20.13399727191987,20.5,21.5
1188.0,19.92742681416206,20.13180679763638,-16.01771274927131,21.0,1,0.8681932023636207,20.13180679763638,20.5,21.5
1189.0,19.925237786249376,20.129616805718047,-16.017495386198036,21.0,1,0.8703831942819527,20.129616805718047,20.5,21.5
1190.0,19.923049239614887,20.127427295802544,-16.01727935329359,21.0,1,0.8725727041974558,20.127427295802544,20.5,21.5
1191.0,19.920861173896306,20.125238267527557,-16.017064650850443,21.0,1,0.874761732472443,20.125238267527557,20.5,21.5
1192.0,19.918673588731355,20.123049720530776,-16.016851279159287,21.0,1,0.8769502794692237,20.123049720530776,20.5,21.5
1193.0,19.916486483757776,20.120861654449918,-16.016639238508986,21.0,1,0.8791383455500821,20.120861654449918,20.5,21.5
1194.0,19.914299858613322,20.118674068922708,-16.016428529186612,21.0,1,0.8813259310772921,20.118674068922708,20.5,21.5
1195.0,19.912113712935763,20.116486963586883,-16.016219151477443,21.0,1,0.8835130364131167,20.116486963586883,20.5,21.5
1196.0,19.909928046362882,20.1143003380802,-16.016011105664937,21.0,1,0.8856996619198014,20.1143003380802,20.5,21.5
1197.0,19.907742858532476,20.112114192040423,-16.01580439203076,21.0,1,0.8878858079595773,20.112114192040423,20.5,21.5
1198.0,19.905558149082363,20.10992852510534,-16.01559901085477,21.0,1,0.8900714748946612,20.10992852510534,20.5,21.5
1199.0,19.903373917650377,20.10774333691275,-16.01539496241503,21.0,1,0.8922566630872488,20.10774333691275,20.5,21.5
1200.0,19.901190163874364,20.10555862710047,-16.015192246987795,21.0,1,0.8944413728995286,20.10555862710047,20.5,21.5
1201.0,19.899006887392193,20.103374395306332,-16.014990864847498,21.0,1,0.8966256046936678,20.103374395306332,20.5,21.5
1202.0,19.896824087841747,20.101190641168188,-16.01479081626679,21.0,1,0.8988093588318122,20.101190641168188,20.5,21.5
1203.0,19.894641764860925,20.0990073643239,-16.01459210151651,21.0,1,0.9009926356761007,20.0990073643239,20.5,21.5
1204.0,19.89245991808765,20.096824564411357,-16.014394720865685,21.0,1,0.9031754355886434,20.096824564411357,20.5,21.5
1205.0,19.89027854715986,20.094642241068453,-16.01419867458154,21.0,1,0.9053577589315474,20.094642241068453,20.5,21.5
1206.0,19.888097651715512,20.092460393933116,-16.014003962929493,21.0,1,0.9075396060668837,20.092460393933116,20.5,21.5
1207.0,19.885917231392582,20.090279022643283,-16.01381058617316,21.0,1,0.9097209773567165,20.090279022643283,20.5,21.5
1208.0,19.88373728582907,20.088098126836915,-16.013618544574342,21.0,1,0.9119018731630852,20.088098126836915,20.5,21.5
1209.0,19.88155781466299,20.08591770615198,-16.01342783839303,21.0,1,0.9140822938480184,20.08591770615198,20.5,21.5
1210.0,19.87937881753238,20.083737760226487,-16.01323846788742,21.0,1,0.9162622397735127,20.083737760226487,20.5,21.5
1211.0,19.877200294075298,20.081558288698442,-16.013050433313893,21.0,1,0.9184417113015577,20.081558288698442,20.5,21.5
1212.0,19.87502224392982,20.07937929120589,-16.012863734927013,21.0,1,0.920620708794111,20.07937929120589,20.5,21.5
1213.0,19.87284466673405,20.077200767386888,-16.012678372979547,21.0,1,0.9227992326131123,20.077200767386888,20.5,21.5
1214.0,19.87066756212611,20.07502271687951,-16.012494347722452,21.0,1,0.9249772831204908,20.07502271687951,20.5,21.5
1215.0,19.868490929744137,20.072845139321863,-16.012311659404862,21.0,1,0.9271548606781366,20.072845139321863,20.5,21.5
1216.0,19.866314769226307,20.070668034352064,-16.01213030827412,21.0,1,0.9293319656479362,20.070668034352064,20.5,21.5
1217.0,19.864139080210805,20.068491401608263,-16.011950294575744,21.0,1,0.931508598391737,20.068491401608263,20.5,21.5
1218.0,19.86196386233585,20.06631524072862,-16.011771618553446,21.0,1,0.9336847592713795,20.06631524072862,20.5,21.5
1219.0,19.85978911523967,20.06413955135133,-16.01159428044913,21.0,1,0.9358604486486684,20.06413955135133,20.5,21.5
1220.0,19.857614838560533,20.06196433311461,-16.011418280502888,21.0,1,0.9380356668853906,20.06196433311461,20.5,21.5
1221.0,19.85544103193672,20.059789585656695,-16.011243618952996,21.0,1,0.940210414343305,20.059789585656695,20.5,21.5
1222.0,19.853267695006544,20.05761530861584,-16.011070296035918,21.0,1,0.9423846913841594,20.05761530861584,20.5,21.5
1223.0,19.851094827408335,20.055441501630337,-16.01089831198631,21.0,1,0.9445584983696627,20.055441501630337,20.5,21.5
1224.0,19.848922428780458,20.053268164338498,-16.01072766703701,21.0,1,0.9467318356615024,20.053268164338498,20.5,21.5
1225.0,19.846750498761295,20.05109529637865,-16.010558361419058,21.0,1,0.9489047036213485,20.05109529637865,20.5,21.5
1226.0,19.84457903698926,20.048922897389158,-16.010390395361654,21.0,1,0.9510771026108422,20.048922897389158,20.5,21.5
1227.0,19.84240804310279,20.046750967008407,-16.01022376909221,21.0,1,0.953249032991593,20.046750967008407,20.5,21.5
1228.0,19.840237516740352,20.04457950487481,-16.010058482836314,21.0,1,0.955420495125189,20.04457950487481,20.5,21.5
1229.0,19.838067457540436,20.042408510626807,-16.009894536817733,21.0,1,0.9575914893731934,20.042408510626807,20.5,21.5
1230.0,19.835897865141565,20.04023798390286,-16.00973193125843,21.0,1,0.959762016097141,20.04023798390286,20.5,21.5
1231.0,19.833728739182284,20.038067924341462,-16.00957066637855,21.0,1,0.9619320756585381,20.038067924341462,20.5,21.5
1232.0,19.831560079301173,20.035898331581137,-16.00941074239642,21.0,1,0.9641016684188628,20.035898331581137,20.5,21.5
1233.0,19.829391885136832,20.033729205260435,-16.009252159528558,21.0,1,0.9662707947395646,20.033729205260435,20.5,21.5
1234.0,19.8272241563279,20.03156054501793,-16.009094917989657,21.0,1,0.9684394549820716,20.03156054501793,20.5,21.5
1235.0,19.825056892513036,20.029392350492223,-16.008939017992603,21.0,1,0.9706076495077767,20.029392350492223,20.5,21.5
1236.0,19.822890093330933,20.027224621321952,-16.00878445974846,21.0,1,0.9727753786780475,20.027224621321952,20.5,21.5
1237.0,19.820723758420318,20.02505735714578,-16.008631243466475,21.0,1,0.97494264285422,20.02505735714578,20.5,21.5
1238.0,19.81855788741994,20.022890557602402,-16.008479369354088,21.0,1,0.9771094423975981,20.022890557602402,20.5,21.5
1239.0,19.816392479968584,20.020724222330536,-16.008328837616908,21.0,1,0.9792757776694643,20.020724222330536,20.5,21.5
1240.0,19.81422753570507,20.018558350968945,-16.008179648458736,21.0,1,0.9814416490310549,20.018558350968945,20.5,21.5
1241.0,19.812063054268236,20.016392943156408,-16.008031802081554,21.0,1,0.9836070568435922,20.016392943156408,20.5,21.5
1242.0,19.809899035296965,20.014227998531737,-16.007885298685522,21.0,1,0.9857720014682627,20.014227998531737,20.5,21.5
1243.0,19.807735478430168,20.012063516733782,-16.007740138468982,21.0,1,0.9879364832662176,20.012063516733782,20.5,21.5
1244.0,19.80557238330679,20.00989949740142,-16.00759632162847,21.0,1,0.9901005025985796,20.00989949740142,20.5,21.5
1245.0,19.8034097495658,20.007735940173568,-16.00745384835868,21.0,1,0.9922640598264323,20.007735940173568,20.5,21.5
1246.0,19.801247576846215,20.005572844689162,-16.007312718852504,21.0,1,0.9944271553108379,20.005572844689162,20.5,21.5
1247.0,19.799085864787074,20.003410210587184,-16.007172933301018,21.0,1,0.9965897894128162,20.003410210587184,20.5,21.5
1248.0,19.796924613027457,20.001248037506645,-16.007034491893464,21.0,1,0.9987519624933547,20.001248037506645,20.5,21.5
1249.0,19.794763821206473,19.999086325086584,-16.006897394817273,21.0,1,1.0009136749134164,19.999086325086584,20.5,21.5
1250.0,19.79260348896327,19.996925072966075,-16.006761642258056,21.0,1,1.003074927033925,19.996925072966075,20.5,21.5
1251.0,19.790443615937026,19.99476428078424,-16.006627234399602,21.0,1,1.0052357192157615,19.99476428078424,20.5,21.5
1252.0,19.78828420176696,19.992603948180214,-16.00649417142388,21.0,1,1.0073960518197858,19.992603948180214,20.5,21.5
1253.0,19.786125246092322,19.990444074793185,-16.006362453511038,21.0,1,1.009555925206815,19.990444074793185,20.5,21.5
1254.0,19.783966748552402,19.988284660262373,-16.006232080839403,21.0,1,1.011715339737627,19.988284660262373,20.5,21.5
1255.0,19.781808708786524,19.986125704227025,-16.00610305358548,21.0,1,1.0138742957729754,19.986125704227025,20.5,21.5
1256.0,19.77965112643405,19.98396720632643,-16.005975371923952,21.0,1,1.0160327936735705,19.98396720632643,20.5,21.5
1257.0,19.77749400113438,19.981809166199913,-16.005849036027683,21.0,1,1.0181908338000873,19.981809166199913,20.5,21.5
1258.0,19.775337332526945,19.979651583486838,-16.005724046067716,21.0,1,1.020348416513162,19.979651583486838,20.5,21.5
1259.0,19.773181120251227,19.9774944578266,-16.005600402213265,21.0,1,1.0225055421733984,19.9774944578266,20.5,21.5
1260.0,19.771025363946734,19.975337788858646,-16.005478104631727,21.0,1,1.0246622111413544,19.975337788858646,20.5,21.5
1261.0,19.76887006325302,19.973181576222437,-16.005357153488674,21.0,1,1.0268184237775628,19.973181576222437,20.5,21.5
1262.0,19.76671521780967,19.971025819557497,-16.00523754894786,21.0,1,1.0289741804425034,19.971025819557497,20.5,21.5
1263.0,19.764560827256318,19.968870518503373,-16.005119291171212,21.0,1,1.0311294814966274,19.968870518503373,20.5,21.5
1264.0,19.762406891232633,19.966715672699653,-16.005002380318828,21.0,1,1.033284327300347,19.966715672699653,20.5,21.5
1265.0,19.760253409378322,19.96456128178597,-16.004886816548996,21.0,1,1.0354387182140314,19.96456128178597,20.5,21.5
1266.0,19.758100381333136,19.962407345401992,-16.00477260001817,21.0,1,1.0375926545980079,19.962407345401992,20.5,21.5
1267.0,19.755947806736867,19.960253863187436,-16.00465973088098,21.0,1,1.039746136812564,19.960253863187436,20.5,21.5
1268.0,19.753795685229342,19.958100834782037,-16.004548209290235,21.0,1,1.0418991652179628,19.958100834782037,20.5,21.5
1269.0,19.751644016450438,19.9559482598256,-16.00443803539692,21.0,1,1.0440517401743996,19.9559482598256,20.5,21.5
1270.0,19.74949280004007,19.95379613795795,-16.004329209350196,21.0,1,1.0462038620420486,19.95379613795795,20.5,21.5
1271.0,19.74734203563819,19.951644468818962,-16.004221731297395,21.0,1,1.0483555311810377,19.951644468818962,20.5,21.5
1272.0,19.745191722884805,19.949493252048548,-16.00411560138403,21.0,1,1.0505067479514523,19.949493252048548,20.5,21.5
1273.0,19.74304186141995,19.94734248728667,-16.00401081975378,21.0,1,1.0526575127133313,19.94734248728667,20.5,21.5
1274.0,19.740892450883717,19.94519217417332,-16.003907386548512,21.0,1,1.0548078258266784,19.94519217417332,20.5,21.5
1275.0,19.73874349091623,19.943042312348553,-16.003805301908255,21.0,1,1.0569576876514475,19.943042312348553,20.5,21.5
1276.0,19.736594981157666,19.94089290145245,-16.003704565971216,21.0,1,1.0591070985475497,19.94089290145245,20.5,21.5
1277.0,19.73444692124824,19.938743941125136,-16.003605178873777,21.0,1,1.0612560588748643,19.938743941125136,20.5,21.5
1278.0,19.732299310828214,19.936595431006786,-16.003507140750497,21.0,1,1.0634045689932137,19.936595431006786,20.5,21.5
1279.0,19.730152149537897,19.934447370737622,-16.003410451734098,21.0,1,1.0655526292623776,19.934447370737622,20.5,21.5
1280.0,19.728005437017643,19.932299759957903,-16.003315111955494,21.0,1,1.0677002400420967,19.932299759957903,20.5,21.5
1281.0,19.72585917290785,19.930152598307938,-16.003221121543753,21.0,1,1.069847401692062,19.930152598307938,20.5,21.5
1282.0,19.723713356848958,19.928005885428085,-16.003128480626124,21.0,1,1.0719941145719147,19.928005885428085,20.5,21.5
1283.0,19.721567988481464,19.925859620958736,-16.003037189328037,21.0,1,1.074140379041264,19.925859620958736,20.5,21.5
1284.0,19.719423067445902,19.923713804540334,-16.00294724777308,21.0,1,1.0762861954596659,19.923713804540334,20.5,21.5
1285.0,19.717278593382858,19.921568435813377,-16.00285865608302,21.0,1,1.078431564186623,19.921568435813377,20.5,21.5
1286.0,19.715134565932964,19.9194235144184,-16.002771414377804,21.0,1,1.0805764855815987,19.9194235144184,20.5,21.5
1287.0,19.7129909847369,19.917279039995986,-16.002685522775543,21.0,1,1.0827209600040142,19.917279039995986,20.5,21.5
1288.0,19.7108478494354,19.915135012186774,-16.002600981392515,21.0,1,1.0848649878132264,19.915135012186774,20.5,21.5
1289.0,19.708705159669233,19.91299143063144,-16.002517790343184,21.0,1,1.0870085693685603,19.91299143063144,20.5,21.5
1290.0,19.706562915079232,19.910848294970712,-16.002435949740175,21.0,1,1.0891517050292876,19.910848294970712,20.5,21.5
1291.0,19.704421115306268,19.908705604845373,-16.002355459694293,21.0,1,1.0912943951546268,19.908705604845373,20.5,21.5
1292.0,19.702279759991267,19.90656335989625,-16.0022763203145,21.0,1,1.09343664010375,19.90656335989625,20.5,21.5
1293.0,19.700138848775207,19.904421559764213,-16.00219853170795,21.0,1,1.095578440235787,19.904421559764213,20.5,21.5
1294.0,19.69799838129911,19.902280204090186,-16.002122093979953,21.0,1,1.0977197959098142,19.902280204090186,20.5,21.5
1295.0,19.695858357204056,19.90013929251515,-16.00204700723399,21.0,1,1.0998607074848508,19.90013929251515,20.5,21.5
1296.0,19.693718776131167,19.89799882468013,-16.001973271571728,21.0,1,1.1020011753198702,19.89799882468013,20.5,21.5
1297.0,19.691579637721627,19.8958588002262,-16.001900887092987,21.0,1,1.1041411997737995,19.8958588002262,20.5,21.5
1298.0,19.689440941616663,19.89371921879449,-16.001829853895764,21.0,1,1.106280781205509,19.89371921879449,20.5,21.5
1299.0,19.68730268745756,19.89158008002618,-16.001760172076235,21.0,1,1.1084199199738194,19.89158008002618,20.5,21.5
1300.0,19.685164874885654,19.889441383562502,8.998308158271268,21.0,1,1.1105586164374976,19.889441383562502,20.5,21.5
1301.0,19.68802750354233,19.888303129044736,8.998375137054234,21.0,1,1.1116968709552637,19.888303129044736,20.5,21.5
1302.0,19.690889573069033,19.888165116114216,8.99844076418198,21.0,1,1.111834883885784,19.888165116114216,20.5,21.5
1303.0,19.693751083307255,19.88902714445233,8.99850503956566,21.0,1,1.1109728555476686,19.88902714445233,20.5,21.5
1304.0,19.696612034098507,19.89088901378052,8.998567963118255,21.0,1,1.1091109862194806,19.89088901378052,20.5,21.5
1305.0,19.699472425284313,19.893750523860252,8.998629534754574,21.0,1,1.1062494761397481,19.893750523860252,20.5,21.5
1306.0,19.702332256706207,19.896611474493024,8.998689754391258,21.0,1,1.1033885255069755,19.896611474493024,20.5,21.5
1307.0,19.705191528205745,19.89947186552037,8.998748621946776,21.0,1,1.1005281344796316,19.89947186552037,20.5,21.5
1308.0,19.708050239624495,19.90233169678382,8.998806137341434,21.0,1,1.0976683032161816,19.90233169678382,20.5,21.5
1309.0,19.71090839080404,19.905190968124924,8.998862300497363,21.0,1,1.0948090318750765,19.905190968124924,20.5,21.5
1310.0,19.71376598158598,19.908049679385257,8.998917111338525,21.0,1,1.0919503206147425,19.908049679385257,20.5,21.5
1311.0,19.71662301181193,19.9109078304064,8.998970569790714,21.0,1,1.0890921695935987,19.9109078304064,20.5,21.5
1312.0,19.719479481323525,19.913765421029957,8.999022675781557,21.0,1,1.0862345789700427,19.913765421029957,20.5,21.5
1313.0,19.722335389962417,19.91662245109754,8.99907342924051,21.0,1,1.0833775489024617,19.91662245109754,20.5,21.5
1314.0,19.725190737570273,19.919478920450786,8.999122830098859,21.0,1,1.0805210795492144,19.919478920450786,20.5,21.5
1315.0,19.72804552398878,19.922334828931344,8.999170878289721,21.0,1,1.0776651710686558,19.922334828931344,20.5,21.5
1316.0,19.73089974905964,19.925190176380887,8.999217573748048,21.0,1,1.0748098236191126,19.925190176380887,20.5,21.5
1317.0,19.733753412624576,19.9280449626411,8.999262916410622,21.0,1,1.0719550373589009,19.9280449626411,20.5,21.5
1318.0,19.736606514525334,19.930899187553685,8.999306906216052,21.0,1,1.0691008124463153,19.930899187553685,20.5,21.5
1319.0,19.73945905460367,19.933752850960364,8.999349543104785,21.0,1,1.0662471490396364,19.933752850960364,20.5,21.5
1320.0,19.74231103270137,19.936605952702884,8.999390827019095,21.0,1,1.0633940472971162,19.936605952702884,20.5,21.5
1321.0,19.745162448660235,19.939458492623,8.999430757903092,21.0,1,1.0605415073769997,19.939458492623,20.5,21.5
1322.0,19.748013302322082,19.9423104705625,8.999469335702713,21.0,1,1.0576895294375,19.9423104705625,20.5,21.5
1323.0,19.75086359352876,19.945161886363188,8.999506560365731,21.0,1,1.0548381136368121,19.945161886363188,20.5,21.5
1324.0,19.753713322122127,19.948012739866876,8.999542431841748,21.0,1,1.0519872601331244,19.948012739866876,20.5,21.5
1325.0,19.75656248794407,19.950863030915418,8.9995769500822,21.0,1,1.0491369690845822,19.950863030915418,20.5,21.5
1326.0,19.759411090836497,19.95371275935067,8.999610115040355,21.0,1,1.046287240649331,19.95371275935067,20.5,21.5
1327.0,19.76225913064134,19.95656192501452,8.999641926671309,21.0,1,1.043438074985481,19.95656192501452,20.5,21.5
1328.0,19.765106607200547,19.95941052774888,8.999672384931998,21.0,1,1.0405894722511206,19.95941052774888,20.5,21.5
1329.0,19.767953520356095,19.962258567395672,8.999701489781183,21.0,1,1.037741432604328,19.962258567395672,20.5,21.5
1330.0,19.77079986994998,19.96510604379685,8.999729241179462,21.0,1,1.034893956203149,19.96510604379685,20.5,21.5
1331.0,19.773645655824225,19.9679529567944,8.999755639089262,21.0,1,1.0320470432056013,19.9679529567944,20.5,21.5
1332.0,19.77649087782088,19.970799306230305,8.999780683474846,21.0,1,1.0292006937696954,19.970799306230305,20.5,21.5
1333.0,19.77933553578201,19.9736450919466,8.999804374302306,21.0,1,1.0263549080533991,19.9736450919466,20.5,21.5
1334.0,19.782179629549713,19.976490313785323,8.999826711539567,21.0,1,1.0235096862146769,19.976490313785323,20.5,21.5
1335.0,19.785023158966112,19.97933497158855,8.999847695156392,21.0,1,1.0206650284114502,19.97933497158855,20.5,21.5
1336.0,19.78786612387335,19.982179065198373,8.999867325124367,21.0,1,1.0178209348016267,19.982179065198373,20.5,21.5
1337.0,19.7907085241136,19.985022594456915,8.999885601416919,21.0,1,1.0149774055430854,19.985022594456915,20.5,21.5
1338.0,19.79355035952906,19.987865559206323,8.999902524009304,21.0,1,1.0121344407936768,19.987865559206323,20.5,21.5
1339.0,19.796391629961956,19.990707959288773,8.99991809287861,21.0,1,1.0092920407112267,19.990707959288773,20.5,21.5
1340.0,19.79923233525454,19.993549794546457,8.999932308003762,21.0,1,1.0064502054535431,19.993549794546457,20.5,21.5
1341.0,19.80207247524909,19.996391064821605,8.999945169365512,21.0,1,1.003608935178395,19.996391064821605,20.5,21.5
1342.0,19.804912049787912,19.999231769956467,8.999956676946448,21.0,1,1.0007682300435334,19.999231769956467,20.5,21.5
1343.0,19.807751058713343,20.002071909793322,8.999966830730992,21.0,1,0.9979280902066776,20.002071909793322,20.5,21.5
1344.0,19.810589501867746,20.00491148417448,8.999975630705395,21.0,1,0.9950885158255183,20.00491148417448,20.5,21.5
1345.0,19.813427379093515,20.00775049294228,8.999983076857744,21.0,1,0.9922495070577213,20.00775049294228,20.5,21.5
1346.0,19.81626469023307,20.010588935939076,8.999989169177958,21.0,1,0.9894110640609242,20.010588935939076,20.5,21.5
1347.0,19.819101435128857,20.013426813007264,8.99999390765779,21.0,1,0.9865731869927359,20.013426813007264,20.5,21.5
1348.0,19.821937613623362,20.01626412398927,8.999997292290823,21.0,1,0.98373587601073,20.01626412398927,20.5,21.5
1349.0,19.824773225559095,20.01910086872754,8.999999323072476,21.0,1,0.9808991312724586,20.01910086872754,20.5,21.5
1350.0,19.827608270778597,20.02193704706456,9.0,21.0,1,0.9780629529354385,20.02193704706456,20.5,21.5
1351.0,19.83044274912444,20.024772658842835,8.999999323072476,21.0,1,0.975227341157165,20.024772658842835,20.5,21.5
1352.0,19.83327666043923,20.02760770390491,8.999997292290823,21.0,1,0.9723922960950908,20.02760770390491,20.5,21.5
1353.0,19.836110004565597,20.030442182093356,8.99999390765779,21.0,1,0.9695578179066437,20.030442182093356,20.5,21.5
1354.0,19.838942781346216,20.033276093250777,8.999989169177958,21.0,1,0.9667239067492233,20.033276093250777,20.5,21.5
1355.0,19.841774990623783,20.036109437219814,8.999983076857744,21.0,1,0.9638905627801861,20.036109437219814,20.5,21.5
1356.0,19.844606632241028,20.038942213843132,8.999975630705395,21.0,1,0.9610577861568679,20.038942213843132,20.5,21.5
1357.0,19.847437706040722,20.04177442296343,8.999966830730992,21.0,1,0.9582255770365684,20.04177442296343,20.5,21.5
1358.0,19.85026821186566,20.04460606442344,8.999956676946448,21.0,1,0.9553939355765593,20.04460606442344,20.5,21.5
1359.0,19.853098149558676,20.047437138065938,8.999945169365512,21.0,1,0.9525628619340623,20.047437138065938,20.5,21.5
1360.0,19.855927518962638,20.050267643733708,8.999932308003762,21.0,1,0.949732356266292,20.050267643733708,20.5,21.5
1361.0,19.858756319920445,20.05309758126959,8.99991809287861,21.0,1,0.94690241873041,20.05309758126959,20.5,21.5
1362.0,19.861584552275037,20.055926950516454,8.999902524009304,21.0,1,0.9440730494835456,20.055926950516454,20.5,21.5
1363.0,19.864412215869383,20.0587557513172,8.999885601416919,21.0,1,0.9412442486827999,20.0587557513172,20.5,21.5
1364.0,19.86723931054649,20.06158398351476,8.999867325124367,21.0,1,0.9384160164852418,20.06158398351476,20.5,21.5
1365.0,19.870065836149408,20.064411646952117,8.999847695156392,21.0,1,0.9355883530478835,20.064411646952117,20.5,21.5
1366.0,19.87289179252121,20.067238741472266,8.999826711539567,21.0,1,0.9327612585277336,20.067238741472266,20.5,21.5
1367.0,19.875717179505013,20.07006526691826,8.999804374302306,21.0,1,0.9299347330817405,20.07006526691826,20.5,21.5
1368.0,19.878541996943973,20.072891223133176,8.999780683474846,21.0,1,0.9271087768668238,20.072891223133176,20.5,21.5
1369.0,19.881366244681278,20.075716609960136,8.999755639089262,21.0,1,0.9242833900398644,20.075716609960136,20.5,21.5
1370.0,19.88418992256016,20.078541427242286,8.999729241179462,21.0,1,0.9214585727577145,20.078541427242286,20.5,21.5
1371.0,19.887013030423883,20.08136567482282,8.999701489781183,21.0,1,0.9186343251771802,20.08136567482282,20.5,21.5
1372.0,19.889835568115753,20.084189352544968,8.999672384931998,21.0,1,0.9158106474550323,20.084189352544968,20.5,21.5
1373.0,19.892657535479117,20.087012460251998,8.999641926671309,21.0,1,0.9129875397480021,20.087012460251998,20.5,21.5
1374.0,19.895478932357356,20.089834997787214,8.999610115040355,21.0,1,0.9101650022127856,20.089834997787214,20.5,21.5
1375.0,19.898299758593893,20.09265696499396,8.9995769500822,21.0,1,0.9073430350060399,20.09265696499396,20.5,21.5
1376.0,19.90112001403219,20.095478361715625,8.999542431841748,21.0,1,0.9045216382843755,20.095478361715625,20.5,21.5
1377.0,19.903939698515753,20.098299187795625,8.999506560365731,21.0,1,0.9017008122043748,20.098299187795625,20.5,21.5
1378.0,19.906758811888125,20.101119443077426,8.999469335702713,21.0,1,0.898880556922574,20.101119443077426,20.5,21.5
1379.0,19.909577353992887,20.103939127404534,8.999430757903092,21.0,1,0.8960608725954664,20.103939127404534,20.5,21.5
1380.0,19.912395324673668,20.106758240620486,8.999390827019095,21.0,1,0.8932417593795137,20.106758240620486,20.5,21.5
1381.0,19.915212723774136,20.109576782568876,8.999349543104785,21.0,1,0.890423217431124,20.109576782568876,20.5,21.5
1382.0,19.918029551138,20.112394753093326,8.999306906216052,21.0,1,0.8876052469066735,20.112394753093326,20.5,21.5
1383.0,19.920845806609016,20.115212152037504,8.999262916410622,21.0,1,0.884787847962496,20.115212152037504,20.5,21.5
1384.0,19.923661490030977,20.118028979245118,8.999217573748048,21.0,1,0.8819710207548823,20.118028979245118,20.5,21.5
1385.0,19.92647660124772,20.12084523455993,8.999170878289721,21.0,1,0.8791547654400702,20.12084523455993,20.5,21.5
1386.0,19.92929114010313,20.123660917825724,8.999122830098859,21.0,1,0.876339082174276,20.123660917825724,20.5,21.5
1387.0,19.932105106441128,20.12647602888635,8.99907342924051,21.0,1,0.8735239711136487,20.12647602888635,20.5,21.5
1388.0,19.934918500105688,20.129290567585684,8.999022675781557,21.0,1,0.8707094324143156,20.129290567585684,20.5,21.5
1389.0,19.937731320940824,20.132104533767652,8.998970569790714,21.0,1,0.8678954662323477,20.132104533767652,20.5,21.5
1390.0,19.940543568790595,20.134917927276227,8.998917111338525,21.0,1,0.8650820727237729,20.134917927276227,20.5,21.5
1391.0,19.943355243499106,20.137730747955423,8.998862300497363,21.0,1,0.8622692520445767,20.137730747955423,20.5,21.5
1392.0,19.946166344910505,20.1405429956493,8.998806137341434,21.0,1,0.8594570043506984,20.1405429956493,20.5,21.5
1393.0,19.948976872868993,20.143354670201965,8.998748621946776,21.0,1,0.8566453297980345,20.143354670201965,20.5,21.5
1394.0,19.951786827218807,20.14616577145756,8.998689754391258,21.0,1,0.8538342285424392,20.14616577145756,20.5,21.5
1395.0,19.954596207804244,20.14897629926029,8.998629534754574,21.0,1,0.8510237007397095,20.14897629926029,20.5,21.5
1396.0,19.957405014469632,20.151786253454397,8.998567963118255,21.0,1,0.8482137465456034,20.151786253454397,20.5,21.5
1397.0,19.96021324705936,20.154595633884167,8.998505039565662,21.0,1,0.845404366115833,20.154595633884167,20.5,21.5
1398.0,19.963020905417864,20.15740444039394,8.99844076418198,21.0,1,0.8425955596060604,20.15740444039394,20.5,21.5
1399.0,19.965827989389616,20.160212672828102,8.998375137054234,21.0,1,0.8397873271718979,20.160212672828102,20.5,21.5
1400.0,19.96863449881915,20.16302033103108,8.998308158271268,21.0,1,0.8369796689689188,20.16302033103108,20.5,21.5
1401.0,19.971440433551038,20.165827414847364,8.998239827923765,21.0,1,0.8341725851526363,20.165827414847364,20.5,21.5
1402.0,19.974245793429912,20.168633924121472,8.998170146104234,21.0,1,0.8313660758785275,20.168633924121472,20.5,21.5
1403.0,19.977050578300446,20.171439858697987,8.998099112907013,21.0,1,0.8285601413020132,20.171439858697987,20.5,21.5
1404.0,19.979854788007366,20.174245218421536,8.998026728428272,21.0,1,0.825754781578464,20.174245218421536,20.5,21.5
1405.0,19.98265842239545,20.177050003136795,8.997952992766008,21.0,1,0.8229499968632048,20.177050003136795,20.5,21.5
1406.0,19.985461481309525,20.179854212688493,8.997877906020047,21.0,1,0.8201457873115068,20.179854212688493,20.5,21.5
1407.0,19.988263964594466,20.182657846921405,8.99780146829205,21.0,1,0.8173421530785951,20.182657846921405,20.5,21.5
1408.0,19.991065872095206,20.185460905680355,8.9977236796855,21.0,1,0.8145390943196453,20.185460905680355,20.5,21.5
1409.0,19.993867203656723,20.188263388810228,8.997644540305709,21.0,1,0.8117366111897724,20.188263388810228,20.5,21.5
1410.0,19.996667959124053,20.191065296155948,8.997564050259824,21.0,1,0.8089347038440522,20.191065296155948,20.5,21.5
1411.0,19.99946813834228,20.1938666275625,8.997482209656816,21.0,1,0.8061333724375004,20.1938666275625,20.5,21.5
1412.0,20.002267741156544,20.196667382874914,8.997399018607485,21.0,1,0.8033326171250863,20.196667382874914,20.5,21.5
1413.0,20.005066767412035,20.19946756193828,8.997314477224458,21.0,1,0.8005324380617189,20.19946756193828,20.5,21.5
1414.0,20.007865216954,20.202267164597735,8.997228585622194,21.0,1,0.7977328354022646,20.202267164597735,20.5,21.5
1415.0,20.010663089627734,20.205066190698467,8.997141343916978,21.0,1,0.7949338093015328,20.205066190698467,20.5,21.5
1416.0,20.01346038527859,20.20786464008573,8.99705275222692,21.0,1,0.7921353599142691,20.20786464008573,20.5,21.5
1417.0,20.016257103751983,20.21066251260482,8.996962810671963,21.0,1,0.78933748739518,20.21066251260482,20.5,21.5
1418.0,20.019053244893367,20.213459808101085,8.996871519373874,21.0,1,0.786540191898915,20.213459808101085,20.5,21.5
1419.0,20.021848808548263,20.216256526419937,8.996778878456247,21.0,1,0.7837434735800635,20.216256526419937,20.5,21.5
1420.0,20.024643794562245,20.21905266740684,8.996684888044506,21.0,1,0.7809473325931613,20.21905266740684,20.5,21.5
1421.0,20.027438202780942,20.22184823090731,8.9965895482659,21.0,1,0.7781517690926911,20.22184823090731,20.5,21.5
1422.0,20.03023203305004,20.22464321676692,8.996492859249503,21.0,1,0.7753567832330788,20.22464321676692,20.5,21.5
1423.0,20.03302528521528,20.227437624831303,8.996394821126223,21.0,1,0.7725623751686967,20.227437624831303,20.5,21.5
1424.0,20.035817959122465,20.230231454946146,8.996295434028784,21.0,1,0.7697685450538536,20.230231454946146,20.5,21.5
1425.0,20.038610054617447,20.23302470695719,8.996194698091745,21.0,1,0.7669752930428118,20.23302470695719,20.5,21.5
1426.0,20.041401571546142,20.235817380710227,8.996092613451488,21.0,1,0.7641826192897732,20.235817380710227,20.5,21.5
1427.0,20.044192509754524,20.238609476051124,8.995989180246218,21.0,1,0.7613905239488759,20.238609476051124,20.5,21.5
1428.0,20.046982869088623,20.241400992825795,8.99588439861597,21.0,1,0.7585990071742046,20.241400992825795,20.5,21.5
1429.0,20.04977264939453,20.24419193088021,8.995778268702605,21.0,1,0.7558080691197908,20.24419193088021,20.5,21.5
1430.0,20.05256185051839,20.246982290060394,8.995670790649804,21.0,1,0.7530177099396056,20.246982290060394,20.5,21.5
1431.0,20.05535047230642,20.24977207021245,8.99556196460308,21.0,1,0.7502279297875489,20.24977207021245,20.5,21.5
1432.0,20.058138514604877,20.252561271182522,8.995451790709765,21.0,1,0.7474387288174782,20.252561271182522,20.5,21.5
1433.0,20.060925977260098,20.255349892816817,8.995340269119021,21.0,1,0.7446501071831833,20.255349892816817,20.5,21.5
1434.0,20.06371286011847,20.258137934961606,8.99522739998183,21.0,1,0.7418620650383936,20.258137934961606,20.5,21.5
1435.0,20.066499163026442,20.260925397463218,8.995113183451004,21.0,1,0.7390746025367818,20.260925397463218,20.5,21.5
1436.0,20.069284885830527,20.26371228016804,8.99499761968117,21.0,1,0.7362877198319602,20.26371228016804,20.5,21.5
1437.0,20.072070028377297,20.266498582922523,8.994880708828788,21.0,1,0.733501417077477,20.266498582922523,20.5,21.5
1438.0,20.074854590513386,20.26928430557318,8.994762451052138,21.0,1,0.73071569442682,20.26928430557318,20.5,21.5
1439.0,20.077638572085494,20.272069447966583,8.994642846511324,21.0,1,0.7279305520334169,20.272069447966583,20.5,21.5
1440.0,20.08042197294038,20.274854009949372,8.994521895368273,21.0,1,0.7251459900506276,20.274854009949372,20.5,21.5
1441.0,20.083204792924864,20.277637991368238,8.994399597786735,21.0,1,0.7223620086317624,20.277637991368238,20.5,21.5
1442.0,20.085987031885836,20.280421392069947,8.994275953932284,21.0,1,0.7195786079300532,20.280421392069947,20.5,21.5
1443.0,20.088768689670246,20.283204211901317,8.994150963972315,21.0,1,0.7167957880986826,20.283204211901317,20.5,21.5
1444.0,20.091549766125105,20.28598645070924,8.994024628076048,21.0,1,0.7140135492907618,20.28598645070924,20.5,21.5
1445.0,20.094330261097497,20.288768108340665,8.99389694641452,21.0,1,0.7112318916593345,20.288768108340665,20.5,21.5
1446.0,20.09711017443456,20.291549184642605,8.993767919160597,21.0,1,0.708450815357395,20.291549184642605,20.5,21.5
1447.0,20.09988950598351,20.29432967946214,8.99363754648896,21.0,1,0.7056703205378589,20.29432967946214,20.5,21.5
1448.0,20.10266825559161,20.297109592646414,8.993505828576119,21.0,1,0.7028904073535855,20.297109592646414,20.5,21.5
1449.0,20.105446423106205,20.299888924042634,8.993372765600396,21.0,1,0.7001110759573663,20.299888924042634,20.5,21.5
1450.0,20.108224008374705,20.302667673498075,8.993238357741943,21.0,1,0.6973323265019253,20.302667673498075,20.5,21.5
1451.0,20.11100101124458,20.305445840860077,8.993102605182727,21.0,1,0.6945541591399227,20.305445840860077,20.5,21.5
1452.0,20.113777431563367,20.308223425976045,8.992965508106536,21.0,1,0.6917765740239545,20.308223425976045,20.5,21.5
1453.0,20.116553269178677,20.31100042869346,8.992827066698982,21.0,1,0.6889995713065389,20.31100042869346,20.5,21.5
1454.0,20.119328523938183,20.313776848859856,8.992687281147495,21.0,1,0.686223151140144,20.313776848859856,20.5,21.5
1455.0,20.122103195689625,20.31655268632284,8.992546151641323,21.0,1,0.6834473136771599,20.31655268632284,20.5,21.5
1456.0,20.124877284280817,20.319327940930087,8.992403678371533,21.0,1,0.6806720590699129,20.319327940930087,20.5,21.5
1457.0,20.127650789559635,20.322102612529342,8.992259861531016,21.0,1,0.677897387470658,20.322102612529342,20.5,21.5
1458.0,20.13042371137403,20.32487670096841,8.992114701314478,21.0,1,0.6751232990315899,20.32487670096841,20.5,21.5
1459.0,20.133196049572017,20.32765020609518,8.991968197918444,21.0,1,0.6723497939048215,20.32765020609518,20.5,21.5
1460.0,20.135967804001687,20.33042312775759,8.991820351541262,21.0,1,0.6695768722424091,20.33042312775759,20.5,21.5
1461.0,20.138738974511195,20.333195465803666,8.99167116238309,21.0,1,0.6668045341963342,20.333195465803666,20.5,21.5
1462.0,20.14150956094877,20.335967220081493,8.991520630645912,21.0,1,0.6640327799185073,20.335967220081493,20.5,21.5
1463.0,20.14427956316271,20.33873839043923,8.991368756533523,21.0,1,0.6612616095607713,20.33873839043923,20.5,21.5
1464.0,20.147048981001383,20.341508976725102,8.991215540251542,21.0,1,0.6584910232748982,20.341508976725102,20.5,21.5
1465.0,20.149817814313234,20.34427897878741,8.991060982007399,21.0,1,0.6557210212125888,20.34427897878741,20.5,21.5
1466.0,20.152586062946774,20.347048396474527,8.990905082010343,21.0,1,0.652951603525473,20.347048396474527,20.5,21.5
1467.0,20.155353726750587,20.34981722963489,8.990747840471444,21.0,1,0.6501827703651095,20.34981722963489,20.5,21.5
1468.0,20.15812080557333,20.352585478117014,8.99058925760358,21.0,1,0.6474145218829861,20.352585478117014,20.5,21.5
1469.0,20.160887299263734,20.355353141769488,8.990429333621451,21.0,1,0.6446468582305123,20.355353141769488,20.5,21.5
1470.0,20.163653207670606,20.358120220440963,8.990268068741571,21.0,1,0.6418797795590372,20.358120220440963,20.5,21.5
1471.0,20.16641853064282,20.36088671398017,8.990105463182267,21.0,1,0.6391132860198283,20.36088671398017,20.5,21.5
1472.0,20.169183268029325,20.363652622235918,8.989941517163688,21.0,1,0.636347377764082,20.363652622235918,20.5,21.5
1473.0,20.171947419679153,20.366417945057083,8.98977623090779,21.0,1,0.6335820549429165,20.366417945057083,20.5,21.5
1474.0,20.174710985441397,20.369182682292614,8.989609604638344,21.0,1,0.6308173177073861,20.369182682292614,20.5,21.5
1475.0,20.177473965165238,20.37194683379154,8.989441638580944,21.0,1,0.6280531662084599,20.37194683379154,20.5,21.5
1476.0,20.180236358699922,20.37471039940296,8.989272332962988,21.0,1,0.6252896005970392,20.37471039940296,20.5,21.5
1477.0,20.182998165894773,20.37747337897605,8.989101688013692,21.0,1,0.6225266210239511,20.37747337897605,20.5,21.5
1478.0,20.185759386599198,20.38023577236006,8.988929703964084,21.0,1,0.6197642276399407,20.38023577236006,20.5,21.5
1479.0,20.188520020662672,20.382997579404314,8.988756381047006,21.0,1,0.6170024205956857,20.382997579404314,20.5,21.5
1480.0,20.19128006793475,20.385758799958218,8.988581719497112,21.0,1,0.6142412000417821,20.385758799958218,20.5,21.5
1481.0,20.194039528265062,20.388519433871245,8.988405719550867,21.0,1,0.6114805661287548,20.388519433871245,20.5,21.5
1482.0,20.19679840150332,20.391279480992957,8.988228381446552,21.0,1,0.6087205190070435,20.391279480992957,20.5,21.5
1483.0,20.199556687499307,20.394038941172976,8.988049705424256,21.0,1,0.6059610588270239,20.394038941172976,20.5,21.5
1484.0,20.20231438610289,20.39679781426102,8.98786969172588,21.0,1,0.6032021857389793,20.39679781426102,20.5,21.5
1485.0,20.205071497164017,20.399556100106874,8.987688340595138,21.0,1,0.6004438998931256,20.399556100106874,20.5,21.5
1486.0,20.207828020532702,20.402313798560403,8.98750565227755,21.0,1,0.5976862014395969,20.402313798560403,20.5,21.5
1487.0,20.21058395605905,20.405070909471547,8.987321627020453,21.0,1,0.5949290905284528,20.405070909471547,20.5,21.5
1488.0,20.213339303593244,20.407827432690333,8.987136265072987,21.0,1,0.5921725673096674,20.407827432690333,20.5,21.5
1489.0,20.21609406298554,20.410583368066863,8.986949566686109,21.0,1,0.5894166319331369,20.410583368066863,20.5,21.5
1490.0,20.21884823408628,20.413338715451317,8.98676153211258,21.0,1,0.5866612845486827,20.413338715451317,20.5,21.5
1491.0,20.221601816745885,20.416093474693955,8.98657216160697,21.0,1,0.5839065253060447,20.416093474693955,20.5,21.5
1492.0,20.22435481081486,20.418847645645116,8.98638145542566,21.0,1,0.5811523543548844,20.418847645645116,20.5,21.5
1493.0,20.227107216143782,20.42160122815522,8.986189413826839,21.0,1,0.5783987718447783,20.42160122815522,20.5,21.5
1494.0,20.22985903258332,20.42435422207478,8.985996037070505,21.0,1,0.5756457779252209,20.42435422207478,20.5,21.5
1495.0,20.232610259984217,20.427106627254368,8.98580132541846,21.0,1,0.5728933727456322,20.427106627254368,20.5,21.5
1496.0,20.235360898197303,20.429858443544653,8.985605279134315,21.0,1,0.5701415564553471,20.429858443544653,20.5,21.5
1497.0,20.23811094707349,20.432609670796374,8.98540789848349,21.0,1,0.5673903292036258,20.432609670796374,20.5,21.5
1498.0,20.240860406463774,20.435360308860375,8.98520918373321,21.0,1,0.5646396911396252,20.435360308860375,20.5,21.5
1499.0,20.243609276219228,20.438110357587554,8.985009135152502,21.0,1,0.5618896424124458,20.438110357587554,20.5,21.5
1500.0,20.246357556191015,20.440859816828915,8.984807753012207,21.0,1,0.5591401831710847,20.440859816828915,20.5,21.5
1501.0,20.24910524623038,20.44360868643553,8.984605037584968,21.0,1,0.5563913135644682,20.44360868643553,20.5,21.5
1502.0,20.25185234618865,20.44635696625856,8.984400989145229,21.0,1,0.5536430337414409,20.44635696625856,20.5,21.5
1503.0,20.25459885591724,20.449104656149252,8.984195607969243,21.0,1,0.5508953438507476,20.449104656149252,20.5,21.5
1504.0,20.25734477526765,20.451851755958938,8.983988894335065,21.0,1,0.5481482440410623,20.451851755958938,20.5,21.5
1505.0,20.260090104091464,20.454598265539026,8.983780848522558,21.0,1,0.5454017344609738,20.454598265539026,20.5,21.5
1506.0,20.262834842240352,20.457344184741025,8.983571470813386,21.0,1,0.5426558152589749,20.457344184741025,20.5,21.5
1507.0,20.265578989566066,20.46008951341651,8.983360761491014,21.0,1,0.5399104865834907,20.46008951341651,20.5,21.5
1508.0,20.26832254592045,20.462834251417153,8.983148720840713,21.0,1,0.5371657485828472,20.462834251417153,20.5,21.5
1509.0,20.271065511155435,20.465578398594708,8.982935349149555,21.0,1,0.5344216014052918,20.465578398594708,20.5,21.5
1510.0,20.273807885123034,20.468321954801024,8.982720646706413,21.0,1,0.5316780451989764,20.468321954801024,20.5,21.5
1511.0,20.27654966767535,20.471064919888025,8.982504613801966,21.0,1,0.5289350801119745,20.471064919888025,20.5,21.5
1512.0,20.279290858664577,20.47380729370773,8.982287250728689,21.0,1,0.5261927062922709,20.47380729370773,20.5,21.5
1513.0,20.28203145794299,20.476549076112235,8.98206855778086,21.0,1,0.5234509238877649,20.476549076112235,20.5,21.5
1514.0,20.284771465362955,20.47929026695374,8.98184853525456,21.0,1,0.5207097330462602,20.47929026695374,20.5,21.5
1515.0,20.28751088077693,20.48203086608452,8.981627183447664,21.0,1,0.5179691339154786,20.48203086608452,20.5,21.5
1516.0,20.290249704037464,20.484770873356943,8.981404502659853,21.0,1,0.5152291266430566,20.484770873356943,20.5,21.5
1517.0,20.29298793499719,20.48751028862347,8.981180493192603,21.0,1,0.5124897113765314,20.48751028862347,20.5,21.5
1518.0,20.29572557350883,20.490249111736638,8.980955155349191,21.0,1,0.5097508882633619,20.490249111736638,20.5,21.5
1519.0,20.298462619425198,20.492987342549085,8.980728489434693,21.0,1,0.5070126574509146,20.492987342549085,20.5,21.5
1520.0,20.3011990725992,20.495724980913536,8.98050049575598,21.0,1,0.5042750190864638,20.495724980913536,20.5,21.5
1521.0,20.30393493288383,20.49846202668281,8.980271174621722,21.0,1,0.5015379733171912,20.49846202668281,20.5,21.5
1522.0,20.306670200132178,20.501198479709807,8.980040526342387,21.0,1,0.4988015202901934,20.501198479709807,20.5,21.5
1523.0,20.30940487419742,20.503934339847525,8.979808551230242,21.0,1,0.49606566015247466,20.503934339847525,20.5,21.5
1524.0,20.312138954932827,20.50666960694905,8.979575249599344,21.0,1,0.4933303930509503,20.50666960694905,20.5,21.5
1525.0,20.31487244219176,20.509404280867564,8.979340621765552,21.0,1,0.49059571913243616,20.509404280867564,20.5,21.5
1526.0,20.317605335827675,20.512138361456334,8.979104668046515,21.0,1,0.4878616385436665,20.512138361456334,20.5,21.5
1527.0,20.32033763569412,20.514871848568724,8.978867388761685,21.0,1,0.48512815143127597,20.514871848568724,20.5,21.5
1528.0,20.323069341644732,20.517604742058186,8.9786287842323,21.0,1,0.48239525794181404,20.517604742058186,20.5,21.5
1529.0,20.32580045353325,20.52033704177827,8.978388854781397,21.0,1,0.47966295822173066,20.52033704177827,20.5,21.5
1530.0,20.3285309712135,20.52306874758262,8.978147600733806,21.0,1,0.4769312524173799,20.52306874758262,20.5,21.5
1531.0,20.331260894539405,20.525799859324962,8.977905022416149,21.0,1,0.4742001406750376,20.525799859324962,20.5,21.5
1532.0,20.33399022336498,20.528530376859134,8.977661120156842,21.0,1,0.47146962314086593,20.528530376859134,20.5,21.5
1533.0,20.33671895754434,20.531260300039058,8.977415894286096,21.0,1,0.4687396999609419,20.531260300039058,20.5,21.5
1534.0,20.339447096931686,20.533989628718743,8.977169345135907,21.0,1,0.4660103712812571,20.533989628718743,20.5,21.5
1535.0,20.342174641381327,20.536718362752307,8.976921473040072,21.0,1,0.4632816372476931,20.536718362752307,20.5,21.5
1536.0,20.344901590747657,20.539446501993957,8.976672278334167,21.0,1,0.4605534980060426,20.539446501993957,20.5,21.5
1537.0,20.347627944885176,20.542174046297998,8.976421761355573,21.0,1,0.4578259537020024,20.542174046297998,20.5,21.5
1538.0,20.35035370364847,20.544900995518823,8.976169922443448,21.0,1,0.4550990044811769,20.544900995518823,20.5,21.5
1539.0,20.35307886689223,20.547627349510933,8.975916761938748,21.0,1,0.4523726504890675,20.547627349510933,20.5,21.5
1540.0,20.355803434471238,20.550353108128913,8.975662280184213,21.0,1,0.44964689187108675,20.550353108128913,20.5,21.5
1541.0,20.35852740624038,20.553078271227456,8.97540647752438,21.0,1,0.4469217287725442,20.553078271227456,20.5,21.5
1542.0,20.361250782054636,20.555802838661346,8.975149354305563,21.0,1,0.4441971613386535,20.555802838661346,20.5,21.5
1543.0,20.363973561769086,20.55852681028547,8.974890910875873,21.0,1,0.44147318971452876,20.55852681028547,20.5,21.5
1544.0,20.366695745238907,20.561250185954805,8.974631147585203,21.0,1,0.4387498140451953,20.561250185954805,20.5,21.5
1545.0,20.369417332319376,20.56397296552443,8.974370064785235,21.0,1,0.43602703447556834,20.56397296552443,20.5,21.5
1546.0,20.37213832286587,20.566695148849526,8.97410766282944,21.0,1,0.43330485115047424,20.566695148849526,20.5,21.5
1547.0,20.37485871673386,20.56941673578537,8.973843942073067,21.0,1,0.4305832642146292,20.56941673578537,20.5,21.5
1548.0,20.37757851377893,20.57213772618734,8.973578902873161,21.0,1,0.42786227381266073,20.57213772618734,20.5,21.5
1549.0,20.38029771385675,20.574858119910907,8.973312545588543,21.0,1,0.42514188008909315,20.574858119910907,20.5,21.5
1550.0,20.383016316823095,20.577577916811652,8.973044870579823,21.0,1,0.42242208318834784,20.577577916811652,20.5,21.5
1551.0,20.385734322533846,20.58029711674525,8.972775878209397,21.0,1,0.41970288325475025,20.58029711674525,20.5,21.5
1552.0,20.38845173084498,20.583015719567474,8.972505568841438,21.0,1,0.41698428043252633,20.583015719567474,20.5,21.5
1553.0,20.39116854161258,20.5857337251342,8.972233942841907,21.0,1,0.41426627486579903,20.5857337251342,20.5,21.5
1554.0,20.393884754692824,20.588451133301415,8.971961000578546,21.0,1,0.4115488666985847,20.588451133301415,20.5,21.5
1555.0,20.396600369942,20.591167943925196,8.97168674242088,21.0,1,0.4088320560748038,20.591167943925196,20.5,21.5
1556.0,20.399315387216497,20.593884156861726,8.971411168740214,21.0,1,0.40611584313827365,20.593884156861726,20.5,21.5
1557.0,20.402029806372802,20.596599771967288,8.971134279909636,21.0,1,0.40340022803271225,20.596599771967288,20.5,21.5
1558.0,20.40474362726751,20.599314789098276,8.970856076304011,21.0,1,0.4006852109017238,20.599314789098276,20.5,21.5
1559.0,20.407456849757317,20.602029208111173,8.97057655829999,21.0,1,0.39797079188882734,20.602029208111173,20.5,21.5
1560.0,20.410169473699025,20.60474302886258,8.970295726275996,21.0,1,0.395256971137421,20.60474302886258,20.5,21.5
1561.0,20.41288149894954,20.60745625120919,8.970013580612237,21.0,1,0.39254374879081055,20.60745625120919,20.5,21.5
1562.0,20.415592925365875,20.610168875007805,8.969730121690697,21.0,1,0.3898311249921953,20.610168875007805,20.5,21.5
1563.0,20.41830375280514,20.61288090011533,8.969445349895139,21.0,1,0.3871190998846714,20.61288090011533,20.5,21.5
1564.0,20.42101398112456,20.61559232638878,8.9691592656111,21.0,1,0.3844076736112214,20.61559232638878,20.5,21.5
1565.0,20.423723610181458,20.618303153685265,8.9688718692259,21.0,1,0.38169684631473544,20.618303153685265,20.5,21.5
1566.0,20.426432639833266,20.621013381862006,8.968583161128631,21.0,1,0.3789866181379935,20.621013381862006,20.5,21.5
1567.0,20.429141069937526,20.623723010776338,8.968293141710161,21.0,1,0.37627698922366193,20.623723010776338,20.5,21.5
1568.0,20.43184890035188,20.626432040285685,8.968001811363134,21.0,1,0.37356795971431467,20.626432040285685,20.5,21.5
1569.0,20.434556130934084,20.62914047024759,8.967709170481971,21.0,1,0.37085952975240843,20.62914047024759,20.5,21.5
1570.0,20.437262761541994,20.6318483005197,8.967415219462865,21.0,1,0.36815169948030046,20.6318483005197,20.5,21.5
1571.0,20.43996879203358,20.634555530959762,8.96711995870378,21.0,1,0.36544446904023786,20.634555530959762,20.5,21.5
1572.0,20.442674222266913,20.63726216142564,8.96682338860446,21.0,1,0.36273783857436115,20.63726216142564,20.5,21.5
1573.0,20.44537905210018,20.6399681917753,8.966525509566415,21.0,1,0.3600318082247007,20.6399681917753,20.5,21.5
1574.0,20.44808328139167,20.642673621866813,8.966226321992933,21.0,1,0.35732637813318746,20.642673621866813,20.5,21.5
1575.0,20.450786909999792,20.645378451558376,8.965925826289068,21.0,1,0.3546215484416244,20.645378451558376,20.5,21.5
1576.0,20.45348993778305,20.648082680708267,8.96562402286165,21.0,1,0.35191731929173287,20.648082680708267,20.5,21.5
1577.0,20.456192364600067,20.650786309174897,8.965320912119275,21.0,1,0.3492136908251027,20.650786309174897,20.5,21.5
1578.0,20.45889419030957,20.653489336816772,8.965016494472312,21.0,1,0.34651066318322776,20.653489336816772,20.5,21.5
1579.0,20.461595414770404,20.65619176349252,8.964710770332898,21.0,1,0.34380823650748127,20.65619176349252,20.5,21.5
1580.0,20.464296037841518,20.658893589060863,8.964403740114939,21.0,1,0.34110641093913685,20.658893589060863,20.5,21.5
1581.0,20.466996059381973,20.66159481338065,8.96409540423411,21.0,1,0.33840518661935093,20.66159481338065,20.5,21.5
1582.0,20.469695479250944,20.664295436310823,8.963785763107854,21.0,1,0.3357045636891769,20.664295436310823,20.5,21.5
1583.0,20.472394297307716,20.666995457710453,8.963474817155378,21.0,1,0.33300454228954735,20.666995457710453,20.5,21.5
1584.0,20.475092513411685,20.669694877438708,8.963162566797658,21.0,1,0.33030512256129185,20.669694877438708,20.5,21.5
1585.0,20.477790127422363,20.672393695354877,8.962849012457438,21.0,1,0.32760630464512275,20.672393695354877,20.5,21.5
1586.0,20.48048713919937,20.675091911318358,8.962534154559222,21.0,1,0.3249080886816422,20.675091911318358,20.5,21.5
1587.0,20.48318354860244,20.677789525188658,8.962217993529286,21.0,1,0.32221047481134235,20.677789525188658,20.5,21.5
1588.0,20.485879355491427,20.6804865368254,8.961900529795662,21.0,1,0.3195134631746015,20.6804865368254,20.5,21.5
1589.0,20.48857455972629,20.68318294608832,8.961581763788152,21.0,1,0.3168170539116808,20.68318294608832,20.5,21.5
1590.0,20.4912691611671,20.685878752837265,8.961261695938319,21.0,1,0.3141212471627348,20.685878752837265,20.5,21.5
1591.0,20.493963159674053,20.688573956932203,8.960940326679488,21.0,1,0.3114260430677973,20.688573956932203,20.5,21.5
1592.0,20.496656555107453,20.691268558233205,8.960617656446747,21.0,1,0.30873144176679546,20.691268558233205,20.5,21.5
1593.0,20.499349347327723,20.693962556600464,8.960293685676943,21.0,1,0.30603744339953565,20.693962556600464,20.5,21.5
1594.0,20.502041536195392,20.696655951894286,8.959968414808687,21.0,1,0.30334404810571414,20.696655951894286,20.5,21.5
1595.0,20.504733121571114,20.699348743975087,8.959641844282348,21.0,1,0.3006512560249135,20.699348743975087,20.5,21.5
1596.0,20.507424103315657,20.702040932703408,8.959313974540057,21.0,1,0.29795906729659194,20.702040932703408,20.5,21.5
1597.0,20.5101144812899,20.7047325179399,8.9589848060257,21.0,1,0.2952674820601011,20.7047325179399,20.5,21.5
1598.0,20.512804255354848,20.70742349954532,8.958654339184925,21.0,1,0.292576500454679,20.70742349954532,20.5,21.5
1599.0,20.515493425371613,20.710113877380564,8.958322574465134,21.0,1,0.2898861226194356,20.710113877380564,20.5,21.5
1600.0,20.51818199120143,20.71280365130663,8.95798951231549,21.0,1,0.28719634869337085,20.71280365130663,20.5,21.5
1601.0,20.520869952705652,20.71549282118463,8.95765515318691,21.0,1,0.284507178815371,20.71549282118463,20.5,21.5
1602.0,20.523557309745748,20.718181386875795,8.957319497532067,21.0,1,0.2818186131242051,20.718181386875795,20.5,21.5
1603.0,20.526244062183306,20.720869348241486,8.956982545805392,21.0,1,0.27913065175851415,20.720869348241486,20.5,21.5
1604.0,20.52893020988003,20.72355670514317,8.95664429846307,21.0,1,0.27644329485682917,20.72355670514317,20.5,21.5
1605.0,20.531615752697746,20.726243457442433,8.956304755963036,21.0,1,0.27375654255756743,20.726243457442433,20.5,21.5
1606.0,20.534300690498398,20.72892960500098,8.955963918764981,21.0,1,0.2710703949990183,20.72892960500098,20.5,21.5
1607.0,20.53698502314405,20.731615147680643,8.955621787330353,21.0,1,0.2683848523193575,20.731615147680643,20.5,21.5
1608.0,20.53966875049689,20.734300085343357,8.955278362122344,21.0,1,0.26569991465664344,20.734300085343357,20.5,21.5
1609.0,20.542351872419214,20.736984417851197,8.954933643605903,21.0,1,0.26301558214880316,20.736984417851197,20.5,21.5
1610.0,20.545034388773452,20.739668145066336,8.954587632247732,21.0,1,0.2603318549336642,20.739668145066336,20.5,21.5
1611.0,20.547716299422145,20.742351266851085,8.954240328516278,21.0,1,0.25764873314891545,20.742351266851085,20.5,21.5
1612.0,20.550397604227964,20.745033783067868,8.953891732881738,21.0,1,0.2549662169321323,20.745033783067868,20.5,21.5
1613.0,20.553078303053695,20.74771569357923,8.953541845816062,21.0,1,0.25228430642076916,20.74771569357923,20.5,21.5
1614.0,20.555758395762247,20.750396998247833,8.953190667792947,21.0,1,0.24960300175216688,20.750396998247833,20.5,21.5
1615.0,20.55843788221665,20.753077696936476,8.952838199287836,21.0,1,0.24692230306352414,20.753077696936476,20.5,21.5
1616.0,20.561116762280065,20.75575778950806,8.952484440777921,21.0,1,0.24424221049194017,20.75575778950806,20.5,21.5
1617.0,20.563795035815765,20.75843727582562,8.952129392742139,21.0,1,0.24156272417437918,20.75843727582562,20.5,21.5
1618.0,20.56647270268715,20.761116155752312,8.951773055661175,21.0,1,0.23888384424768816,20.761116155752312,20.5,21.5
1619.0,20.569149762757746,20.763794429151414,8.951415430017454,21.0,1,0.23620557084858618,20.763794429151414,20.5,21.5
1620.0,20.5718262158912,20.76647209588632,8.951056516295154,21.0,1,0.23352790411367863,20.76647209588632,20.5,21.5
1621.0,20.574502061951282,20.769149155820564,8.950696314980188,21.0,1,0.2308508441794359,20.769149155820564,20.5,21.5
1622.0,20.57717730080189,20.771825608817792,8.950334826560221,21.0,1,0.22817439118220761,20.771825608817792,20.5,21.5
1623.0,20.57985193230704,20.77450145474177,8.949972051524652,21.0,1,0.22549854525822965,20.77450145474177,20.5,21.5
1624.0,20.582525956330883,20.777176693456397,8.949607990364628,21.0,1,0.22282330654360294,20.777176693456397,20.5,21.5
1625.0,20.58519937273769,20.779851324825696,8.949242643573033,21.0,1,0.22014867517430403,20.779851324825696,20.5,21.5
1626.0,20.58787218139186,20.78252534871381,8.948876011644497,21.0,1,0.2174746512861887,20.78252534871381,20.5,21.5
1627.0,20.59054438215791,20.78519876498502,8.948508095075383,21.0,1,0.21480123501498127,20.78519876498502,20.5,21.5
1628.0,20.59321597490049,20.787871573503708,8.948138894363797,21.0,1,0.21212842649629238,20.787871573503708,20.5,21.5
1629.0,20.595886959484385,20.79054377413441,8.947768410009585,21.0,1,0.20945622586559054,20.79054377413441,20.5,21.5
1630.0,20.59855733577449,20.79321536674177,8.94739664251433,21.0,1,0.2067846332582306,20.79321536674177,20.5,21.5
1631.0,20.60122710363584,20.795886351190564,8.947023592381347,21.0,1,0.20411364880943594,20.795886351190564,20.5,21.5
1632.0,20.60389626293359,20.7985567273457,8.946649260115697,21.0,1,0.2014432726542985,20.7985567273457,20.5,21.5
1633.0,20.606564813533026,20.801226495072207,8.946273646224167,21.0,1,0.198773504927793,20.801226495072207,20.5,21.5
1634.0,20.609232755299566,20.80389565423524,8.945896751215287,21.0,1,0.1961043457647591,20.80389565423524,20.5,21.5
1635.0,20.61190008809875,20.806564204700095,8.945518575599317,21.0,1,0.19343579529990507,20.806564204700095,20.5,21.5
1636.0,20.61456681179625,20.809232146332178,8.945139119888251,21.0,1,0.1907678536678219,20.809232146332178,20.5,21.5
1637.0,20.61723292625787,20.811899478997034,8.94475838459582,21.0,1,0.1881005210029656,20.811899478997034,20.5,21.5
1638.0,20.619898431349537,20.814566202560336,8.944376370237482,21.0,1,0.18543379743966426,20.814566202560336,20.5,21.5
1639.0,20.622563326937314,20.817232316887885,8.943993077330427,21.0,1,0.18276768311211455,20.817232316887885,20.5,21.5
1640.0,20.625227612887393,20.81989782184561,8.943608506393584,21.0,1,0.18010217815438878,20.81989782184561,20.5,21.5
1641.0,20.627891289066095,20.822562717299583,8.9432226579476,21.0,1,0.17743728270041714,20.822562717299583,20.5,21.5
1642.0,20.63055435533987,20.82522700311598,8.942835532514863,21.0,1,0.1747729968840197,20.82522700311598,20.5,21.5
1643.0,20.633216811575306,20.827890679161136,8.942447130619481,21.0,1,0.17210932083886377,20.827890679161136,20.5,21.5
1644.0,20.635878657639115,20.830553745301494,8.942057452787296,21.0,1,0.1694462546985065,20.830553745301494,20.5,21.5
1645.0,20.638539893398143,20.833216201403648,8.941666499545875,21.0,1,0.16678379859635228,20.833216201403648,20.5,21.5
1646.0,20.641200518719373,20.8358780473343,8.941274271424511,21.0,1,0.16412195266569896,20.8358780473343,20.5,21.5
1647.0,20.643860533469915,20.838539282960312,8.940880768954225,21.0,1,0.161460717039688,20.838539282960312,20.5,21.5
1648.0,20.646519937517013,20.841199908148656,8.940485992667762,21.0,1,0.1588000918513437,20.841199908148656,20.5,21.5
1649.0,20.649178730728043,20.84385992276644,8.940089943099592,21.0,1,0.15614007723355883,20.84385992276644,20.5,21.5
1650.0,20.651836912970516,20.846519326680912,8.939692620785909,21.0,1,0.15348067331908766,20.846519326680912,20.5,21.5
1651.0,20.654494484112078,20.849178119759454,8.939294026264628,21.0,1,0.15082188024054588,20.849178119759454,20.5,21.5
1652.0,20.65715144402051,20.85183630186957,8.93889416007539,21.0,1,0.1481636981304284,20.85183630186957,20.5,21.5
1653.0,20.659807792563722,20.854493872878912,8.938493022759555,21.0,1,0.145506127121088,20.854493872878912,20.5,21.5
1654.0,20.662463529609763,20.857150832655257,8.938090614860206,21.0,1,0.1428491673447425,20.857150832655257,20.5,21.5
1655.0,20.665118655026813,20.859807181066518,8.937686936922145,21.0,1,0.1401928189334818,20.859807181066518,20.5,21.5
1656.0,20.66777316868319,20.86246291798074,8.937281989491892,21.0,1,0.13753708201926074,20.86246291798074,20.5,21.5
1657.0,20.670427070447353,20.865118043266108,8.936875773117688,21.0,1,0.13488195673389214,20.865118043266108,20.5,21.5
1658.0,20.673080360187885,20.867772556790943,8.93646828834949,21.0,1,0.13222744320905733,20.867772556790943,20.5,21.5
1659.0,20.67573303777352,20.87042645842369,8.936059535738973,21.0,1,0.12957354157630974,20.87042645842369,20.5,21.5
1660.0,20.67838510307311,20.87307974803295,8.93564951583953,21.0,1,0.12692025196705004,20.87307974803295,20.5,21.5
1661.0,20.681036555955664,20.875732425487445,8.935238229206272,21.0,1,0.12426757451255455,20.875732425487445,20.5,21.5
1662.0,20.683687396290313,20.87838449065604,8.934825676396015,21.0,1,0.12161550934396104,20.87838449065604,20.5,21.5
1663.0,20.686337623946333,20.881035943407728,8.934411857967298,21.0,1,0.11896405659227227,20.881035943407728,20.5,21.5
1664.0,20.688987238793136,20.88368678361165,8.933996774480374,21.0,1,0.1163132163883489,20.88368678361165,20.5,21.5
1665.0,20.691636240700273,20.88633701113708,8.933580426497201,21.0,1,0.11366298886292014,20.88633701113708,20.5,21.5
1666.0,20.69428462953743,20.888986625853438,8.933162814581458,21.0,1,0.11101337414656243,20.888986625853438,20.5,21.5
1667.0,20.69693240517444,20.89163562763026,8.93274393929853,21.0,1,0.1083643723697385,20.89163562763026,20.5,21.5
1668.0,20.699579567481265,20.89428401633725,8.932323801215512,21.0,1,0.10571598366275126,20.89428401633725,20.5,21.5
1669.0,20.702226116328013,20.896931791844224,8.931902400901212,21.0,1,0.10306820815577566,20.896931791844224,20.5,21.5
1670.0,20.70487205158493,20.899578954021155,8.931479738926143,21.0,1,0.1004210459788446,20.899578954021155,20.5,21.5
1671.0,20.707517373122396,20.90222550273815,8.931055815862528,21.0,1,0.09777449726184884,20.90222550273815,20.5,21.5
1672.0,20.710162080810946,20.904871437865452,8.9306306322843,21.0,1,0.09512856213454768,20.904871437865452,20.5,21.5
1673.0,20.71280617452124,20.907516759273445,8.930204188767092,21.0,1,0.09248324072655478,20.907516759273445,20.5,21.5
1674.0,20.71544965412409,20.910161466832662,8.929776485888251,21.0,1,0.08983853316733814,20.910161466832662,20.5,21.5
1675.0,20.718092519490444,20.912805560413766,8.929347524226822,21.0,1,0.0871944395862343,20.912805560413766,20.5,21.5
1676.0,20.72073477049139,20.915449039887562,8.928917304363559,21.0,1,0.08455096011243768,20.915449039887562,20.5,21.5
1677.0,20.723376406998163,20.918091905125003,8.928485826880914,21.0,1,0.08190809487499706,20.918091905125003,20.5,21.5
1678.0,20.72601742888214,20.920734155997188,8.928053092363047,21.0,1,0.079265844002812,20.920734155997188,20.5,21.5
1679.0,20.728657836014836,20.923375792375335,8.927619101395818,21.0,1,0.07662420762466482,20.923375792375335,20.5,21.5
1680.0,20.731297628267914,20.92601681413083,8.927183854566788,21.0,1,0.07398318586917085,20.92601681413083,20.5,21.5
1681.0,20.733936805513174,20.928657221135186,8.926747352465217,21.0,1,0.071342778864814,20.928657221135186,20.5,21.5
1682.0,20.736575367622564,20.931297013260068,8.926309595682065,21.0,1,0.06870298673993247,20.931297013260068,20.5,21.5
1683.0,20.739213314468177,20.933936190377274,8.925870584809994,21.0,1,0.06606380962272596,20.933936190377274,20.5,21.5
1684.0,20.741850645922245,20.936574752358755,8.92543032044336,21.0,1,0.06342524764124491,20.936574752358755,20.5,21.5
1685.0,20.74448736185715,20.939212699076602,8.924988803178216,21.0,1,0.06078730092339768,20.939212699076602,20.5,21.5
1686.0,20.747123462145414,20.941850030403053,8.924546033612312,21.0,1,0.05814996959694696,20.941850030403053,20.5,21.5
1687.0,20.749758946659707,20.94448674621048,8.924102012345097,21.0,1,0.055513253789520434,20.94448674621048,20.5,21.5
1688.0,20.752393815272843,20.947122846371414,8.923656739977709,21.0,1,0.052877153628585916,20.947122846371414,20.5,21.5
1689.0,20.755028067857783,20.94975833075852,8.923210217112981,21.0,1,0.05024166924147977,20.94975833075852,20.5,21.5
1690.0,20.757661704287635,20.952393199244618,8.922762444355442,21.0,1,0.04760680075538204,20.952393199244618,20.5,21.5
1691.0,20.76029472443565,20.955027451702666,8.922313422311312,21.0,1,0.044972548297334214,20.955027451702666,20.5,21.5
1692.0,20.762927128175225,20.957661088005768,8.9218631515885,21.0,1,0.04233891199423212,20.957661088005768,20.5,21.5
1693.0,20.765558915379906,20.960294108027178,8.921411632796609,21.0,1,0.03970589197282237,20.960294108027178,20.5,21.5
1694.0,20.76819008592339,20.962926511640298,8.920958866546929,21.0,1,0.03707348835970237,20.962926511640298,20.5,21.5
1695.0,20.770820639679513,20.965558298718676,8.92050485345244,21.0,1,0.034441701281323844,20.965558298718676,20.5,21.5
1696.0,20.77345057652227,20.968189469136,8.92004959412781,21.0,1,0.031810530863999986,20.968189469136,20.5,21.5
1697.0,20.77607989632579,20.970820022766112,8.919593089189394,21.0,1,0.029179977233887655,20.970820022766112,20.5,21.5
1698.0,20.77870859896436,20.973449959483006,8.919135339255234,21.0,1,0.0265500405169945,20.973449959483006,20.5,21.5
1699.0,20.781336684312418,20.976079279160807,8.918676344945057,21.0,1,0.023920720839193166,20.976079279160807,20.5,21.5
1700.0,20.783964152244543,20.978707981673814,8.918216106880275,21.0,1,0.02129201832618577,20.978707981673814,20.5,21.5
1701.0,20.786591002635472,20.981336066896453,8.917754625683981,21.0,1,0.018663933103546526,20.981336066896453,20.5,21.5
1702.0,20.78921723536008,20.98396353470331,8.917291901980956,21.0,1,0.016036465296689784,20.98396353470331,20.5,21.5
1703.0,20.791842850293406,20.98659038496912,8.916827936397663,21.0,1,0.013409615030880673,20.98659038496912,20.5,21.5
1704.0,20.794467847310628,20.989216617568765,8.91636272956224,21.0,1,0.010783382431235111,20.989216617568765,20.5,21.5
1705.0,20.797092226287077,20.991842232377273,8.91589628210451,21.0,1,0.008157767622726908,20.991842232377273,20.5,21.5
1706.0,20.799715987098242,20.994467229269826,8.91542859465598,21.0,1,0.005532770730173553,20.994467229269826,20.5,21.5
1707.0,20.802339129619753,20.997091608121764,8.914959667849825,21.0,1,0.002908391878236216,20.997091608121764,20.5,21.5
1708.0,20.8049616537274,20.999715368808562,8.914489502320906,21.0,1,0.00028463119143751214,20.999715368808562,20.5,21.5
1709.0,20.807583559297118,21.00233851120586,8.914018098705762,21.0,1,-0.0023385112058598168,21.00233851120586,20.5,21.5
1710.0,20.810204846205,21.004961035189446,8.9135454576426,21.0,1,-0.004961035189445795,21.004961035189446,20.5,21.5
1711.0,20.812825514327287,21.007582940635253,8.913071579771312,21.0,1,-0.007582940635252555,21.007582940635253,20.5,21.5
1712.0,20.815445563540376,21.01020422741938,8.912596465733458,21.0,1,-0.010204227419379208,21.01020422741938,20.5,21.5
1713.0,20.818064993720814,21.01282489541806,8.912120116172273,21.0,1,-0.012824895418059867,21.01282489541806,20.5,21.5
1714.0,20.820683804745304,21.0154449445077,8.911642531732666,21.0,1,-0.015444944507699176,21.0154449445077,20.5,21.5
1715.0,20.823301996490702,21.018064374564837,8.911163713061217,21.0,1,-0.018064374564836783,21.018064374564837,20.5,21.5
1716.0,20.825919568834017,21.020683185466183,8.910683660806177,21.0,1,-0.020683185466182863,21.020683185466183,20.5,21.5
1717.0,20.82853652165241,21.023301377088593,8.910202375617468,21.0,1,-0.023301377088593256,21.023301377088593,20.5,21.5
1718.0,20.831152854823202,21.02591894930907,8.909719858146678,21.0,1,-0.02591894930906946,21.02591894930907,20.5,21.5
1719.0,20.833768568223867,21.028535902004784,8.909236109047068,21.0,1,-0.02853590200478351,21.028535902004784,20.5,21.5
1720.0,20.836383661732032,21.03115223505305,8.908751128973565,21.0,1,-0.031152235053049537,21.03115223505305,20.5,21.5
1721.0,20.83899813522548,21.03376794833134,8.908264918582757,21.0,1,-0.03376794833134156,21.03376794833134,20.5,21.5
1722.0,20.84161198858215,21.03638304171729,8.907777478532909,21.0,1,-0.0363830417172899,21.03638304171729,20.5,21.5
1723.0,20.84422522168014,21.038997515088674,8.907288809483939,21.0,1,-0.038997515088674106,21.038997515088674,20.5,21.5
1724.0,20.8468378343977,21.041611368323444,8.906798912097436,21.0,1,-0.04161136832344425,21.041611368323444,20.5,21.5
1725.0,20.84944982661324,21.044224601299685,8.90630778703665,21.0,1,-0.04422460129968542,21.044224601299685,20.5,21.5
1726.0,20.852061198205327,21.046837213895653,8.905815434966494,21.0,1,-0.04683721389565321,21.046837213895653,20.5,21.5
1727.0,20.85467194905268,21.04944920598976,8.905321856553538,21.0,1,-0.04944920598975955,21.04944920598976,20.5,21.5
1728.0,20.85728207903418,21.05206057746057,8.90482705246602,21.0,1,-0.052060577460569135,21.05206057746057,20.5,21.5
1729.0,20.85989158802887,21.0546713281868,8.90433102337383,21.0,1,-0.05467132818679943,21.0546713281868,20.5,21.5
1730.0,20.862500475915937,21.05728145804734,8.90383376994852,21.0,1,-0.05728145804733842,21.05728145804734,20.5,21.5
1731.0,20.865108742574744,21.059890966921223,8.9033352928633,21.0,1,-0.05989096692122331,21.059890966921223,20.5,21.5
1732.0,20.8677163878848,21.06249985468765,8.902835592793036,21.0,1,-0.06249985468765118,21.06249985468765,20.5,21.5
1733.0,20.87032341172578,21.06510812122597,8.902334670414248,21.0,1,-0.06510812122596832,21.06510812122597,20.5,21.5
1734.0,20.872929813977517,21.0677157664157,8.901832526405114,21.0,1,-0.06771576641569865,21.0677157664157,20.5,21.5
1735.0,20.875535594520002,21.07032279013651,8.901329161445462,21.0,1,-0.07032279013651177,21.07032279013651,20.5,21.5
1736.0,20.87814075323339,21.07292919226824,8.900824576216777,21.0,1,-0.07292919226824068,21.07292919226824,20.5,21.5
1737.0,20.880745289997986,21.075534972690882,8.900318771402194,21.0,1,-0.07553497269088183,21.075534972690882,20.5,21.5
1738.0,20.883349204694266,21.078140131284577,8.899811747686497,21.0,1,-0.07814013128457731,21.078140131284577,20.5,21.5
1739.0,20.885952497202865,21.08074466792965,8.899303505756126,21.0,1,-0.0807446679296504,21.08074466792965,20.5,21.5
1740.0,20.888555167404576,21.083348582506567,8.898794046299168,21.0,1,-0.08334858250656652,21.083348582506567,20.5,21.5
1741.0,20.891157215180353,21.08595187489596,8.898283370005352,21.0,1,-0.08595187489596157,21.08595187489596,20.5,21.5
1742.0,20.893758640411317,21.088554544978628,8.897771477566064,21.0,1,-0.0885545449786278,21.088554544978628,20.5,21.5
1743.0,20.89635944297875,21.091156592635524,8.89725836967433,21.0,1,-0.09115659263552445,21.091156592635524,20.5,21.5
1744.0,20.89895962276409,21.093758017747767,8.896744047024823,21.0,1,-0.09375801774776704,21.093758017747767,20.5,21.5
1745.0,20.90155917964894,21.09635882019664,8.896228510313863,21.0,1,-0.09635882019664166,21.09635882019664,20.5,21.5
1746.0,20.904158113515074,21.098958999863584,8.895711760239413,21.0,1,-0.09895899986358359,21.098958999863584,20.5,21.5
1747.0,20.906756424244417,21.101558556630202,8.895193797501076,21.0,1,-0.10155855663020219,21.101558556630202,20.5,21.5
1748.0,20.909354111719068,21.104157490378267,8.894674622800098,21.0,1,-0.10415749037826671,21.104157490378267,20.5,21.5
1749.0,20.911951175821283,21.10675580098971,8.894154236839368,21.0,1,-0.10675580098970983,21.10675580098971,20.5,21.5
1750.0,20.914547616433488,21.109353488346617,8.893632640323412,21.0,1,-0.10935348834661696,21.109353488346617,20.5,21.5
1751.0,20.917143433438266,21.11195055233126,8.893109833958396,21.0,1,-0.11195055233125828,21.11195055233126,20.5,21.5
1752.0,20.91973862671837,21.114546992826046,8.892585818452126,21.0,1,-0.11454699282604608,21.114546992826046,20.5,21.5
1753.0,20.922333196156718,21.117142809713577,8.89206059451404,21.0,1,-0.11714280971357738,21.117142809713577,20.5,21.5
1754.0,20.92492714163639,21.119738002876595,8.891534162855217,21.0,1,-0.11973800287659486,21.119738002876595,20.5,21.5
1755.0,20.927520463040633,21.122332572198026,8.891006524188368,21.0,1,-0.12233257219802596,21.122332572198026,20.5,21.5
1756.0,20.930113160252862,21.124926517560947,8.89047767922784,21.0,1,-0.1249265175609473,21.124926517560947,20.5,21.5
1757.0,20.932705233156657,21.127519838848606,8.889947628689614,21.0,1,-0.12751983884860607,21.127519838848606,20.5,21.5
1758.0,20.935296681635762,21.130112535944413,8.889416373291297,21.0,1,-0.13011253594441285,21.130112535944413,20.5,21.5
1759.0,20.937887505574093,21.132704608731956,8.888883913752137,21.0,1,-0.1327046087319559,21.132704608731956,20.5,21.5
1760.0,20.940477704855727,21.135296057094973,8.888350250793003,21.0,1,-0.1352960570949726,21.135296057094973,20.5,21.5
1761.0,20.943067279364914,21.137886880917385,8.8878153851364,21.0,1,-0.1378868809173852,21.137886880917385,20.5,21.5
1762.0,20.945656228986067,21.140477080083265,8.88727931750646,21.0,1,-0.1404770800832651,21.140477080083265,20.5,21.5
1763.0,20.94824455360377,21.14306665447687,8.886742048628935,21.0,1,-0.1430666544768684,21.14306665447687,20.5,21.5
1764.0,20.950832253102778,21.145655603982608,8.886203579231214,21.0,1,-0.14565560398260757,21.145655603982608,20.5,21.5
1765.0,20.953419327368003,21.148243928485062,8.885663910042306,21.0,1,-0.14824392848506207,21.148243928485062,20.5,21.5
1766.0,20.956005776284538,21.150831627868985,8.885123041792843,21.0,1,-0.1508316278689854,21.150831627868985,20.5,21.5
1767.0,20.95859159973764,21.153418702019298,8.884580975215083,21.0,1,-0.15341870201929808,21.153418702019298,20.5,21.5
1768.0,20.961176797612737,21.15600515082109,8.884037711042907,21.0,1,-0.15600515082109112,21.15600515082109,20.5,21.5
1769.0,20.963761369795424,21.15859097415962,8.883493250011815,21.0,1,-0.15859097415961898,21.15859097415962,20.5,21.5
1770.0,20.966345316171466,21.16117617192031,8.882947592858928,21.0,1,-0.1611761719203102,21.16117617192031,20.5,21.5
1771.0,20.968928636626803,21.163760743988764,8.882400740322986,21.0,1,-0.16376074398876383,21.163760743988764,20.5,21.5
1772.0,20.97151133104754,21.166344690250742,8.881852693144348,21.0,1,-0.1663446902507424,21.166344690250742,20.5,21.5
1773.0,20.974093399319962,21.168928010592186,8.881303452064992,21.0,1,-0.16892801059218598,21.168928010592186,20.5,21.5
1774.0,20.97667484133051,21.1715107048992,8.88075301782851,21.0,1,-0.17151070489920173,21.1715107048992,20.5,21.5
1775.0,20.979255656965808,21.17409277305807,8.880201391180112,21.0,1,-0.1740927730580708,21.17409277305807,20.5,21.5
1776.0,20.981835846112652,21.17667421495524,8.879648572866616,21.0,1,-0.17667421495524138,21.17667421495524,20.5,21.5
1777.0,20.984415408658002,21.179255030477332,8.879094563636462,21.0,1,-0.17925503047733216,21.179255030477332,20.5,21.5
1778.0,20.986994344489,21.18183521951114,8.878539364239698,21.0,1,-0.18183521951113946,21.18183521951114,20.5,21.5
1779.0,20.98957265349295,21.184414781943627,8.877982975427981,21.0,1,-0.1844147819436266,21.184414781943627,20.5,21.5
1780.0,20.992150335557337,21.18699371766193,8.877425397954582,21.0,1,-0.18699371766193096,21.18699371766193,20.5,21.5
1781.0,20.994727390569818,21.189572026553368,8.87686663257438,21.0,1,-0.18957202655336758,21.189572026553368,20.5,21.5
1782.0,20.997303818418217,21.19214970850541,8.876306680043864,21.0,1,-0.19214970850541135,21.19214970850541,20.5,21.5
1783.0,20.999879618990544,21.19472676340572,8.875745541121127,21.0,1,-0.19472676340571837,21.19472676340572,20.5,21.5
1784.0,21.00245479217497,21.197303191142122,8.875183216565867,21.0,1,-0.19730319114212236,21.197303191142122,20.5,21.5
1785.0,21.00502933785985,21.199878991602628,8.874619707139395,21.0,1,-0.19987899160262756,21.199878991602628,20.5,21.5
1786.0,21.007603255933706,21.20245416467541,8.87405501360462,21.0,1,-0.20245416467540878,21.20245416467541,20.5,21.5
1787.0,21.01017654628524,21.20502871024881,8.873489136726052,21.0,1,-0.2050287102488113,21.20502871024881,20.5,21.5
1788.0,21.012749208803328,21.20760262821137,8.87292207726981,21.0,1,-0.20760262821136877,21.20760262821137,20.5,21.5
1789.0,21.01532124337702,21.210175918451778,8.872353836003608,21.0,1,-0.2101759184517782,21.210175918451778,20.5,21.5
1790.0,21.017892649895547,21.21274858085892,8.871784413696762,21.0,1,-0.21274858085892134,21.21274858085892,20.5,21.5
1791.0,21.020463428248306,21.21532061532184,8.871213811120189,21.0,1,-0.21532061532183988,21.21532061532184,20.5,21.5
1792.0,21.02303357832488,21.21789202172977,8.870642029046401,21.0,1,-0.21789202172977085,21.21789202172977,20.5,21.5
1793.0,21.025603100015026,21.220462799972108,8.87006906824951,21.0,1,-0.2204627999721076,21.220462799972108,20.5,21.5
1794.0,21.028171993208673,21.22303294993844,8.869494929505219,21.0,1,-0.22303294993843892,21.22303294993844,20.5,21.5
1795.0,21.030740257795934,21.225602471518517,8.86891961359083,21.0,1,-0.22560247151851698,21.225602471518517,20.5,21.5
1796.0,21.033307893667093,21.22817136460227,8.868343121285237,21.0,1,-0.2281713646022716,21.22817136460227,20.5,21.5
1797.0,21.035874900712617,21.230739629079817,8.867765453368929,21.0,1,-0.23073962907981738,21.230739629079817,20.5,21.5
1798.0,21.03844127882315,21.233307264841443,8.867186610623982,21.0,1,-0.23330726484144293,21.233307264841443,20.5,21.5
1799.0,21.04100702788951,21.23587427177761,8.866606593834065,21.0,1,-0.235874271777611,21.23587427177761,20.5,21.5
1800.0,21.0435721478027,21.238440649778962,8.86602540378444,21.0,1,-0.23844064977896196,21.238440649778962,20.5,21.5
1801.0,21.046136638453895,21.241006398736324,8.86544304126195,21.0,1,-0.24100639873632446,21.241006398736324,20.5,21.5
1802.0,21.048700499734455,21.24357151854069,8.86485950705503,21.0,1,-0.2435715185406906,21.24357151854069,20.5,21.5
1803.0,21.05126373153592,21.246136009083244,8.864274801953705,21.0,1,-0.2461360090832443,21.246136009083244,20.5,21.5
1804.0,21.053826333750003,21.248699870255344,8.863688926749576,21.0,1,-0.24869987025534357,21.248699870255344,20.5,21.5
1805.0,21.0563883062686,21.251263101948524,8.863101882235837,21.0,1,-0.2512631019485241,21.251263101948524,20.5,21.5
1806.0,21.058949648983795,21.253825704054503,8.862513669207258,21.0,1,-0.25382570405450267,21.253825704054503,20.5,21.5
1807.0,21.06151036178784,21.25638767646518,8.861924288460195,21.0,1,-0.2563876764651809,21.25638767646518,20.5,21.5
1808.0,21.064070444573172,21.258949019072634,8.861333740792585,21.0,1,-0.25894901907263446,21.258949019072634,20.5,21.5
1809.0,21.066629897232417,21.261509731769117,8.860742027003944,21.0,1,-0.2615097317691166,21.261509731769117,20.5,21.5
1810.0,21.06918871965837,21.264069814447073,8.860149147895365,21.0,1,-0.26406981444707256,21.264069814447073,20.5,21.5
1811.0,21.071746911744018,21.266629266999114,8.859555104269523,21.0,1,-0.2666292669991144,21.266629266999114,20.5,21.5
1812.0,21.074304473382522,21.269188089318053,8.858959896930665,21.0,1,-0.26918808931805316,21.269188089318053,20.5,21.5
1813.0,21.07686140446723,21.271746281296863,8.858363526684615,21.0,1,-0.2717462812968634,21.271746281296863,20.5,21.5
1814.0,21.079417704891675,21.27430384282871,8.857765994338774,21.0,1,-0.27430384282871145,21.27430384282871,20.5,21.5
1815.0,21.081973374549566,21.276860773806952,8.857167300702113,21.0,1,-0.27686077380695195,21.276860773806952,20.5,21.5
1816.0,21.084528413334798,21.279417074125107,8.856567446585176,21.0,1,-0.2794170741251065,21.279417074125107,20.5,21.5
1817.0,21.087082821141447,21.281972743676892,8.855966432800079,21.0,1,-0.2819727436768922,21.281972743676892,20.5,21.5
1818.0,21.08963659786378,21.2845277823562,8.855364260160506,21.0,1,-0.2845277823562,21.2845277823562,20.5,21.5
1819.0,21.09218974339624,21.287082190057113,8.854760929481715,21.0,1,-0.287082190057113,21.287082190057113,20.5,21.5
1820.0,21.094742257633456,21.28963596667389,8.854156441580525,21.0,1,-0.2896359666738917,21.28963596667389,20.5,21.5
1821.0,21.097294140470247,21.29218911210098,8.853550797275327,21.0,1,-0.2921891121009814,21.29218911210098,20.5,21.5
1822.0,21.09984539180161,21.294741626233012,8.852943997386076,21.0,1,-0.29474162623301225,21.294741626233012,20.5,21.5
1823.0,21.102396011522725,21.297293508964803,8.852336042734288,21.0,1,-0.29729350896480256,21.297293508964803,20.5,21.5
1824.0,21.10494599952897,21.29984476019135,8.851726934143048,21.0,1,-0.2998447601913483,21.29984476019135,20.5,21.5
1825.0,21.10749535571589,21.302395379807834,8.851116672437,21.0,1,-0.3023953798078338,21.302395379807834,20.5,21.5
1826.0,21.110044079979236,21.30494536770963,8.85050525844235,21.0,1,-0.30494536770963165,21.30494536770963,20.5,21.5
1827.0,21.112592172214928,21.307494723792296,8.849892692986863,21.0,1,-0.3074947237922956,21.307494723792296,20.5,21.5
1828.0,21.11513963231908,21.310043447951568,8.849278976899868,21.0,1,-0.3100434479515677,21.310043447951568,20.5,21.5
1829.0,21.117686460187997,21.312591540083375,8.84866411101224,21.0,1,-0.31259154008337475,21.312591540083375,20.5,21.5
1830.0,21.120232655718162,21.31513900008383,8.848048096156425,21.0,1,-0.31513900008382834,21.31513900008383,20.5,21.5
1831.0,21.12277821880625,21.317685827849232,8.847430933166416,21.0,1,-0.3176858278492318,21.317685827849232,20.5,21.5
1832.0,21.12532314934912,21.32023202327607,8.846812622877762,21.0,1,-0.3202320232760698,21.32023202327607,20.5,21.5
1833.0,21.127867447243826,21.32277758626102,8.846193166127565,21.0,1,-0.3227775862610187,21.32277758626102,20.5,21.5
1834.0,21.130411112387602,21.32532251670094,8.845572563754478,21.0,1,-0.3253225167009397,21.32532251670094,20.5,21.5
1835.0,21.132954144677875,21.327866814492882,8.844950816598711,21.0,1,-0.32786681449288224,21.327866814492882,20.5,21.5
1836.0,21.13549654401226,21.330410479534084,8.844327925502014,21.0,1,-0.3304104795340841,21.330410479534084,20.5,21.5
1837.0,21.138038310288557,21.33295351172197,8.843703891307698,21.0,1,-0.3329535117219713,21.33295351172197,20.5,21.5
1838.0,21.14057944340476,21.335495910954158,8.843078714860608,21.0,1,-0.3354959109541582,21.335495910954158,20.5,21.5
1839.0,21.14311994325905,21.338037677128447,8.842452397007147,21.0,1,-0.33803767712844746,21.338037677128447,20.5,21.5
1840.0,21.1456598097498,21.340578810142837,8.841824938595257,21.0,1,-0.3405788101428371,21.340578810142837,20.5,21.5
1841.0,21.14819904277557,21.3431193098955,8.841196340474426,21.0,1,-0.3431193098954992,21.3431193098955,20.5,21.5
1842.0,21.15073764223511,21.34565917628481,8.840566603495684,21.0,1,-0.34565917628480847,21.34565917628481,20.5,21.5
1843.0,21.153275608027364,21.34819840920933,8.839935728511605,21.0,1,-0.3481984092093313,21.34819840920933,20.5,21.5
1844.0,21.15581294005146,21.350737008567812,8.8393037163763,21.0,1,-0.35073700856781187,21.350737008567812,20.5,21.5
1845.0,21.158349638206726,21.353274974259193,8.838670567945424,21.0,1,-0.3532749742591932,21.353274974259193,20.5,21.5
1846.0,21.160885702392672,21.35581230618261,8.838036284076168,21.0,1,-0.35581230618261017,21.35581230618261,20.5,21.5
1847.0,21.163421132509008,21.35834900423739,8.83740086562726,21.0,1,-0.3583490042373896,21.35834900423739,20.5,21.5
1848.0,21.16595592845563,21.360885068323046,8.836764313458962,21.0,1,-0.36088506832304645,21.360885068323046,20.5,21.5
1849.0,21.168490090132632,21.36342049833928,8.836126628433076,21.0,1,-0.3634204983392806,21.36342049833928,20.5,21.5
1850.0,21.17102361744029,21.365955294185994,8.835487811412936,21.0,1,-0.36595529418599426,21.365955294185994,20.5,21.5
1851.0,21.173556510279084,21.368489455763278,8.834847863263407,21.0,1,-0.3684894557632781,21.368489455763278,20.5,21.5
1852.0,21.176088768549683,21.371022982971418,8.834206784850885,21.0,1,-0.371022982971418,21.371022982971418,20.5,21.5
1853.0,21.178620392152943,21.373555875710878,8.833564577043296,21.0,1,-0.37355587571087767,21.373555875710878,20.5,21.5
1854.0,21.18115138098992,21.37608813388233,8.8329212407101,21.0,1,-0.3760881338823303,21.37608813388233,20.5,21.5
1855.0,21.183681734961866,21.378619757386648,8.832276776722278,21.0,1,-0.3786197573866481,21.378619757386648,20.5,21.5
1856.0,21.186211453970216,21.38115074612487,8.831631185952341,21.0,1,-0.3811507461248702,21.38115074612487,20.5,21.5
1857.0,21.188740537916612,21.38368109999826,8.830984469274329,21.0,1,-0.3836810999982596,21.38368109999826,20.5,21.5
1858.0,21.191268986702884,21.386210818908246,8.830336627563797,21.0,1,-0.38621081890824627,21.386210818908246,20.5,21.5
1859.0,21.193796800231055,21.388739902756473,8.829687661697832,21.0,1,-0.3887399027564733,21.388739902756473,20.5,21.5
1860.0,21.19632397840335,21.39126835144477,8.829037572555041,21.0,1,-0.39126835144476857,21.39126835144477,20.5,21.5
1861.0,21.19885052112218,21.39379616487516,8.828386361015548,21.0,1,-0.3937961648751589,21.39379616487516,20.5,21.5
1862.0,21.201376428290157,21.396323342949863,8.827734027961,21.0,1,-0.39632334294986293,21.396323342949863,20.5,21.5
1863.0,21.203901699810093,21.398849885571305,8.827080574274563,21.0,1,-0.3988498855713054,21.398849885571305,20.5,21.5
1864.0,21.206426335584986,21.401375792642092,8.826426000840915,21.0,1,-0.4013757926420922,21.401375792642092,20.5,21.5
1865.0,21.208950335518036,21.40390106406503,8.825770308546254,21.0,1,-0.40390106406502824,21.40390106406503,20.5,21.5
1866.0,21.21147369951264,21.406425699743117,8.825113498278295,21.0,1,-0.40642569974311726,21.406425699743117,20.5,21.5
1867.0,21.213996427472395,21.40894969957957,8.824455570926263,21.0,1,-0.40894969957956917,21.40894969957957,20.5,21.5
1868.0,21.216518519301086,21.411473063477768,8.823796527380896,21.0,1,-0.4114730634777679,21.411473063477768,20.5,21.5
1869.0,21.219039974902703,21.41399579134131,8.823136368534442,21.0,1,-0.4139957913413106,21.41399579134131,20.5,21.5
1870.0,21.22156079418143,21.416517883073986,8.822475095280662,21.0,1,-0.4165178830739862,21.416517883073986,20.5,21.5
1871.0,21.22408097704165,21.41903933857979,8.821812708514825,21.0,1,-0.4190393385797897,21.41903933857979,20.5,21.5
1872.0,21.226600523387944,21.4215601577629,8.821149209133704,21.0,1,-0.4215601577629009,21.4215601577629,20.5,21.5
1873.0,21.229119433125092,21.424080340527702,8.820484598035582,21.0,1,-0.42408034052770205,21.424080340527702,20.5,21.5
1874.0,21.231637706158075,21.426599886778778,8.819818876120248,21.0,1,-0.4265998867787779,21.426599886778778,20.5,21.5
1875.0,21.234155342392068,21.4291187964209,8.819152044288991,21.0,1,-0.42911879642090156,21.4291187964209,20.5,21.5
1876.0,21.236672341732447,21.431637069359063,8.818484103444606,21.0,1,-0.43163706935906276,21.431637069359063,20.5,21.5
1877.0,21.23918870408479,21.43415470549843,8.817815054491387,21.0,1,-0.43415470549842894,21.43415470549843,20.5,21.5
1878.0,21.241704429354872,21.436671704744384,8.817144898335128,21.0,1,-0.4366717047443842,21.436671704744384,20.5,21.5
1879.0,21.244219517448666,21.4391880670025,8.816473635883126,21.0,1,-0.439188067002501,21.4391880670025,20.5,21.5
1880.0,21.246733968272352,21.441703792178554,8.815801268044172,21.0,1,-0.44170379217855427,21.441703792178554,20.5,21.5
1881.0,21.249247781732308,21.44421888017853,8.815127795728554,21.0,1,-0.4442188801785285,21.44421888017853,20.5,21.5
1882.0,21.251760957735108,21.446733330908593,8.814453219848057,21.0,1,-0.446733330908593,21.446733330908593,20.5,21.5
1883.0,21.25427349618753,21.449247144275127,8.813777541315957,21.0,1,-0.4492471442751267,21.449247144275127,20.5,21.5
1884.0,21.256785396996555,21.451760320184707,8.813100761047028,21.0,1,-0.45176032018470735,21.451760320184707,20.5,21.5
1885.0,21.259296660069367,21.45427285854411,8.812422879957529,21.0,1,-0.45427285854410826,21.45427285854411,20.5,21.5
1886.0,21.261807285313346,21.456784759260312,8.811743898965215,21.0,1,-0.45678475926031226,21.456784759260312,20.5,21.5
1887.0,21.264317272636077,21.459296022240505,8.811063818989327,21.0,1,-0.4592960222405047,21.459296022240505,20.5,21.5
1888.0,21.26682662194535,21.461806647392073,8.810382640950595,21.0,1,-0.46180664739207344,21.461806647392073,20.5,21.5
1889.0,21.26933533314915,21.46431663462259,8.809700365771235,21.0,1,-0.4643166346225911,21.46431663462259,20.5,21.5
1890.0,21.271843406155675,21.466825983839854,8.809016994374947,21.0,1,-0.4668259838398541,21.466825983839854,20.5,21.5
1891.0,21.274350840873318,21.46933469495185,8.80833252768692,21.0,1,-0.46933469495185065,21.46933469495185,20.5,21.5
1892.0,21.276857637210682,21.47184276786677,8.807646966633822,21.0,1,-0.4718427678667716,21.47184276786677,20.5,21.5
1893.0,21.279363795076566,21.474350202493017,8.806960312143802,21.0,1,-0.4743502024930173,21.474350202493017,20.5,21.5
1894.0,21.28186931437998,21.476856998739184,8.806272565146491,21.0,1,-0.4768569987391835,21.476856998739184,20.5,21.5
1895.0,21.284374195030132,21.479363156514076,8.805583726573,21.0,1,-0.4793631565140757,21.479363156514076,20.5,21.5
1896.0,21.28687843693644,21.4818686757267,8.804893797355914,21.0,1,-0.48186867572670167,21.4818686757267,20.5,21.5
1897.0,21.289382040008526,21.484373556286272,8.8042027784293,21.0,1,-0.4843735562862719,21.484373556286272,20.5,21.5
1898.0,21.29188500415621,21.486877798102203,8.803510670728695,21.0,1,-0.4868777981022028,21.486877798102203,20.5,21.5
1899.0,21.294387329289524,21.48938140108411,8.802817475191114,21.0,1,-0.48938140108410977,21.48938140108411,20.5,21.5
1900.0,21.296889015318705,21.491884365141825,8.802123192755044,21.0,1,-0.491884365141825,21.491884365141825,20.5,21.5
1901.0,21.299390062154192,21.494386690185372,8.801427824360442,21.0,1,-0.4943866901853724,21.494386690185372,20.5,21.5
1902.0,21.301890469706635,21.496888376124993,8.800731370948734,21.0,1,-0.4968883761249927,21.496888376124993,20.5,21.5
1903.0,21.30439023788688,21.499389422871126,8.80003383346282,21.0,1,-0.49938942287112553,21.499389422871126,20.5,21.5
1904.0,21.306889366605997,21.501889830334424,8.799335212847062,21.0,0,-0.5018898303344237,21.501889830334424,20.5,21.5
1905.0,21.304387855775246,21.503389598425734,8.798635510047292,21.0,0,-0.5033895984257342,21.503389598425734,20.5,21.5
1906.0,21.3018867053061,21.503888927056114,8.797934726010809,21.0,0,-0.5038889270561135,21.503888927056114,20.5,21.5
1907.0,21.29938591491024,21.503388016096835,8.79723286168637,21.0,0,-0.5033880160968351,21.503388016096835,20.5,21.5
1908.0,21.296885484299594,21.501887065379375,8.796529918024197,21.0,0,-0.5018870653793748,21.501887065379375,20.5,21.5
1909.0,21.29438541318634,21.499386274695446,8.795825895975975,21.0,0,-0.4993862746954463,21.499386274695446,20.5,21.5
1910.0,21.291885701282897,21.49688584379697,8.795120796494848,21.0,0,-0.49688584379697076,21.49688584379697,20.5,21.5
1911.0,21.28938634830194,21.49438577239614,8.794414620535418,21.0,0,-0.49438577239613934,21.49438577239614,20.5,21.5
1912.0,21.286887353956384,21.491886060205367,8.793707369053745,21.0,0,-0.49188606020536696,21.491886060205367,20.5,21.5
1913.0,21.284388717959402,21.489386706937328,8.792999043007347,21.0,0,-0.4893867069373279,21.489386706937328,20.5,21.5
1914.0,21.281890440024412,21.48688771230494,8.79228964335519,21.0,0,-0.48688771230494154,21.48688771230494,20.5,21.5
1915.0,21.279392519865077,21.48438907602138,8.791579171057704,21.0,0,-0.4843890760213796,21.48438907602138,20.5,21.5
1916.0,21.276894957195314,21.481890797800055,8.79086762707676,21.0,0,-0.4818907978000553,21.481890797800055,20.5,21.5
1917.0,21.27439775172929,21.479392877354638,8.79015501237569,21.0,0,-0.47939287735463765,21.479392877354638,20.5,21.5
1918.0,21.271900903181418,21.47689531439904,8.789441327919269,21.0,0,-0.47689531439904087,21.47689531439904,20.5,21.5
1919.0,21.269404411266365,21.47439810864743,8.788726574673722,21.0,0,-0.47439810864743137,21.47439810864743,20.5,21.5
1920.0,21.266908275699045,21.471901259814224,8.788010753606722,21.0,0,-0.47190125981422426,21.471901259814224,20.5,21.5
1921.0,21.264412496194627,21.469404767614087,8.787293865687387,21.0,0,-0.4694047676140869,21.469404767614087,20.5,21.5
1922.0,21.261917072468524,21.46690863176193,8.786575911886278,21.0,0,-0.46690863176193176,21.46690863176193,20.5,21.5
1923.0,21.25942200423641,21.46441285197293,8.785856893175403,21.0,0,-0.4644128519729307,21.46441285197293,20.5,21.5
1924.0,21.256927291214197,21.461917427962494,8.785136810528206,21.0,0,-0.4619174279624936,21.461917427962494,20.5,21.5
1925.0,21.25443293311806,21.459422359446297,8.784415664919576,21.0,0,-0.4594223594462967,21.459422359446297,20.5,21.5
1926.0,21.25193892966442,21.45692764614025,8.783693457325839,21.0,0,-0.45692764614025094,21.45692764614025,20.5,21.5
1927.0,21.24944528056995,21.45443328776054,8.782970188724763,21.0,0,-0.4544332877605406,21.45443328776054,20.5,21.5
1928.0,21.246951985551583,21.451939284023574,8.782245860095543,21.0,0,-0.45193928402357386,21.451939284023574,20.5,21.5
1929.0,21.24445904432649,21.449445634646032,8.78152047241882,21.0,0,-0.4494456346460325,21.449445634646032,20.5,21.5
1930.0,21.241966456612108,21.446952339344847,8.78079402667666,21.0,0,-0.4469523393448469,21.446952339344847,20.5,21.5
1931.0,21.23947422212612,21.444459397837186,8.780066523852566,21.0,0,-0.4444593978371856,21.444459397837186,20.5,21.5
1932.0,21.236982340586465,21.441966809840487,8.779337964931473,21.0,0,-0.441966809840487,21.441966809840487,20.5,21.5
1933.0,21.234490811711336,21.43947457507244,8.778608350899745,21.0,0,-0.43947457507243826,21.43947457507244,20.5,21.5
1934.0,21.23199963521917,21.436982693250975,8.77787768274517,21.0,0,-0.4369826932509753,21.436982693250975,20.5,21.5
1935.0,21.229508810828676,21.43449116409429,8.777145961456972,21.0,0,-0.4344911640942897,21.43449116409429,20.5,21.5
1936.0,21.2270183382588,21.431999987320822,8.776413188025789,21.0,0,-0.4319999873208218,21.431999987320822,20.5,21.5
1937.0,21.224528217228755,21.429509162649282,8.775679363443695,21.0,0,-0.42950916264928196,21.429509162649282,20.5,21.5
1938.0,21.222038447457997,21.427018689798615,8.774944488704179,21.0,0,-0.427018689798615,21.427018689798615,20.5,21.5
1939.0,21.219549028666247,21.42452856848803,8.774208564802159,21.0,0,-0.42452856848802867,21.42452856848803,20.5,21.5
1940.0,21.217059960573476,21.42203879843699,8.773471592733964,21.0,0,-0.42203879843699,21.42203879843699,20.5,21.5
1941.0,21.214571242899908,21.41954937936521,8.772733573497352,21.0,0,-0.4195493793652112,21.41954937936521,20.5,21.5
1942.0,21.212082875366026,21.41706031099266,8.77199450809149,21.0,0,-0.4170603109926603,21.41706031099266,20.5,21.5
1943.0,21.209594857692572,21.41457159303958,8.77125439751697,21.0,0,-0.4145715930395788,21.41457159303958,20.5,21.5
1944.0,21.20710718960054,21.41208322522644,8.77051324277579,21.0,0,-0.41208322522643925,21.41208322522644,20.5,21.5
1945.0,21.204619870811175,21.409595207273973,8.769771044871367,21.0,0,-0.40959520727397347,21.409595207273973,20.5,21.5
1946.0,21.20213290104599,21.407107538903187,8.769027804808532,21.0,0,-0.40710753890318685,21.407107538903187,20.5,21.5
1947.0,21.19964628002674,21.40462021983533,8.768283523593523,21.0,0,-0.4046202198353299,21.40462021983533,20.5,21.5
1948.0,21.197160007475453,21.40213324979191,8.76753820223399,21.0,0,-0.402133249791909,21.40213324979191,20.5,21.5
1949.0,21.194674083114403,21.39964662849468,8.766791841738986,21.0,0,-0.39964662849467913,21.39964662849468,20.5,21.5
1950.0,21.192188506666128,21.39716035566567,8.766044443118979,21.0,0,-0.3971603556656689,21.39716035566567,20.5,21.5
1951.0,21.18970327785342,21.394674431027155,8.765296007385835,21.0,0,-0.3946744310271555,21.394674431027155,20.5,21.5
1952.0,21.187218396399324,21.392188854301672,8.764546535552832,21.0,0,-0.39218885430167205,21.392188854301672,20.5,21.5
1953.0,21.184733862027155,21.38970362521201,8.763796028634642,21.0,0,-0.38970362521201096,21.38970362521201,20.5,21.5
1954.0,21.182249674460476,21.387218743481224,8.763044487647345,21.0,0,-0.387218743481224,21.387218743481224,20.5,21.5
1955.0,21.17976583342311,21.38473420883262,8.762291913608419,21.0,0,-0.38473420883261866,21.38473420883262,20.5,21.5
1956.0,21.17728233863915,21.382250020989765,8.761538307536737,21.0,0,-0.38225002098976546,21.382250020989765,20.5,21.5
1957.0,21.174799189832928,21.37976617967649,8.760783670452575,21.0,0,-0.3797661796764906,21.37976617967649,20.5,21.5
1958.0,21.17231638672905,21.37728268461687,8.760028003377602,21.0,0,-0.3772826846168691,21.37728268461687,20.5,21.5
1959.0,21.16983392905238,21.374799535535253,8.759271307334881,21.0,0,-0.3747995355352529,21.374799535535253,20.5,21.5
1960.0,21.167351816528036,21.372316732156243,8.758513583348869,21.0,0,-0.37231673215624284,21.372316732156243,20.5,21.5
1961.0,21.1648700488814,21.369834274204695,8.757754832445414,21.0,0,-0.3698342742046954,21.369834274204695,20.5,21.5
1962.0,21.162388625838112,21.36735216140573,8.756995055651757,21.0,0,-0.36735216140573,21.36735216140573,20.5,21.5
1963.0,21.159907547124075,21.364870393484736,8.756234253996523,21.0,0,-0.36487039348473616,21.364870393484736,20.5,21.5
1964.0,21.15742681246545,21.362388970167352,8.755472428509727,21.0,0,-0.36238897016735194,21.362388970167352,20.5,21.5
1965.0,21.154946421588658,21.35990789117947,8.754709580222773,21.0,0,-0.3599078911794713,21.35990789117947,20.5,21.5
1966.0,21.152466374220385,21.357427156247265,8.753945710168443,21.0,0,-0.3574271562472653,21.357427156247265,20.5,21.5
1967.0,21.149986670087575,21.35494676509716,8.75318081938091,21.0,0,-0.3549467650971607,21.35494676509716,20.5,21.5
1968.0,21.147507308917433,21.352466717455833,8.752414908895725,21.0,0,-0.35246671745583313,21.352466717455833,20.5,21.5
1969.0,21.145028290437427,21.349987013050228,8.751647979749817,21.0,0,-0.34998701305022806,21.349987013050228,20.5,21.5
1970.0,21.14254961437529,21.347507651607554,8.750880032981499,21.0,0,-0.3475076516075539,21.347507651607554,20.5,21.5
1971.0,21.14007128045901,21.34502863285528,8.75011106963046,21.0,0,-0.3450286328552785,21.34502863285528,20.5,21.5
1972.0,21.137593288416845,21.342549956521133,8.749341090737763,21.0,0,-0.3425499565211325,21.342549956521133,20.5,21.5
1973.0,21.13511563797731,21.34007162233311,8.74857009734585,21.0,0,-0.3400716223331095,21.34007162233311,20.5,21.5
1974.0,21.132638328869184,21.337593630019462,8.747798090498533,21.0,0,-0.3375936300194624,21.337593630019462,20.5,21.5
1975.0,21.13016136082151,21.335115979308704,8.747025071240996,21.0,0,-0.3351159793087035,21.335115979308704,20.5,21.5
1976.0,21.127684733563594,21.33263866992962,8.746251040619798,21.0,0,-0.33263866992961866,21.33263866992962,20.5,21.5
1977.0,21.125208446825006,21.330161701611253,8.745475999682862,21.0,0,-0.330161701611253,21.330161701611253,20.5,21.5
1978.0,21.122732500335577,21.327685074082904,8.744699949479482,21.0,0,-0.32768507408290404,21.327685074082904,20.5,21.5
1979.0,21.120256893825406,21.32520878707415,8.743922891060318,21.0,0,-0.3252087870741498,21.32520878707415,20.5,21.5
1980.0,21.117781627024854,21.32273284031482,8.743144825477394,21.0,0,-0.32273284031482063,21.32273284031482,20.5,21.5
1981.0,21.115306699664544,21.32025723353501,8.742365753784098,21.0,0,-0.3202572335350098,21.32025723353501,20.5,21.5
1982.0,21.112832111475367,21.317781966465084,8.741585677035179,21.0,0,-0.31778196646508405,21.317781966465084,20.5,21.5
1983.0,21.11035786218848,21.315307038835662,8.74080459628675,21.0,0,-0.31530703883566247,21.315307038835662,20.5,21.5
1984.0,21.1078839515353,21.312832450377645,8.74002251259628,21.0,0,-0.31283245037764473,21.312832450377645,20.5,21.5
1985.0,21.105410379247513,21.310358200822172,8.739239427022596,21.0,0,-0.31035820082217214,21.310358200822172,20.5,21.5
1986.0,21.10293714505707,21.307884289900677,8.738455340625883,21.0,0,-0.3078842899006773,21.307884289900677,20.5,21.5
1987.0,21.100464248696184,21.30541071734484,8.737670254467682,21.0,0,-0.3054107173448415,21.30541071734484,20.5,21.5
1988.0,21.097991689897338,21.302937482886612,8.736884169610883,21.0,0,-0.3029374828866125,21.302937482886612,20.5,21.5
1989.0,21.09551946839328,21.300464586258208,8.736097087119735,21.0,0,-0.30046458625820804,21.300464586258208,20.5,21.5
1990.0,21.093047583917027,21.297992027192112,8.73530900805983,21.0,0,-0.2979920271921124,21.297992027192112,20.5,21.5
1991.0,21.090576036201856,21.29551980542107,8.734519933498111,21.0,0,-0.29551980542106904,21.29551980542107,20.5,21.5
1992.0,21.088104824981315,21.293047920678095,8.733729864502877,21.0,0,-0.29304792067809515,21.293047920678095,20.5,21.5
1993.0,21.08563394998922,21.29057637269647,8.732938802143762,21.0,0,-0.29057637269647074,21.29057637269647,20.5,21.5
1994.0,21.08316341095965,21.288105161209746,8.73214674749175,21.0,0,-0.28810516120974583,21.288105161209746,20.5,21.5
1995.0,21.080693207626954,21.28563428595173,8.73135370161917,21.0,0,-0.2856342859517298,21.28563428595173,20.5,21.5
1996.0,21.078223339725753,21.28316374665651,8.73055966559969,21.0,0,-0.2831637466565091,21.28316374665651,20.5,21.5
1997.0,21.075753806990928,21.280693543058433,8.729764640508321,21.0,0,-0.2806935430584332,21.280693543058433,20.5,21.5
1998.0,21.073284609157632,21.278223674892114,8.728968627421413,21.0,0,-0.2782236748921143,21.278223674892114,20.5,21.5
1999.0,21.070815745961283,21.275754141892442,8.728171627416646,21.0,0,-0.27575414189244185,21.275754141892442,20.5,21.5
2000.0,21.068347217137575,21.273284943794568,8.727373641573049,21.0,0,-0.27328494379456814,21.273284943794568,20.5,21.5
2001.0,21.06587902242246,21.27081608033391,8.726574670970976,21.0,0,-0.27081608033390836,21.27081608033391,20.5,21.5
2002.0,21.06341116155217,21.26834755124616,8.725774716692118,21.0,0,-0.2683475512461584,21.26834755124616,20.5,21.5
2003.0,21.0609436342632,21.265879356267273,8.724973779819498,21.0,0,-0.26587935626727344,21.265879356267273,20.5,21.5
2004.0,21.05847644029231,21.26341149513348,8.724171861437467,21.0,0,-0.2634114951334787,21.26341149513348,20.5,21.5
2005.0,21.05600957937654,21.260943967581273,8.723368962631708,21.0,0,-0.26094396758127303,21.260943967581273,20.5,21.5
2006.0,21.05354305125319,21.258476773347418,8.722565084489228,21.0,0,-0.25847677334741803,21.258476773347418,20.5,21.5
2007.0,21.051076855659836,21.25600991216895,8.721760228098363,21.0,0,-0.25600991216894897,21.25600991216895,20.5,21.5
2008.0,21.048610992334325,21.253543383783175,8.72095439454877,21.0,0,-0.25354338378317465,21.253543383783175,20.5,21.5
2009.0,21.046145461014767,21.251077187927663,8.720147584931432,21.0,0,-0.2510771879276632,21.251077187927663,20.5,21.5
2010.0,21.04368026143955,21.248611324340267,8.719339800338652,21.0,0,-0.248611324340267,21.248611324340267,20.5,21.5
2011.0,21.04121539334733,21.246145792759094,8.718531041864052,21.0,0,-0.2461457927590942,21.246145792759094,20.5,21.5
2012.0,21.038750856477034,21.243680592922537,8.717721310602577,21.0,0,-0.2436805929225372,21.243680592922537,20.5,21.5
2013.0,21.03628665056786,21.241215724569244,8.716910607650483,21.0,0,-0.24121572456924412,21.241215724569244,20.5,21.5
2014.0,21.033822775359276,21.238751187438147,8.716098934105345,21.0,0,-0.23875118743814738,21.238751187438147,20.5,21.5
2015.0,21.031359230591026,21.236286981268442,8.715286291066052,21.0,0,-0.23628698126844228,21.236286981268442,20.5,21.5
2016.0,21.02889601600312,21.233823105799598,8.714472679632804,21.0,0,-0.23382310579959764,21.233823105799598,20.5,21.5
2017.0,21.026433131335846,21.231359560771363,8.713658100907113,21.0,0,-0.231359560771363,21.231359560771363,20.5,21.5
2018.0,21.02397057632976,21.228896345923744,8.7128425559918,21.0,0,-0.22889634592374364,21.228896345923744,20.5,21.5
2019.0,21.021508350725693,21.226433460997026,8.712026045990996,21.0,0,-0.22643346099702555,21.226433460997026,20.5,21.5
2020.0,21.019046454264746,21.22397090573177,8.711208572010138,21.0,0,-0.22397090573176826,21.22397090573177,20.5,21.5
2021.0,21.016584886688296,21.221508679868805,8.710390135155963,21.0,0,-0.22150867986880485,21.221508679868805,20.5,21.5
2022.0,21.01412364773799,21.219046783149235,8.709570736536522,21.0,0,-0.21904678314923487,21.219046783149235,20.5,21.5
2023.0,21.01166273715575,21.21658521531443,8.708750377261156,21.0,0,-0.21658521531443142,21.21658521531443,20.5,21.5
2024.0,21.00920215468377,21.21412397610605,8.707929058440516,21.0,0,-0.21412397610604827,21.21412397610605,20.5,21.5
2025.0,21.006741900064522,21.211663065266002,8.707106781186548,21.0,0,-0.2116630652660021,21.211663065266002,20.5,21.5
2026.0,21.004281973040747,21.209202482536494,8.706283546612495,21.0,0,-0.20920248253649376,21.209202482536494,20.5,21.5
2027.0,21.001822373355463,21.20674222765999,8.7054593558329,21.0,0,-0.20674222765999062,21.20674222765999,20.5,21.5
2028.0,20.999363100751957,21.20428230037923,8.704634209963595,21.0,0,-0.20428230037923,21.20428230037923,20.5,21.5
2029.0,20.996904154973798,21.201822700437237,8.70380811012171,21.0,0,-0.20182270043723705,21.201822700437237,20.5,21.5
2030.0,20.99444553576483,21.1993634275773,8.702981057425662,21.0,0,-0.19936342757729975,21.1993634275773,20.5,21.5
2031.0,20.99198724286916,21.19690448154298,8.702153052995163,21.0,0,-0.19690448154297968,21.19690448154298,20.5,21.5
2032.0,20.989529276031185,21.194445862078123,8.70132409795121,21.0,0,-0.19444586207812264,21.194445862078123,20.5,21.5
2033.0,20.98707163499557,21.191987568926844,8.700494193416088,21.0,0,-0.19198756892684443,21.191987568926844,20.5,21.5
2034.0,20.984614319507255,21.189529601833538,8.699663340513366,21.0,0,-0.18952960183353795,21.189529601833538,20.5,21.5
2035.0,20.982157329311455,21.187071960542863,8.6988315403679,21.0,0,-0.18707196054286257,21.187071960542863,20.5,21.5
2036.0,20.97970066415367,21.184614644799765,8.697998794105827,21.0,0,-0.18461464479976541,21.184614644799765,20.5,21.5
2037.0,20.977244323779658,21.18215765434946,8.697165102854564,21.0,0,-0.18215765434946007,21.18215765434946,20.5,21.5
2038.0,20.974788307935473,21.17970098893744,8.69633046774281,21.0,0,-0.1797009889374408,21.17970098893744,20.5,21.5
2039.0,20.972332616367435,21.177244648309475,8.695494889900537,21.0,0,-0.1772446483094754,21.177244648309475,20.5,21.5
2040.0,20.96987724882214,21.174788632211612,8.694658370458997,21.0,0,-0.17478863221161234,21.174788632211612,20.5,21.5
2041.0,20.967422205046468,21.17233294039017,8.693820910550718,21.0,0,-0.1723329403901701,21.17233294039017,20.5,21.5
2042.0,20.964967484787568,21.16987757259175,8.692982511309497,21.0,0,-0.1698775725917514,21.16987757259175,20.5,21.5
2043.0,20.96251308779287,21.167422528563232,8.692143173870408,21.0,0,-0.16742252856323248,21.167422528563232,20.5,21.5
2044.0,20.96005901381009,21.164967808051763,8.691302899369788,21.0,0,-0.16496780805176314,21.164967808051763,20.5,21.5
2045.0,20.9576052625872,21.162513410804774,8.69046168894525,21.0,0,-0.16251341080477388,21.162513410804774,20.5,21.5
2046.0,20.955151833872474,21.16005933656998,8.68961954373567,21.0,0,-0.1600593365699794,21.16005933656998,20.5,21.5
2047.0,20.952698727414447,21.157605585095354,8.68877646488119,21.0,0,-0.15760558509535372,21.157605585095354,20.5,21.5
2048.0,20.95024594296194,21.155152156129166,8.687932453523219,21.0,0,-0.15515215612916577,21.155152156129166,20.5,21.5
2049.0,20.94779348026405,21.152699049419958,8.687087510804423,21.0,0,-0.15269904941995804,21.152699049419958,20.5,21.5
2050.0,20.945341339070158,21.15024626471655,8.686241637868733,21.0,0,-0.15024626471655012,21.15024626471655,20.5,21.5
2051.0,20.942889519129917,21.147793801768035,8.68539483586134,21.0,0,-0.14779380176803514,21.147793801768035,20.5,21.5
2052.0,20.940438020193263,21.145341660323798,8.684547105928688,21.0,0,-0.14534166032379758,21.145341660323798,20.5,21.5
2053.0,20.93798684201041,21.14288984013349,8.683698449218484,21.0,0,-0.14288984013348838,21.14288984013349,20.5,21.5
2054.0,20.935535984331853,21.14043834094705,8.682848866879683,21.0,0,-0.14043834094704977,21.14043834094705,20.5,21.5
2055.0,20.93308544690836,21.137987162514687,8.681998360062499,21.0,0,-0.1379871625146869,21.137987162514687,20.5,21.5
2056.0,20.930635229490992,21.1355363045869,8.681146929918393,21.0,0,-0.1355363045868998,21.1355363045869,20.5,21.5
2057.0,20.928185331831077,21.133085766914466,8.680294577600078,21.0,0,-0.1330857669144656,21.133085766914466,20.5,21.5
2058.0,20.925735753680232,21.13063554924843,8.679441304261516,21.0,0,-0.13063554924843146,21.13063554924843,20.5,21.5
2059.0,20.92328649479035,21.12818565134013,8.678587111057917,21.0,0,-0.12818565134012871,21.12818565134013,20.5,21.5
2060.0,20.920837554913604,21.12573607294118,8.677731999145733,21.0,0,-0.12573607294118005,21.12573607294118,20.5,21.5
2061.0,20.91838893380245,21.12328681380347,8.67687596968266,21.0,0,-0.12328681380347106,21.12328681380347,20.5,21.5
2062.0,20.915940631209626,21.120837873679182,8.676019023827642,21.0,0,-0.1208378736791822,21.120837873679182,20.5,21.5
2063.0,20.913492646888148,21.118389252320764,8.675161162740856,21.0,0,-0.11838925232076392,21.118389252320764,20.5,21.5
2064.0,20.911044980591317,21.115940949480958,8.674302387583724,21.0,0,-0.11594094948095801,21.115940949480958,20.5,21.5
2065.0,20.908597632072716,21.11349296491278,8.673442699518901,21.0,0,-0.11349296491277983,21.11349296491278,20.5,21.5
2066.0,20.906150601086207,21.11104529836953,8.67258209971028,21.0,0,-0.11104529836952892,21.11104529836953,20.5,21.5
2067.0,20.90370388738593,21.108597949604793,8.671720589322991,21.0,0,-0.10859794960479263,21.108597949604793,20.5,21.5
2068.0,20.90125749072632,21.106150918372425,8.67085816952339,21.0,0,-0.10615091837242474,21.106150918372425,20.5,21.5
2069.0,20.898811410862077,21.103704204426577,8.669994841479074,21.0,0,-0.10370420442657746,21.103704204426577,20.5,21.5
2070.0,20.8963656475482,21.101257807521673,8.66913060635886,21.0,0,-0.10125780752167302,21.101257807521673,20.5,21.5
2071.0,20.893920200539963,21.098811727412425,8.668265465332796,21.0,0,-0.09881172741242494,21.098811727412425,20.5,21.5
2072.0,20.89147506959292,21.09636596385382,8.66739941957216,21.0,0,-0.09636596385382035,21.09636596385382,20.5,21.5
2073.0,20.889030254462917,21.093920516601138,8.666532470249452,21.0,0,-0.09392051660113765,21.093920516601138,20.5,21.5
2074.0,20.886585754906072,21.09147538540994,8.665664618538397,21.0,0,-0.09147538540993949,21.09147538540994,20.5,21.5
2075.0,20.8841415706788,21.08903057003606,8.664795865613938,21.0,0,-0.08903057003605852,21.08903057003606,20.5,21.5
2076.0,20.881697701537785,21.08658607023562,8.663926212652242,21.0,0,-0.0865860702356187,21.08658607023562,20.5,21.5
2077.0,20.879254147240008,21.08414188576504,8.663055660830691,21.0,0,-0.08414188576503889,21.08414188576504,20.5,21.5
2078.0,20.876810907542726,21.081698016381,8.66218421132789,21.0,0,-0.08169801638100083,21.081698016381,20.5,21.5
2079.0,20.874367982203484,21.079254461840485,8.661311865323652,21.0,0,-0.07925446184048468,21.079254461840485,20.5,21.5
2080.0,20.871925370980108,21.076811221900748,8.660438623999008,21.0,0,-0.07681122190074774,21.076811221900748,20.5,21.5
2081.0,20.86948307363071,21.074368296319328,8.6595644885362,21.0,0,-0.07436829631932795,21.074368296319328,20.5,21.5
2082.0,20.86704108991369,21.071925684854065,8.65868946011868,21.0,0,-0.07192568485406525,21.071925684854065,20.5,21.5
2083.0,20.864599419587734,21.06948338726307,8.657813539931112,21.0,0,-0.06948338726306957,21.06948338726307,20.5,21.5
2084.0,20.8621580624118,21.06704140330473,8.656936729159362,21.0,0,-0.06704140330473152,21.06704140330473,20.5,21.5
2085.0,20.85971701814515,21.06459973273774,8.656059028990507,21.0,0,-0.06459973273774011,21.06459973273774,20.5,21.5
2086.0,20.85727628654732,21.06215837532106,8.655180440612826,21.0,0,-0.0621583753210615,21.06215837532106,20.5,21.5
2087.0,20.854835867378135,21.05971733081395,8.654300965215796,21.0,0,-0.05971733081394959,21.05971733081395,20.5,21.5
2088.0,20.8523957603977,21.057276598975943,8.653420603990106,21.0,0,-0.057276598975942505,21.057276598975943,20.5,21.5
2089.0,20.84995596536642,21.05483617956687,8.652539358127632,21.0,0,-0.0548361795668697,21.05483617956687,20.5,21.5
2090.0,20.84751648204497,21.05239607234683,8.651657228821456,21.0,0,-0.052396072346830636,21.05239607234683,20.5,21.5
2091.0,20.845077310194323,21.04995627707623,8.650774217265852,21.0,0,-0.04995627707623029,21.04995627707623,20.5,21.5
2092.0,20.842638449575738,21.04751679351575,8.649890324656289,21.0,0,-0.04751679351575078,21.04751679351575,20.5,21.5
2093.0,20.840199899950754,21.045077621426362,8.649005552189431,21.0,0,-0.04507762142636196,21.045077621426362,20.5,21.5
2094.0,20.837761661081203,21.042638760569318,8.648119901063131,21.0,0,-0.042638760569317924,21.042638760569318,20.5,21.5
2095.0,20.8353237327292,21.040200210706164,8.647233372476432,21.0,0,-0.040200210706164086,21.040200210706164,20.5,21.5
2096.0,20.83288611465715,21.03776197159873,8.646345967629566,21.0,0,-0.03776197159873007,21.03776197159873,20.5,21.5
2097.0,20.830448806627743,21.035324043009133,8.645457687723951,21.0,0,-0.03532404300913328,21.035324043009133,20.5,21.5
2098.0,20.82801180840396,21.032886424699775,8.644568533962186,21.0,0,-0.03288642469977532,21.032886424699775,20.5,21.5
2099.0,20.82557511974907,21.03044911643335,8.643678507548062,21.0,0,-0.030449116433349133,21.03044911643335,20.5,21.5
2100.0,20.823138740426632,21.028012117972835,8.64278760968654,21.0,0,-0.028012117972835426,21.028012117972835,20.5,21.5
2101.0,20.820702670200482,21.025575429081503,8.641895841583768,21.0,0,-0.025575429081502676,21.025575429081503,20.5,21.5
2102.0,20.818266908834758,21.023139049522904,8.641003204447074,21.0,0,-0.023139049522903576,21.023139049522904,20.5,21.5
2103.0,20.815831456093882,21.02070297906089,8.640109699484956,21.0,0,-0.02070297906088925,21.02070297906089,20.5,21.5
2104.0,20.81339631174256,21.018267217459584,8.63921532790709,21.0,0,-0.018267217459584373,21.018267217459584,20.5,21.5
2105.0,20.810961475545795,21.015831764483416,8.638320090924328,21.0,0,-0.01583176448341561,21.015831764483416,20.5,21.5
2106.0,20.80852694726887,21.013396619897094,8.63742398974869,21.0,0,-0.013396619897093842,21.013396619897094,20.5,21.5
2107.0,20.806092726677367,21.010961783465614,8.636527025593367,21.0,0,-0.010961783465614161,21.010961783465614,20.5,21.5
2108.0,20.80365881353715,21.00852725495427,8.635629199672717,21.0,0,-0.008527254954270092,21.00852725495427,20.5,21.5
2109.0,20.80122520761438,21.006093034128632,8.634730513202268,21.0,0,-0.006093034128632269,21.006093034128632,20.5,21.5
2110.0,20.798791908675497,21.003659120754573,8.63383096739871,21.0,0,-0.0036591207545733084,21.003659120754573,20.5,21.5
2111.0,20.796358916487243,21.001225514598246,8.6329305634799,21.0,0,-0.001225514598246491,21.001225514598246,20.5,21.5
2112.0,20.79392623081664,20.9987922154261,8.63202930266485,21.0,0,0.0012077845739000281,20.9987922154261,20.5,21.5
2113.0,20.79149385143101,20.996359223004873,8.631127186173742,21.0,0,0.003640776995126771,20.996359223004873,20.5,21.5
2114.0,20.78906177809796,20.99392653710159,8.630224215227907,21.0,0,0.0060734628984100425,20.99392653710159,20.5,21.5
2115.0,20.786630010585387,20.991494157483565,8.629320391049838,21.0,0,0.008505842516434825,20.991494157483565,20.5,21.5
2116.0,20.78419854866148,20.989062083918416,8.62841571486318,21.0,0,0.01093791608158412,20.989062083918416,20.5,21.5
2117.0,20.781767392094718,20.98663031617403,8.627510187892739,21.0,0,0.013369683825970924,20.98663031617403,20.5,21.5
2118.0,20.779336540653876,20.984198854018604,8.626603811364461,21.0,0,0.015801145981395592,20.984198854018604,20.5,21.5
2119.0,20.776905994108017,20.981767697220615,8.625696586505452,21.0,0,0.018232302779384923,20.981767697220615,20.5,21.5
2120.0,20.774475752226497,20.979336845548836,8.62478851454396,21.0,0,0.020663154451163734,20.979336845548836,20.5,21.5
2121.0,20.77204581477896,20.97690629877233,8.623879596709386,21.0,0,0.023093701227669072,20.97690629877233,20.5,21.5
2122.0,20.769616181535344,20.974476056660457,8.622969834232272,21.0,0,0.02552394333954311,20.974476056660457,20.5,21.5
2123.0,20.767186852265883,20.972046118982856,8.622059228344304,21.0,0,0.0279538810171438,20.972046118982856,20.5,21.5
2124.0,20.7647578267411,20.96961648550947,8.62114778027831,21.0,0,0.030383514490530672,20.96961648550947,20.5,21.5
2125.0,20.76232910473181,20.96718715601053,8.62023549126826,21.0,0,0.03281284398946838,20.96718715601053,20.5,21.5
2126.0,20.759900686009114,20.964758130256563,8.61932236254926,21.0,0,0.03524186974343735,20.964758130256563,20.5,21.5
2127.0,20.757472570344422,20.96232940801838,8.618408395357555,21.0,0,0.037670591981619594,20.96232940801838,20.5,21.5
2128.0,20.755044757509424,20.959900989067087,8.617493590930522,21.0,0,0.040099010932912904,20.959900989067087,20.5,21.5
2129.0,20.75261724727611,20.95747287317409,8.616577950506674,21.0,0,0.042527126825909534,20.95747287317409,20.5,21.5
2130.0,20.750190039416754,20.95504506011108,8.615661475325659,21.0,0,0.044954939888921075,20.95504506011108,20.5,21.5
2131.0,20.747763133703938,20.95261754965004,8.614744166628247,21.0,0,0.04738245034996069,20.95261754965004,20.5,21.5
2132.0,20.74533652991052,20.95019034156326,8.613826025656342,21.0,0,0.04980965843673957,20.95019034156326,20.5,21.5
2133.0,20.74291022780967,20.94776343562331,8.612907053652977,21.0,0,0.052236564376691774,20.94776343562331,20.5,21.5
2134.0,20.74048422717484,20.94533683160305,8.611987251862303,21.0,0,0.0546631683969494,20.94533683160305,20.5,21.5
2135.0,20.738058527779778,20.942910529275657,8.6110666215296,21.0,0,0.05708947072434256,20.942910529275657,20.5,21.5
2136.0,20.73563312939853,20.940484528414572,8.610145163901267,21.0,0,0.059515471585427804,20.940484528414572,20.5,21.5
2137.0,20.73320803180543,20.938058828793555,8.609222880224827,21.0,0,0.06194117120644549,20.938058828793555,20.5,21.5
2138.0,20.730783234775114,20.93563343018664,8.608299771748914,21.0,0,0.06436656981335886,20.93563343018664,20.5,21.5
2139.0,20.72835873808251,20.933208332368174,8.607375839723286,21.0,0,0.06679166763182565,20.933208332368174,20.5,21.5
2140.0,20.725934541502838,20.930783535112788,8.606451085398813,21.0,0,0.06921646488721223,20.930783535112788,20.5,21.5
2141.0,20.72351064481162,20.928359038195406,8.605525510027478,21.0,0,0.07164096180459367,20.928359038195406,20.5,21.5
2142.0,20.72108704778466,20.92593484139125,8.604599114862374,21.0,0,0.07406515860875018,20.92593484139125,20.5,21.5
2143.0,20.718663750198075,20.923510944475844,8.603671901157709,21.0,0,0.07648905552415641,20.923510944475844,20.5,21.5
2144.0,20.716240751828266,20.921087347224997,8.602743870168794,21.0,0,0.07891265277500281,20.921087347224997,20.5,21.5
2145.0,20.713818052451934,20.918664049414815,8.601815023152048,21.0,0,0.08133595058518495,20.918664049414815,20.5,21.5
2146.0,20.711395651846075,20.916241050821707,8.600885361364996,21.0,0,0.08375894917829285,20.916241050821707,20.5,21.5
2147.0,20.70897354978798,20.913818351222375,8.599954886066266,21.0,0,0.08618164877762524,20.913818351222375,20.5,21.5
2148.0,20.706551746055236,20.911395950393807,8.599023598515586,21.0,0,0.08860404960619306,20.911395950393807,20.5,21.5
2149.0,20.70413024042573,20.9089738481133,8.598091499973783,21.0,0,0.09102615188670171,20.9089738481133,20.5,21.5
2150.0,20.70170903267764,20.906552044158442,8.597158591702787,21.0,0,0.09344795584155818,20.906552044158442,20.5,21.5
2151.0,20.699288122589447,20.90413053830712,8.596224874965616,21.0,0,0.09586946169288169,20.90413053830712,20.5,21.5
2152.0,20.69686750993992,20.901709330337507,8.59529035102639,21.0,0,0.098290669662493,20.901709330337507,20.5,21.5
2153.0,20.69444719450814,20.899288420028086,8.594355021150317,21.0,0,0.10071157997191449,20.899288420028086,20.5,21.5
2154.0,20.692027176073466,20.896867807157633,8.593418886603702,21.0,0,0.10313219284236652,20.896867807157633,20.5,21.5
2155.0,20.689607454415572,20.89444749150522,8.59248194865393,21.0,0,0.1055525084947817,20.89444749150522,20.5,21.5
2156.0,20.68718802931442,20.892027472850213,8.591544208569484,21.0,0,0.10797252714978711,20.892027472850213,20.5,21.5
2157.0,20.68476890055027,20.88960775097228,8.590605667619926,21.0,0,0.11039224902771849,20.88960775097228,20.5,21.5
2158.0,20.682350067903684,20.88718832565139,8.589666327075903,21.0,0,0.11281167434860961,20.88718832565139,20.5,21.5
2159.0,20.679931531155518,20.8847691966678,8.588726188209149,21.0,0,0.11523080333219937,20.8847691966678,20.5,21.5
2160.0,20.677513290086928,20.88235036380207,8.587785252292473,21.0,0,0.11764963619792823,20.88235036380207,20.5,21.5
2161.0,20.67509534447937,20.879931826835065,8.586843520599768,21.0,0,0.12006817316493468,20.879931826835065,20.5,21.5
2162.0,20.672677694114594,20.87751358554793,8.585900994406,21.0,0,0.12248641445206943,20.87751358554793,20.5,21.5
2163.0,20.670260338774654,20.875095639722126,8.584957674987216,21.0,0,0.1249043602778741,20.875095639722126,20.5,21.5
2164.0,20.667843278241897,20.872677989139397,8.58401356362053,21.0,0,0.12732201086060257,20.872677989139397,20.5,21.5
2165.0,20.66542651229897,20.870260633581807,8.583068661584134,21.0,0,0.1297393664181925,20.870260633581807,20.5,21.5
2166.0,20.663010040728828,20.867843572831696,8.58212297015729,21.0,0,0.13215642716830445,20.867843572831696,20.5,21.5
2167.0,20.660593863314713,20.865426806671717,8.581176490620324,21.0,0,0.13457319332828277,20.865426806671717,20.5,21.5
2168.0,20.658177979840175,20.863010334884823,8.580229224254634,21.0,0,0.13698966511517696,20.863010334884823,20.5,21.5
2169.0,20.65576239008906,20.860594157254255,8.579281172342679,21.0,0,0.1394058427457452,20.860594157254255,20.5,21.5
2170.0,20.65334709384551,20.858178273563563,8.578332336167986,21.0,0,0.14182172643643653,20.858178273563563,20.5,21.5
2171.0,20.650932090893974,20.855762683596595,8.577382717015142,21.0,0,0.1442373164034052,20.855762683596595,20.5,21.5
2172.0,20.6485173810192,20.853347387137497,8.576432316169793,21.0,0,0.14665261286250342,20.853347387137497,20.5,21.5
2173.0,20.64610296400623,20.850932383970708,8.575481134918643,21.0,0,0.14906761602929208,20.850932383970708,20.5,21.5
2174.0,20.64368883964041,20.848517673880977,8.574529174549456,21.0,0,0.15148232611902301,20.848517673880977,20.5,21.5
2175.0,20.641275007707392,20.846103256653354,8.573576436351045,21.0,0,0.15389674334664605,20.846103256653354,20.5,21.5
2176.0,20.63886146799312,20.84368913207318,8.572622921613283,21.0,0,0.1563108679268197,20.84368913207318,20.5,21.5
2177.0,20.636448220283846,20.84127529992611,8.57166863162709,21.0,0,0.15872470007388984,20.84127529992611,20.5,21.5
2178.0,20.634035264366116,20.83886175999809,8.570713567684432,21.0,0,0.16113824000191102,20.83886175999809,20.5,21.5
2179.0,20.63162260002678,20.83644851207536,8.569757731078331,21.0,0,0.16355148792463936,20.83644851207536,20.5,21.5
2180.0,20.62921022705299,20.834035555944478,8.568801123102851,21.0,0,0.1659644440555219,20.834035555944478,20.5,21.5
2181.0,20.6267981452322,20.831622891392293,8.567843745053102,21.0,0,0.16837710860770727,20.831622891392293,20.5,21.5
2182.0,20.624386354352165,20.829210518205958,8.56688559822523,21.0,0,0.17078948179404208,20.829210518205958,20.5,21.5
2183.0,20.62197485420094,20.82679843617292,8.565926683916434,21.0,0,0.17320156382708163,20.82679843617292,20.5,21.5
2184.0,20.61956364456688,20.824386645080942,8.564967003424938,21.0,0,0.17561335491905794,20.824386645080942,20.5,21.5
2185.0,20.617152725238654,20.821975144718074,8.564006558050014,21.0,0,0.1780248552819259,20.821975144718074,20.5,21.5
2186.0,20.614742096005216,20.819563934872676,8.563045349091967,21.0,0,0.18043606512732424,20.819563934872676,20.5,21.5
2187.0,20.612331756655834,20.81715301533341,8.562083377852131,21.0,0,0.18284698466658966,20.81715301533341,20.5,21.5
2188.0,20.609921706980074,20.81474238588924,8.561120645632878,21.0,0,0.18525761411076047,20.81474238588924,20.5,21.5
2189.0,20.607511946767804,20.812332046329423,8.560157153737608,21.0,0,0.18766795367057654,20.812332046329423,20.5,21.5
2190.0,20.605102475809197,20.80992199644353,8.559192903470747,21.0,0,0.19007800355646864,20.80992199644353,20.5,21.5
2191.0,20.602693293894728,20.807512236021434,8.558227896137753,21.0,0,0.1924877639785656,20.807512236021434,20.5,21.5
2192.0,20.600284400815177,20.805102764853302,8.557262133045104,21.0,0,0.19489723514669777,20.805102764853302,20.5,21.5
2193.0,20.597875796361624,20.80269358272961,8.556295615500305,21.0,0,0.19730641727039,20.80269358272961,20.5,21.5
2194.0,20.595467480325453,20.800284689441142,8.55532834481188,21.0,0,0.19971531055885805,20.800284689441142,20.5,21.5
2195.0,20.593059452498352,20.797876084778974,8.554360322289371,21.0,0,0.20212391522102635,20.797876084778974,20.5,21.5
2196.0,20.59065171267231,20.79546776853449,8.553391549243344,21.0,0,0.20453223146551025,20.79546776853449,20.5,21.5
2197.0,20.588244260639627,20.79305974049938,8.552422026985376,21.0,0,0.20694025950061956,20.79305974049938,20.5,21.5
2198.0,20.585837096192897,20.790652000465634,8.551451756828056,21.0,0,0.20934799953436567,20.790652000465634,20.5,21.5
2199.0,20.583430219125024,20.78824454822555,8.550480740084996,21.0,0,0.21175545177445088,20.78824454822555,20.5,21.5
2200.0,20.581023629229215,20.78583738357172,8.549508978070806,21.0,0,0.21416261642827905,20.78583738357172,20.5,21.5
2201.0,20.578617326298982,20.783430506297055,8.548536472101114,21.0,0,0.21656949370294498,20.783430506297055,20.5,21.5
2202.0,20.57621131012814,20.781023916194755,8.547563223492551,21.0,0,0.21897608380524503,20.781023916194755,20.5,21.5
2203.0,20.573805580510815,20.778617613058337,8.546589233562754,21.0,0,0.2213823869416629,20.778617613058337,20.5,21.5
2204.0,20.571400137241426,20.77621159668162,8.545614503630365,21.0,0,0.22378840331838035,20.77621159668162,20.5,21.5
2205.0,20.568994980114702,20.773805866858716,8.544639035015027,21.0,0,0.22619413314128423,20.773805866858716,20.5,21.5
2206.0,20.56659010892568,20.77140042338406,8.543662829037384,21.0,0,0.22859957661594166,20.77140042338406,20.5,21.5
2207.0,20.564185523469703,20.76899526605237,8.542685887019076,21.0,0,0.23100473394762844,20.76899526605237,20.5,21.5
2208.0,20.561781223542415,20.766590394658692,8.54170821028274,21.0,0,0.23340960534130772,20.766590394658692,20.5,21.5
2209.0,20.55937720893976,20.764185808998356,8.540729800152011,21.0,0,0.23581419100164425,20.764185808998356,20.5,21.5
2210.0,20.556973479458005,20.76178150886702,8.539750657951513,21.0,0,0.23821849113297944,20.76178150886702,20.5,21.5
2211.0,20.554570034893704,20.759377494060622,8.538770785006863,21.0,0,0.24062250593937762,20.759377494060622,20.5,21.5
2212.0,20.552166875043728,20.756973764375427,8.537790182644667,21.0,0,0.2430262356245727,20.756973764375427,20.5,21.5
2213.0,20.54976399970525,20.754570319607996,8.536808852192518,21.0,0,0.24542968039200375,20.754570319607996,20.5,21.5
2214.0,20.547361408675748,20.752167159555192,8.535826794978997,21.0,0,0.2478328404448078,20.752167159555192,20.5,21.5
2215.0,20.544959101753008,20.749764284014198,8.534844012333664,21.0,0,0.2502357159858022,20.749764284014198,20.5,21.5
2216.0,20.542557078735125,20.747361692782484,8.533860505587068,21.0,0,0.25263830721751646,20.747361692782484,20.5,21.5
2217.0,20.540155339420497,20.744959385657836,8.53287627607073,21.0,0,0.25504061434216396,20.744959385657836,20.5,21.5
2218.0,20.537753883607827,20.74255736243835,8.531891325117158,21.0,0,0.257442637561649,20.74255736243835,20.5,21.5
2219.0,20.53535271109613,20.740155622922426,8.530905654059831,21.0,0,0.2598443770775738,20.740155622922426,20.5,21.5
2220.0,20.532951821684723,20.73775416690877,8.529919264233206,21.0,0,0.2622458330912316,20.73775416690877,20.5,21.5
2221.0,20.530551215173233,20.735352994196393,8.52893215697271,21.0,0,0.26464700580360656,20.735352994196393,20.5,21.5
2222.0,20.528150891361594,20.732952104584612,8.527944333614743,21.0,0,0.26704789541538787,20.732952104584612,20.5,21.5
2223.0,20.525750850050045,20.73055149787306,8.526955795496677,21.0,0,0.2694485021269415,20.73055149787306,20.5,21.5
2224.0,20.523351091039135,20.728151173861658,8.525966543956848,21.0,0,0.27184882613834205,20.728151173861658,20.5,21.5
2225.0,20.520951614129718,20.72575113235066,8.52497658033456,21.0,0,0.27424886764934087,20.72575113235066,20.5,21.5
2226.0,20.51855241912296,20.723351373140602,8.523985905970079,21.0,0,0.27664862685939795,20.723351373140602,20.5,21.5
2227.0,20.516153505820327,20.72095189603235,8.522994522204636,21.0,0,0.27904810396765,20.72095189603235,20.5,21.5
2228.0,20.513754874023604,20.71855270082706,8.522002430380418,21.0,0,0.28144729917293887,20.71855270082706,20.5,21.5
2229.0,20.511356523534875,20.71615378732621,8.521009631840577,21.0,0,0.2838462126737902,20.71615378732621,20.5,21.5
2230.0,20.508958454156538,20.713755155331576,8.520016127929216,21.0,0,0.28624484466842404,20.713755155331576,20.5,21.5
2231.0,20.506560665691293,20.71135680464524,8.519021919991395,21.0,0,0.2886431953547586,20.71135680464524,20.5,21.5
2232.0,20.504163157942152,20.708958735069604,8.51802700937313,21.0,0,0.2910412649303957,20.708958735069604,20.5,21.5
2233.0,20.501765930712438,20.70656094640737,8.517031397421384,21.0,0,0.29343905359262834,20.70656094640737,20.5,21.5
2234.0,20.49936898380578,20.704163438461553,8.516035085484072,21.0,0,0.2958365615384473,20.704163438461553,20.5,21.5
2235.0,20.496972317026117,20.701766211035466,8.515038074910054,21.0,0,0.29823378896453434,20.701766211035466,20.5,21.5
2236.0,20.494575930177692,20.699369263932745,8.514040367049141,21.0,0,0.3006307360672551,20.699369263932745,20.5,21.5
2237.0,20.492179823065065,20.696972596957327,8.513041963252082,21.0,0,0.30302740304267317,20.696972596957327,20.5,21.5
2238.0,20.489783995493102,20.694576209913457,8.51204286487057,21.0,0,0.3054237900865431,20.694576209913457,20.5,21.5
2239.0,20.487388447266976,20.692180102605697,8.511043073257245,21.0,0,0.30781989739430315,20.692180102605697,20.5,21.5
2240.0,20.484993178192173,20.68978427483891,8.510042589765675,21.0,0,0.31021572516108975,20.68978427483891,20.5,21.5
2241.0,20.482598188074487,20.68738872641827,8.50904141575037,21.0,0,0.31261127358173013,20.68738872641827,20.5,21.5
2242.0,20.48020347672002,20.68499345714926,8.508039552566778,21.0,0,0.3150065428507389,20.68499345714926,20.5,21.5
2243.0,20.477809043935192,20.68259846683768,8.507037001571273,21.0,0,0.31740153316232167,20.68259846683768,20.5,21.5
2244.0,20.475414889526718,20.680203755289625,8.506033764121163,21.0,0,0.3197962447103748,20.680203755289625,20.5,21.5
2245.0,20.473021013301636,20.677809322311518,8.50502984157469,21.0,0,0.3221906776884822,20.677809322311518,20.5,21.5
2246.0,20.47062741506729,20.675415167710078,8.504025235291017,21.0,0,0.3245848322899221,20.675415167710078,20.5,21.5
2247.0,20.468234094631335,20.673021291292336,8.503019946630236,21.0,0,0.32697870870766366,20.673021291292336,20.5,21.5
2248.0,20.465841051801736,20.670627692865644,8.50201397695336,21.0,0,0.3293723071343564,20.670627692865644,20.5,21.5
2249.0,20.463448286386765,20.668234372237656,8.501007327622329,21.0,0,0.3317656277623442,20.668234372237656,20.5,21.5
2250.0,20.461055798195012,20.665841329216327,8.5,21.0,0,0.33415867078367256,20.665841329216327,20.5,21.5
2251.0,20.458663587035375,20.663448563609947,8.498991995450147,21.0,0,0.336551436390053,20.663448563609947,20.5,21.5
2252.0,20.456271652717056,20.66105607522709,8.497983315337464,21.0,0,0.33894392477290936,20.66105607522709,20.5,21.5
2253.0,20.45387999504958,20.65866386387666,8.496973961027555,21.0,0,0.34133613612333846,20.65866386387666,20.5,21.5
2254.0,20.451488613842773,20.65627192936786,8.495963933886943,21.0,0,0.34372807063213884,20.65627192936786,20.5,21.5
2255.0,20.44909750890678,20.653880271510214,8.494953235283054,21.0,0,0.34611972848978567,20.653880271510214,20.5,21.5
2256.0,20.446706680052056,20.651488890113548,8.493941866584231,21.0,0,0.3485111098864522,20.651488890113548,20.5,21.5
2257.0,20.444316127089362,20.64909778498801,8.492929829159719,21.0,0,0.35090221501198826,20.64909778498801,20.5,21.5
2258.0,20.441925849829776,20.64670695594405,8.49191712437967,21.0,0,0.35329304405594897,20.64670695594405,20.5,21.5
2259.0,20.439535848084684,20.644316402792434,8.490903753615141,21.0,0,0.35568359720756604,20.644316402792434,20.5,21.5
2260.0,20.43714612166579,20.641926125344234,8.489889718238087,21.0,0,0.3580738746557657,20.641926125344234,20.5,21.5
2261.0,20.434756670385106,20.639536123410846,8.488875019621366,21.0,0,0.36046387658915435,20.639536123410846,20.5,21.5
2262.0,20.432367494054954,20.637146396803967,8.487859659138733,21.0,0,0.362853603196033,20.637146396803967,20.5,21.5
2263.0,20.42997859248797,20.634756945335607,8.486843638164839,21.0,0,0.36524305466439344,20.634756945335607,20.5,21.5
2264.0,20.427589965497106,20.632367768818092,8.485826958075227,21.0,0,0.3676322311819078,20.632367768818092,20.5,21.5
2265.0,20.42520161289562,20.629978867064057,8.484809620246336,21.0,0,0.37002113293594263,20.629978867064057,20.5,21.5
2266.0,20.42281353449709,20.62759023988645,8.483791626055496,21.0,0,0.3724097601135483,20.62759023988645,20.5,21.5
2267.0,20.420425730115404,20.62520188709854,8.482772976880922,21.0,0,0.37479811290145904,20.62520188709854,20.5,21.5
2268.0,20.41803819956476,20.622813808513897,8.481753674101714,21.0,0,0.37718619148610344,20.622813808513897,20.5,21.5
2269.0,20.415650942659667,20.62042600394641,8.480733719097866,21.0,0,0.37957399605359043,20.62042600394641,20.5,21.5
2270.0,20.413263959214955,20.618038473210273,8.479713113250247,21.0,0,0.38196152678972695,20.618038473210273,20.5,21.5
2271.0,20.41087724904576,20.615651216120007,8.478691857940607,21.0,0,0.38434878387999305,20.615651216120007,20.5,21.5
2272.0,20.40849081196754,20.613264232490433,8.47766995455158,21.0,0,0.38673576750956684,20.613264232490433,20.5,21.5
2273.0,20.406104647796056,20.610877522136697,8.476647404466675,21.0,0,0.3891224778633031,20.610877522136697,20.5,21.5
2274.0,20.40371875634739,20.608491084874238,8.475624209070276,21.0,0,0.3915089151257618,20.608491084874238,20.5,21.5
2275.0,20.401333137437938,20.606104920518835,8.474600369747641,21.0,0,0.3938950794811653,20.606104920518835,20.5,21.5
2276.0,20.3989477908844,20.603719028886562,8.4735758878849,21.0,0,0.39628097111343763,20.603719028886562,20.5,21.5
2277.0,20.396562716503798,20.601333409793813,8.472550764869053,21.0,0,0.39866659020618656,20.601333409793813,20.5,21.5
2278.0,20.39417791411347,20.598948063057296,8.47152500208797,21.0,0,0.4010519369427037,20.598948063057296,20.5,21.5
2279.0,20.391793383531066,20.596562988494032,8.470498600930384,21.0,0,0.403437011505968,20.596562988494032,20.5,21.5
2280.0,20.389409124574545,20.594178185921354,8.469471562785891,21.0,0,0.4058218140786458,20.594178185921354,20.5,21.5
2281.0,20.38702513706219,20.591793655156913,8.468443889044954,21.0,0,0.40820634484308727,20.591793655156913,20.5,21.5
2282.0,20.384641420812585,20.58940939601867,8.467415581098894,21.0,0,0.41059060398132985,20.58940939601867,20.5,21.5
2283.0,20.38225797564464,20.5870254083249,8.466386640339891,21.0,0,0.4129745916750984,20.5870254083249,20.5,21.5
2284.0,20.379874801377582,20.584641691894205,8.465357068160982,21.0,0,0.41535830810579455,20.584641691894205,20.5,21.5
2285.0,20.37749189783094,20.582258246545486,8.464326865956057,21.0,0,0.41774175345451425,20.582258246545486,20.5,21.5
2286.0,20.375109264824566,20.57987507209796,8.463296035119862,21.0,0,0.4201249279020409,20.57987507209796,20.5,21.5
2287.0,20.372726902178623,20.577492168371165,8.462264577047991,21.0,0,0.42250783162883465,20.577492168371165,20.5,21.5
2288.0,20.370344809713597,20.575109535184957,8.46123249313689,21.0,0,0.4248904648150429,20.575109535184957,20.5,21.5
2289.0,20.36796298725028,20.5727271723595,8.460199784783851,21.0,0,0.42727282764050045,20.5727271723595,20.5,21.5
2290.0,20.365581434609787,20.570345079715267,8.459166453387011,21.0,0,0.42965492028473307,20.570345079715267,20.5,21.5
2291.0,20.363200151613544,20.567963257073064,8.458132500345352,21.0,0,0.43203674292693606,20.567963257073064,20.5,21.5
2292.0,20.36081913808329,20.565581704253997,8.457097927058694,21.0,0,0.43441829574600277,20.565581704253997,20.5,21.5
2293.0,20.358438393841084,20.563200421079493,8.456062734927702,21.0,0,0.4367995789205068,20.563200421079493,20.5,21.5
2294.0,20.3560579187093,20.560819407371298,8.455026925353874,21.0,0,0.439180592628702,20.560819407371298,20.5,21.5
2295.0,20.353677712510628,20.558438662951467,8.453990499739547,21.0,0,0.4415613370485332,20.558438662951467,20.5,21.5
2296.0,20.351297775068073,20.55605818764237,8.45295345948789,21.0,0,0.44394181235762886,20.55605818764237,20.5,21.5
2297.0,20.348918106204955,20.553677981266702,8.451915806002908,21.0,0,0.4463220187332979,20.553677981266702,20.5,21.5
2298.0,20.346538705744916,20.55129804364747,8.450877540689431,21.0,0,0.4487019563525294,20.55129804364747,20.5,21.5
2299.0,20.344159573511906,20.54891837460799,8.44983866495312,21.0,0,0.45108162539201047,20.54891837460799,20.5,21.5
2300.0,20.341780709330195,20.546538973971906,8.448799180200462,21.0,0,0.45346102602809424,20.546538973971906,20.5,21.5
2301.0,20.33940211302437,20.544159841563165,8.44775908783877,21.0,0,0.45584015843683545,20.544159841563165,20.5,21.5
2302.0,20.337023784419333,20.541780977206038,8.446718389276176,21.0,0,0.458219022793962,20.541780977206038,20.5,21.5
2303.0,20.334645723340305,20.539402380725118,8.445677085921638,21.0,0,0.46059761927488196,20.539402380725118,20.5,21.5
2304.0,20.332267929612822,20.537024051945302,8.444635179184928,21.0,0,0.462975948054698,20.537024051945302,20.5,21.5
2305.0,20.329890403062738,20.53464599069181,8.443592670476635,21.0,0,0.4653540093081894,20.53464599069181,20.5,21.5
2306.0,20.32751314351622,20.53226819679018,8.44254956120817,21.0,0,0.4677318032098192,20.53226819679018,20.5,21.5
2307.0,20.32513615079976,20.52989067006627,8.441505852791746,21.0,0,0.4701093299337309,20.52989067006627,20.5,21.5
2308.0,20.32275942474016,20.527513410346238,8.440461546640394,21.0,0,0.4724865896537622,20.527513410346238,20.5,21.5
2309.0,20.32038296516454,20.525136417456583,8.439416644167958,21.0,0,0.4748635825434171,20.525136417456583,20.5,21.5
2310.0,20.31800677190034,20.522759691224103,8.438371146789077,21.0,0,0.4772403087758974,20.522759691224103,20.5,21.5
2311.0,20.315630844775317,20.520383231475922,8.437325055919208,21.0,0,0.4796167685240782,20.520383231475922,20.5,21.5
2312.0,20.313255183617546,20.518007038039478,8.436278372974607,21.0,0,0.4819929619605219,20.518007038039478,20.5,21.5
2313.0,20.310879788255416,20.51563111074253,8.435231099372327,21.0,0,0.4843688892574711,20.51563111074253,20.5,21.5
2314.0,20.30850465851764,20.513255449413148,8.43418323653023,21.0,0,0.4867445505868524,20.513255449413148,20.5,21.5
2315.0,20.306129794233243,20.51088005387973,8.433134785866963,21.0,0,0.4891199461202689,20.51088005387973,20.5,21.5
2316.0,20.30375519523157,20.508504923970982,8.432085748801983,21.0,0,0.4914950760290182,20.508504923970982,20.5,21.5
2317.0,20.301380861342285,20.506130059515932,8.431036126755531,21.0,0,0.4938699404840676,20.506130059515932,20.5,21.5
2318.0,20.299006792395367,20.50375546034392,8.429985921148642,21.0,0,0.49624453965607884,20.50375546034392,20.5,21.5
2319.0,20.29663298822112,20.50138112628462,8.428935133403145,21.0,0,0.4986188737153796,20.50138112628462,20.5,21.5
2320.0,20.294259448650156,20.499007057168,8.427883764941654,21.0,1,0.5009929428319992,20.499007057168,20.5,21.5
2321.0,20.296886173513414,20.497633252824368,8.426831817187567,21.0,1,0.5023667471756319,20.497633252824368,20.5,21.5
2322.0,20.29951216264215,20.49725951308434,8.425779291565073,21.0,1,0.5027404869156591,20.49725951308434,20.5,21.5
2323.0,20.302137416067932,20.497885637818854,8.424726189499134,21.0,1,0.5021143621811461,20.497885637818854,20.5,21.5
2324.0,20.30476193382262,20.499511426939154,8.423672512415502,21.0,1,0.5004885730608457,20.499511426939154,20.5,21.5
2325.0,20.307385715938338,20.50213668039679,8.4226182617407,21.0,1,0.4978633196032085,20.50213668039679,20.5,21.5
2326.0,20.3100087624475,20.50476119818361,8.42156343890203,21.0,1,0.49523880181639157,20.50476119818361,20.5,21.5
2327.0,20.31263107338279,20.507384980331736,8.420508045327574,21.0,1,0.49261501966826415,20.507384980331736,20.5,21.5
2328.0,20.31525264877718,20.510008026873585,8.419452082446178,21.0,1,0.48999197312641485,20.510008026873585,20.5,21.5
2329.0,20.317873488663913,20.51263033784184,8.418395551687462,21.0,1,0.4873696621581587,20.51263033784184,20.5,21.5
2330.0,20.320493593076517,20.515251913269474,8.417338454481818,21.0,1,0.4847480867305265,20.515251913269474,20.5,21.5
2331.0,20.323112962048796,20.517872753189735,8.416280792260402,21.0,1,0.48212724681026486,20.517872753189735,20.5,21.5
2332.0,20.32573159561484,20.520492857636146,8.415222566455133,21.0,1,0.47950714236385394,20.520492857636146,20.5,21.5
2333.0,20.328349493809007,20.52311222664251,8.414163778498699,21.0,1,0.47688777335748966,20.52311222664251,20.5,21.5
2334.0,20.330966656665947,20.525730860242916,8.413104429824543,21.0,1,0.47426913975708374,20.525730860242916,20.5,21.5
2335.0,20.333583084220578,20.52834875847173,8.412044521866868,21.0,1,0.47165124152827076,20.52834875847173,20.5,21.5
2336.0,20.33619877650811,20.530965921363595,8.41098405606064,21.0,1,0.46903407863640467,20.530965921363595,20.5,21.5
2337.0,20.33881373356402,20.533582348953427,8.409923033841572,21.0,1,0.46641765104657296,20.533582348953427,20.5,21.5
2338.0,20.341427955424077,20.536198041276442,8.408861456646138,21.0,1,0.46380195872355756,20.536198041276442,20.5,21.5
2339.0,20.344041442124322,20.538812998368115,8.407799325911556,21.0,1,0.46118700163188464,20.538812998368115,20.5,21.5
2340.0,20.34665419370108,20.541427220264215,8.406736643075801,21.0,1,0.4585727797357855,20.541427220264215,20.5,21.5
2341.0,20.349266210190954,20.544040707000782,8.405673409577588,21.0,1,0.4559592929992178,20.544040707000782,20.5,21.5
2342.0,20.35187749163083,20.546653458614145,8.40460962685638,21.0,1,0.45334654138585506,20.546653458614145,20.5,21.5
2343.0,20.354488038057877,20.549265475140906,8.403545296352391,21.0,1,0.4507345248590937,20.549265475140906,20.5,21.5
2344.0,20.357097849509536,20.55187675661795,8.402480419506563,21.0,1,0.44812324338204945,20.55187675661795,20.5,21.5
2345.0,20.359706926023534,20.554487303082443,8.40141499776059,21.0,1,0.44551269691755735,20.554487303082443,20.5,21.5
2346.0,20.362315267637882,20.557097114571828,8.400349032556894,21.0,1,0.4429028854281718,20.557097114571828,20.5,21.5
2347.0,20.364922874390867,20.559706191123833,8.399282525338643,21.0,1,0.44029380887616654,20.559706191123833,20.5,21.5
2348.0,20.367529746321058,20.56231453277647,8.398215477549728,21.0,1,0.4376854672235311,20.56231453277647,20.5,21.5
2349.0,20.370135883467302,20.564922139568022,8.39714789063478,21.0,1,0.4350778604319778,20.564922139568022,20.5,21.5
2350.0,20.372741285868734,20.56752901153706,8.396079766039158,21.0,1,0.4324709884629385,20.56752901153706,20.5,21.5
2351.0,20.375345953564768,20.570135148722436,8.395011105208942,21.0,1,0.42986485127756424,20.570135148722436,20.5,21.5
2352.0,20.377949886595097,20.57274055116328,8.393941909590952,21.0,1,0.4272594488367183,20.57274055116328,20.5,21.5
2353.0,20.380553084999697,20.57534521889901,8.392872180632716,21.0,1,0.4246547811009904,20.57534521889901,20.5,21.5
2354.0,20.383155548818824,20.577949151969314,8.391801919782498,21.0,1,0.42205084803068615,20.577949151969314,20.5,21.5
2355.0,20.385757278093017,20.58055235041417,8.390731128489275,21.0,1,0.41944764958583036,20.58055235041417,20.5,21.5
2356.0,20.388358272863098,20.583154814273833,8.389659808202738,21.0,1,0.41684518572616724,20.583154814273833,20.5,21.5
2357.0,20.390958533170167,20.58575654358885,8.388587960373306,21.0,1,0.4142434564111497,20.58575654358885,20.5,21.5
2358.0,20.393558059055607,20.588357538400032,8.387515586452103,21.0,1,0.41164246159996765,20.588357538400032,20.5,21.5
2359.0,20.396156850561088,20.590957798748484,8.386442687890968,21.0,1,0.40904220125151625,20.590957798748484,20.5,21.5
2360.0,20.398754907728552,20.593557324675594,8.385369266142447,21.0,1,0.40644267532440637,20.593557324675594,20.5,21.5
2361.0,20.401352230600235,20.596156116223018,8.384295322659804,21.0,1,0.40384388377698244,20.596156116223018,20.5,21.5
2362.0,20.40394881921865,20.598754173432713,8.383220858896998,21.0,1,0.4012458265672869,20.598754173432713,20.5,21.5
2363.0,20.406544673626584,20.601351496346908,8.382145876308698,21.0,1,0.39864850365309223,20.601351496346908,20.5,21.5
2364.0,20.40913979386712,20.603948085008113,8.381070376350275,21.0,1,0.39605191499188663,20.603948085008113,20.5,21.5
2365.0,20.411734179983615,20.606543939459126,8.379994360477799,21.0,1,0.3934560605408741,20.606543939459126,20.5,21.5
2366.0,20.414327832019712,20.609139059743022,8.37891783014804,21.0,1,0.39086094025697804,20.609139059743022,20.5,21.5
2367.0,20.416920750019337,20.611733445903162,8.377840786818467,21.0,1,0.3882665540968375,20.611733445903162,20.5,21.5
2368.0,20.419512934026695,20.614327097983182,8.376763231947237,21.0,1,0.38567290201681814,20.614327097983182,20.5,21.5
2369.0,20.42210438408628,20.616920016027013,8.375685166993204,21.0,1,0.38307998397298704,20.616920016027013,20.5,21.5
2370.0,20.42469510024286,20.619512200078862,8.374606593415912,21.0,1,0.3804877999211378,20.619512200078862,20.5,21.5
2371.0,20.427285082541495,20.622103650183217,8.373527512675594,21.0,1,0.37789634981678333,20.622103650183217,20.5,21.5
2372.0,20.429874331027523,20.624694366384855,8.372447926233166,21.0,1,0.37530563361514524,20.624694366384855,20.5,21.5
2373.0,20.432462845746564,20.62728434872883,8.371367835550235,21.0,1,0.37271565127117157,20.62728434872883,20.5,21.5
2374.0,20.435050626744523,20.629873597260477,8.370287242089086,21.0,1,0.3701264027395226,20.629873597260477,20.5,21.5
2375.0,20.43763767406759,20.632462112025426,8.369206147312685,21.0,1,0.3675378879745743,20.632462112025426,20.5,21.5
2376.0,20.44022398776224,20.635049893069574,8.368124552684678,21.0,1,0.36495010693042573,20.635049893069574,20.5,21.5
2377.0,20.442809567875226,20.637636940439116,8.367042459669388,21.0,1,0.36236305956088444,20.637636940439116,20.5,21.5
2378.0,20.445394414453585,20.64022325418052,8.365959869731812,21.0,1,0.35977674581948094,20.64022325418052,20.5,21.5
2379.0,20.44797852754464,20.642808834340542,8.36487678433762,21.0,1,0.35719116565945797,20.642808834340542,20.5,21.5
2380.0,20.450561907196,20.645393680966222,8.363793204953152,21.0,1,0.3546063190337776,20.645393680966222,20.5,21.5
2381.0,20.45314455345555,20.647977794104882,8.362709133045417,21.0,1,0.3520222058951177,20.647977794104882,20.5,21.5
2382.0,20.45572646637147,20.650561173804135,8.361624570082093,21.0,1,0.34943882619586475,20.650561173804135,20.5,21.5
2383.0,20.45830764599221,20.653143820111858,8.36053951753152,21.0,1,0.34685617988814244,20.653143820111858,20.5,21.5
2384.0,20.460888092366517,20.655725733076235,8.3594539768627,21.0,1,0.3442742669237653,20.655725733076235,20.5,21.5
2385.0,20.463467805543416,20.65830691274572,8.3583679495453,21.0,1,0.3416930872542814,20.65830691274572,20.5,21.5
2386.0,20.466046785572217,20.660887359169053,8.357281437049645,21.0,1,0.3391126408309475,20.660887359169053,20.5,21.5
2387.0,20.468625032502512,20.663467072395257,8.35619444084671,21.0,1,0.3365329276047433,20.663467072395257,20.5,21.5
2388.0,20.47120254638418,20.666046052473654,8.355106962408136,21.0,1,0.33395394752634644,20.666046052473654,20.5,21.5
2389.0,20.473779327267387,20.668624299453825,8.35401900320621,21.0,1,0.33137570054617527,20.668624299453825,20.5,21.5
2390.0,20.476355375202576,20.671201813385657,8.35293056471387,21.0,1,0.32879818661434257,20.671201813385657,20.5,21.5
2391.0,20.478930690240478,20.67377859431931,8.351841648404703,21.0,1,0.32622140568069113,20.67377859431931,20.5,21.5
2392.0,20.481505272432113,20.676354642305228,8.350752255752944,21.0,1,0.32364535769477243,20.676354642305228,20.5,21.5
2393.0,20.484079121828778,20.678929957394146,8.349662388233474,21.0,1,0.3210700426058537,20.678929957394146,20.5,21.5
2394.0,20.48665223848206,20.681504539637082,8.348572047321815,21.0,1,0.318495460362918,20.681504539637082,20.5,21.5
2395.0,20.489224622443825,20.68407838908533,8.347481234494131,21.0,1,0.3159216109146712,20.68407838908533,20.5,21.5
2396.0,20.491796273766234,20.68665150579048,8.346389951227225,21.0,1,0.3133484942095208,20.68665150579048,20.5,21.5
2397.0,20.494367192501727,20.689223889804403,8.345298198998535,21.0,1,0.31077611019559725,20.689223889804403,20.5,21.5
2398.0,20.496937378703027,20.691795541179253,8.344205979286135,21.0,1,0.30820445882074665,20.691795541179253,20.5,21.5
2399.0,20.499506832423144,20.69436645996747,8.343113293568734,21.0,1,0.30563354003253096,20.69436645996747,20.5,21.5
2400.0,20.502075553715372,20.69693664622178,8.34202014332567,21.0,1,0.3030633537782208,20.69693664622178,20.5,21.5
2401.0,20.504643542633293,20.699506099995194,8.340926530036906,21.0,1,0.30049390000480614,20.699506099995194,20.5,21.5
2402.0,20.507210799230773,20.702074821341004,8.339832455183041,21.0,1,0.29792517865899626,20.702074821341004,20.5,21.5
2403.0,20.509777323561963,20.70464281031279,8.338737920245292,21.0,1,0.29535718968720914,20.70464281031279,20.5,21.5
2404.0,20.5123431156813,20.70721006696442,8.337642926705499,21.0,1,0.29278993303557854,20.70721006696442,20.5,21.5
2405.0,20.514908175643505,20.709776591350046,8.336547476046126,21.0,1,0.290223408649954,20.709776591350046,20.5,21.5
2406.0,20.517472503503587,20.712342383524106,8.335451569750255,21.0,1,0.2876576164758937,20.712342383524106,20.5,21.5
2407.0,20.520036099316837,20.714907443541318,8.334355209301583,21.0,1,0.28509255645868237,20.714907443541318,20.5,21.5
2408.0,20.522598963138833,20.717471771456694,8.333258396184425,21.0,1,0.28252822854330617,20.717471771456694,20.5,21.5
2409.0,20.525161095025442,20.720035367325522,8.332161131883703,21.0,1,0.2799646326744778,20.720035367325522,20.5,21.5
2410.0,20.527722495032815,20.722598231203385,8.331063417884959,21.0,1,0.27740176879661504,20.722598231203385,20.5,21.5
2411.0,20.530283163217387,20.72516036314615,8.329965255674335,21.0,1,0.2748396368538515,20.72516036314615,20.5,21.5
2412.0,20.53284309963588,20.727721763209956,8.328866646738584,21.0,1,0.2722782367900436,20.727721763209956,20.5,21.5
2413.0,20.5354023043453,20.73028243145125,8.327767592565063,21.0,1,0.2697175685487494,20.73028243145125,20.5,21.5
2414.0,20.537960777402944,20.73284236792675,8.326668094641734,21.0,1,0.26715763207324983,20.73284236792675,20.5,21.5
2415.0,20.540518518866392,20.73540157269347,8.325568154457157,21.0,1,0.26459842730653094,20.73540157269347,20.5,21.5
2416.0,20.54307552879351,20.737960045808695,8.32446777350049,21.0,1,0.2620399541913052,20.737960045808695,20.5,21.5
2417.0,20.54563180724245,20.74051778733001,8.323366953261491,21.0,1,0.2594822126699903,20.74051778733001,20.5,21.5
2418.0,20.548187354271654,20.74307479731528,8.322265695230511,21.0,1,0.2569252026847195,20.74307479731528,20.5,21.5
2419.0,20.550742169939845,20.745631075822658,8.321164000898493,21.0,1,0.25436892417734214,20.745631075822658,20.5,21.5
2420.0,20.553296254306037,20.748186622910588,8.320061871756971,21.0,1,0.2518133770894124,20.748186622910588,20.5,21.5
2421.0,20.555849607429526,20.75074143863779,8.318959309298071,21.0,1,0.24925856136221114,20.75074143863779,20.5,21.5
2422.0,20.5584022293699,20.75329552306328,8.317856315014499,21.0,1,0.2467044769367206,20.75329552306328,20.5,21.5
2423.0,20.560954120187027,20.755848876246354,8.31675289039955,21.0,1,0.244151123753646,20.755848876246354,20.5,21.5
2424.0,20.56350527994107,20.7584014982466,8.315649036947102,21.0,1,0.24159850175340125,20.7584014982466,20.5,21.5
2425.0,20.56605570869247,20.760953389123888,8.314544756151614,21.0,1,0.23904661087611245,20.760953389123888,20.5,21.5
2426.0,20.568605406501963,20.763504548938375,8.31344004950812,21.0,1,0.23649545106162506,20.763504548938375,20.5,21.5
2427.0,20.571154373430563,20.766054977750507,8.312334918512233,21.0,1,0.2339450222494932,20.766054977750507,20.5,21.5
2428.0,20.57370260953958,20.76860467562102,8.31122936466014,21.0,1,0.2313953243789797,20.76860467562102,20.5,21.5
2429.0,20.576250114890605,20.771153642610926,8.310123389448602,21.0,1,0.22884635738907377,20.771153642610926,20.5,21.5
2430.0,20.57879688954552,20.773701878781537,8.309016994374948,21.0,1,0.2262981212184627,20.773701878781537,20.5,21.5
2431.0,20.581342933566486,20.776249384194443,8.307910180937077,21.0,1,0.22375061580555666,20.776249384194443,20.5,21.5
2432.0,20.58388824701596,20.778796158911526,8.306802950633452,21.0,1,0.22120384108847446,20.778796158911526,20.5,21.5
2433.0,20.58643282995668,20.781342202994942,8.305695304963105,21.0,1,0.21865779700505783,20.781342202994942,20.5,21.5
2434.0,20.588976682451683,20.783887516507157,8.304587245425628,21.0,1,0.21611248349284296,20.783887516507157,20.5,21.5
2435.0,20.591519804564278,20.78643209951091,8.30347877352117,21.0,1,0.2135679004890889,20.78643209951091,20.5,21.5
2436.0,20.59406219635807,20.78897595206923,8.302369890750445,21.0,1,0.21102404793077056,20.78897595206923,20.5,21.5
2437.0,20.596603857896948,20.79151907424542,8.301260598614716,21.0,1,0.20848092575457855,20.79151907424542,20.5,21.5
2438.0,20.59914478924509,20.794061466103106,8.300150898615806,21.0,1,0.20593853389689443,20.794061466103106,20.5,21.5
2439.0,20.601684990466964,20.796603127706163,8.299040792256086,21.0,1,0.20339687229383685,20.796603127706163,20.5,21.5
2440.0,20.60422446162732,20.79914405911877,8.297930281038482,21.0,1,0.2008559408812296,20.79914405911877,20.5,21.5
2441.0,20.606763202791203,20.8016842604054,8.296819366466464,21.0,1,0.19831573959460158,20.8016842604054,20.5,21.5
2442.0,20.609301214023937,20.804223731630792,8.295708050044047,21.0,1,0.19577626836920814,20.804223731630792,20.5,21.5
2443.0,20.61183849539114,20.806762472860004,8.294596333275795,21.0,1,0.19323752713999554,20.806762472860004,20.5,21.5
2444.0,20.614375046958717,20.809300484158353,8.29348421766681,21.0,1,0.19069951584164713,20.809300484158353,20.5,21.5
2445.0,20.616910868792857,20.811837765591463,8.292371704722736,21.0,1,0.1881622344085372,20.811837765591463,20.5,21.5
2446.0,20.619445960960043,20.81437431722523,8.291258795949755,21.0,1,0.18562568277476998,20.81437431722523,20.5,21.5
2447.0,20.62198032352704,20.816910139125852,8.290145492854583,21.0,1,0.1830898608741478,20.816910139125852,20.5,21.5
2448.0,20.624513956560907,20.819445231359804,8.289031796944471,21.0,1,0.18055476864019582,20.819445231359804,20.5,21.5
2449.0,20.627046860128985,20.82197959399386,8.287917709727203,21.0,1,0.17802040600614077,20.82197959399386,20.5,21.5
2450.0,20.629579034298903,20.824513227095068,8.28680323271109,21.0,1,0.1754867729049323,20.824513227095068,20.5,21.5
2451.0,20.632110479138586,20.82704613073078,8.285688367404973,21.0,1,0.17295386926922163,20.82704613073078,20.5,21.5
2452.0,20.634641194716238,20.829578304968617,8.284573115318219,21.0,1,0.17042169503138282,20.829578304968617,20.5,21.5
2453.0,20.63717118110036,20.83210974987651,8.283457477960717,21.0,1,0.16789025012349157,20.83210974987651,20.5,21.5
2454.0,20.639700438359732,20.834640465522657,8.282341456842877,21.0,1,0.16535953447734286,20.834640465522657,20.5,21.5
2455.0,20.64222896656343,20.83717045197556,8.28122505347563,21.0,1,0.16282954802444038,20.83717045197556,20.5,21.5
2456.0,20.644756765780812,20.839699709304007,8.280108269370427,21.0,1,0.16030029069599294,20.839699709304007,20.5,21.5
2457.0,20.64728383608153,20.842228237577064,8.27899110603923,21.0,1,0.15777176242293578,20.842228237577064,20.5,21.5
2458.0,20.64981017753552,20.844756036864094,8.277873564994515,21.0,1,0.15524396313590572,20.844756036864094,20.5,21.5
2459.0,20.652335790213012,20.84728310723475,8.276755647749273,21.0,1,0.15271689276524825,20.84728310723475,20.5,21.5
2460.0,20.65486067418452,20.84980944875897,8.275637355816999,21.0,1,0.15019055124103176,20.84980944875897,20.5,21.5
2461.0,20.657384829520847,20.852335061506974,8.274518690711702,21.0,1,0.1476649384930262,20.852335061506974,20.5,21.5
2462.0,20.659908256293086,20.854859945549286,8.273399653947887,21.0,1,0.14514005445071376,20.854859945549286,20.5,21.5
2463.0,20.662430954572617,20.857384100956704,8.272280247040575,21.0,1,0.14261589904329597,20.857384100956704,20.5,21.5
2464.0,20.66495292443111,20.859907527800324,8.271160471505274,21.0,1,0.1400924721996759,20.859907527800324,20.5,21.5
2465.0,20.667474165940522,20.862430226151524,8.270040328858,21.0,1,0.13756977384847602,20.862430226151524,20.5,21.5
2466.0,20.669994679173104,20.864952196081976,8.268919820615265,21.0,1,0.13504780391802385,20.864952196081976,20.5,21.5
2467.0,20.67251446420139,20.867473437663637,8.267798948294075,21.0,1,0.13252656233636273,20.867473437663637,20.5,21.5
2468.0,20.67503352109821,20.869993950968755,8.266677713411926,21.0,1,0.13000604903124469,20.869993950968755,20.5,21.5
2469.0,20.677551849936673,20.872513736069866,8.26555611748681,21.0,1,0.12748626393013396,20.872513736069866,20.5,21.5
2470.0,20.68006945079018,20.875032793039797,8.264434162037203,21.0,1,0.12496720696020347,20.875032793039797,20.5,21.5
2471.0,20.68258632373243,20.87755112195166,8.26331184858207,21.0,1,0.12244887804833837,20.87755112195166,20.5,21.5
2472.0,20.6851024688374,20.880068722878864,8.262189178640865,21.0,1,0.11993127712113605,20.880068722878864,20.5,21.5
2473.0,20.68761788617936,20.88258559589509,8.261066153733516,21.0,1,0.11741440410490966,20.88258559589509,20.5,21.5
2474.0,20.69013257583287,20.88510174107433,8.259942775380438,21.0,1,0.1148982589256704,20.88510174107433,20.5,21.5
2475.0,20.69264653787278,20.887617158490848,8.258819045102522,21.0,1,0.11238284150915234,20.887617158490848,20.5,21.5
2476.0,20.695159772374225,20.89013184821921,8.257694964421134,21.0,1,0.10986815178079112,20.89013184821921,20.5,21.5
2477.0,20.697672279412636,20.892645810334255,8.256570534858119,21.0,1,0.10735418966574528,20.892645810334255,20.5,21.5
2478.0,20.700184059063726,20.89515904491113,8.25544575793579,21.0,1,0.10484095508887137,20.89515904491113,20.5,21.5
2479.0,20.7026951114035,20.897671552025255,8.254320635176935,21.0,1,0.10232844797474527,20.897671552025255,20.5,21.5
2480.0,20.705205436508255,20.900183331752352,8.253195168104803,21.0,1,0.09981666824764801,20.900183331752352,20.5,21.5
2481.0,20.707715034454573,20.90269438416842,8.252069358243114,21.0,1,0.09730561583157993,20.90269438416842,20.5,21.5
2482.0,20.71022390531933,20.905204709349757,8.250943207116054,21.0,1,0.09479529065024295,20.905204709349757,20.5,21.5
2483.0,20.712732049179692,20.907714307372952,8.249816716248265,21.0,1,0.09228569262704767,20.907714307372952,20.5,21.5
2484.0,20.715239466113108,20.910223178314872,8.248689887164854,21.0,1,0.08977682168512757,20.910223178314872,20.5,21.5
2485.0,20.717746156197318,20.91273132225269,8.247562721391386,21.0,1,0.08726867774731062,20.91273132225269,20.5,21.5
2486.0,20.720252119510356,20.915238739263845,8.246435220453877,21.0,1,0.08476126073615475,20.915238739263845,20.5,21.5
2487.0,20.722757356130543,20.917745429426088,8.245307385878803,21.0,1,0.08225457057391239,20.917745429426088,20.5,21.5
2488.0,20.725261866136492,20.92025139281745,8.244179219193086,21.0,1,0.07974860718255172,20.92025139281745,20.5,21.5
2489.0,20.727765649607104,20.922756629516247,8.2430507219241,21.0,1,0.07724337048375318,20.922756629516247,20.5,21.5
2490.0,20.73026870662157,20.925261139601094,8.241921895599669,21.0,1,0.07473886039890587,20.925261139601094,20.5,21.5
2491.0,20.732771037259365,20.927764923150896,8.240792741748056,21.0,1,0.07223507684910402,20.927764923150896,20.5,21.5
2492.0,20.73527264160026,20.93026798024484,8.239663261897977,21.0,1,0.06973201975516119,20.93026798024484,20.5,21.5
2493.0,20.73777351972432,20.932770310962404,8.238533457578582,21.0,1,0.06722968903759607,20.932770310962404,20.5,21.5
2494.0,20.740273671711893,20.93527191538336,8.23740333031946,21.0,1,0.06472808461663959,20.93527191538336,20.5,21.5
2495.0,20.742773097643614,20.937772793587772,8.236272881650642,21.0,1,0.06222720641222779,20.937772793587772,20.5,21.5
2496.0,20.745271797600417,20.940272945655984,8.23514211310259,21.0,1,0.05972705434401604,20.940272945655984,20.5,21.5
2497.0,20.747769771663517,20.94277237166863,8.234011026206202,21.0,1,0.05722762833136841,20.94277237166863,20.5,21.5
2498.0,20.750267019914425,20.945271071706653,8.232879622492806,21.0,1,0.05472892829334697,20.945271071706653,20.5,21.5
2499.0,20.75276354243494,20.947769045851263,8.231747903494158,21.0,1,0.052230954148736686,20.947769045851263,20.5,21.5
2500.0,20.755259339307152,20.95026629418397,8.23061587074244,21.0,1,0.049733705816031204,20.95026629418397,20.5,21.5
2501.0,20.75775441061344,20.952762816786578,8.229483525770263,21.0,1,0.047237183213422185,20.952762816786578,20.5,21.5
2502.0,20.76024875643647,20.95525861374117,8.228350870110656,21.0,1,0.044741386258831284,20.95525861374117,20.5,21.5
2503.0,20.762742376859208,20.957753685130125,8.22721790529707,21.0,1,0.042246314869874624,20.957753685130125,20.5,21.5
2504.0,20.765235271964897,20.96024803103612,8.22608463286338,21.0,1,0.03975196896388056,20.96024803103612,20.5,21.5
2505.0,20.767727441837078,20.962741651542107,8.224951054343865,21.0,1,0.03725834845789322,20.962741651542107,20.5,21.5
2506.0,20.77021888655958,20.965234546731335,8.22381717127323,21.0,1,0.034765453268665425,20.965234546731335,20.5,21.5
2507.0,20.772709606216523,20.967726716687345,8.22268298518659,21.0,1,0.03227328331265511,20.967726716687345,20.5,21.5
2508.0,20.775199600892318,20.970218161493968,8.221548497619468,21.0,1,0.029781838506032443,20.970218161493968,20.5,21.5
2509.0,20.777688870671664,20.97270888123532,8.220413710107792,21.0,1,0.027291118764679823,20.97270888123532,20.5,21.5
2510.0,20.78017741563955,20.97519887599581,8.219278624187904,21.0,1,0.024801124004188324,20.97519887599581,20.5,21.5
2511.0,20.78266523588126,20.97768814586015,8.218143241396543,21.0,1,0.022311854139850595,20.97768814586015,20.5,21.5
2512.0,20.785152331482365,20.980176690913318,8.217007563270855,21.0,1,0.019823309086682173,20.980176690913318,20.5,21.5
2513.0,20.787638702528724,20.982664511240596,8.21587159134838,21.0,1,0.017335488759403717,20.982664511240596,20.5,21.5
2514.0,20.790124349106488,20.98515160692756,8.214735327167062,21.0,1,0.014848393072441013,20.98515160692756,20.5,21.5
2515.0,20.7926092713021,20.98763797806007,8.21359877226524,21.0,1,0.012362021939928525,20.98763797806007,20.5,21.5
2516.0,20.795093469202293,20.990123624724276,8.212461928181641,21.0,1,0.009876375275723603,20.990123624724276,20.5,21.5
2517.0,20.79757694289409,20.99260854700662,8.211324796455388,21.0,1,0.00739145299338162,20.99260854700662,20.5,21.5
2518.0,20.800059692464803,20.995092744993833,8.210187378625994,21.0,1,0.004907255006166622,20.995092744993833,20.5,21.5
2519.0,20.802541718002036,20.997576218772945,8.209049676233356,21.0,1,0.0024237812270548886,20.997576218772945,20.5,21.5
2520.0,20.805023019593683,21.00005896843126,8.20791169081776,21.0,1,-5.896843126151907e-05,21.00005896843126,20.5,21.5
2521.0,20.80750359732793,21.00254099405639,8.206773423919872,21.0,1,-0.0025409940563889677,21.00254099405639,20.5,21.5
2522.0,20.80998345129325,21.00502229573622,8.205634877080739,21.0,1,-0.005022295736221594,21.00502229573622,20.5,21.5
2523.0,20.812462581578405,21.00750287355894,8.20449605184179,21.0,1,-0.007502873558941303,21.00750287355894,20.5,21.5
2524.0,20.814940988272458,21.00998272761303,8.20335694974483,21.0,1,-0.00998272761302843,21.00998272761303,20.5,21.5
2525.0,20.81741867146475,21.01246185798724,8.202217572332039,21.0,1,-0.012461857987240421,21.01246185798724,20.5,21.5
2526.0,20.819895631244925,21.01494026477064,8.201077921145965,21.0,1,-0.014940264770640255,21.01494026477064,20.5,21.5
2527.0,20.822371867702905,21.01741794805257,8.199937997729533,21.0,1,-0.017417948052571575,21.01741794805257,20.5,21.5
2528.0,20.82484738092891,21.019894907922673,8.198797803626034,21.0,1,-0.0198949079226729,21.019894907922673,20.5,21.5
2529.0,20.82732217101345,21.022371144470874,8.197657340379127,21.0,1,-0.02237114447087407,21.022371144470874,20.5,21.5
2530.0,20.829796238047322,21.024846657787386,8.19651660953283,21.0,1,-0.024846657787385595,21.024846657787386,20.5,21.5
2531.0,20.83226958212162,21.027321447962727,8.19537561263153,21.0,1,-0.027321447962727063,21.027321447962727,20.5,21.5
2532.0,20.83474220332772,21.02979551508769,8.194234351219972,21.0,1,-0.029795515087691626,21.02979551508769,20.5,21.5
2533.0,20.8372141017573,21.032268859253367,8.193092826843257,21.0,1,-0.03226885925336731,21.032268859253367,20.5,21.5
2534.0,20.83968527750232,21.03474148055114,8.191951041046844,21.0,1,-0.03474148055114057,21.03474148055114,20.5,21.5
2535.0,20.84215573065503,21.03721337907268,8.190808995376544,21.0,1,-0.03721337907267852,21.03721337907268,20.5,21.5
2536.0,20.844625461307974,21.03968455490995,8.189666691378525,21.0,1,-0.039684554909950265,21.03968455490995,20.5,21.5
2537.0,20.847094469553987,21.042155008155202,8.188524130599298,21.0,1,-0.04215500815520201,21.042155008155202,20.5,21.5
2538.0,20.849562755486197,21.044624738900982,8.187381314585725,21.0,1,-0.04462473890098195,21.044624738900982,20.5,21.5
2539.0,20.85203031919802,21.04709374724012,8.186238244885013,21.0,1,-0.047093747240118944,21.04709374724012,20.5,21.5
2540.0,20.854497160783154,21.049562033265747,8.185094923044716,21.0,1,-0.049562033265747374,21.049562033265747,20.5,21.5
2541.0,20.856963280335606,21.052029597071275,8.18395135061272,21.0,1,-0.05202959707127519,21.052029597071275,20.5,21.5
2542.0,20.859428677949662,21.054496438750412,8.18280752913726,21.0,1,-0.054496438750412324,21.054496438750412,20.5,21.5
2543.0,20.8618933537199,21.056962558397153,8.181663460166908,21.0,1,-0.05696255839715292,21.056962558397153,20.5,21.5
2544.0,20.86435730774119,21.059427956105786,8.18051914525056,21.0,1,-0.059427956105785995,21.059427956105786,20.5,21.5
2545.0,20.866820540108694,21.061892631970895,8.179374585937458,21.0,1,-0.06189263197089545,21.061892631970895,20.5,21.5
2546.0,20.86928305091786,21.064356586087346,8.178229783777166,21.0,1,-0.06435658608734585,21.064356586087346,20.5,21.5
2547.0,20.871744840264434,21.0668198185503,8.177084740319584,21.0,1,-0.06681981855030017,21.0668198185503,20.5,21.5
2548.0,20.874205908244445,21.06928232945521,8.17593945711493,21.0,1,-0.06928232945520918,21.06928232945521,20.5,21.5
2549.0,20.87666625495422,21.071744118897815,8.174793935713756,21.0,1,-0.07174411889781496,21.071744118897815,20.5,21.5
2550.0,20.87912588049037,21.074205186974147,8.17364817766693,21.0,1,-0.07420518697414735,21.074205186974147,20.5,21.5
2551.0,20.881584784949805,21.076665533780535,8.172502184525642,21.0,1,-0.07666553378053464,21.076665533780535,20.5,21.5
2552.0,20.88404296842972,21.079125159413596,8.171355957841401,21.0,1,-0.07912515941359644,21.079125159413596,20.5,21.5
2553.0,20.886500431027603,21.08158406397023,8.170209499166033,21.0,1,-0.08158406397022944,21.08158406397023,20.5,21.5
2554.0,20.88895717284123,21.084042247547632,8.169062810051674,21.0,1,-0.08404224754763234,21.084042247547632,20.5,21.5
2555.0,20.891413193968674,21.086499710243295,8.167915892050777,21.0,1,-0.08649971024329517,21.086499710243295,20.5,21.5
2556.0,20.89386849450829,21.088956452154992,8.166768746716103,21.0,1,-0.08895645215499215,21.088956452154992,20.5,21.5
2557.0,20.89632307455873,21.091412473380792,8.165621375600718,21.0,1,-0.09141247338079239,21.091412473380792,20.5,21.5
2558.0,20.898776934218937,21.093867774019056,8.164473780258,21.0,1,-0.09386777401905633,21.093867774019056,20.5,21.5
2559.0,20.901230073588145,21.09632235416844,8.163325962241622,21.0,1,-0.09632235416843926,21.09632235416844,20.5,21.5
2560.0,20.903682492765878,21.098776213927877,8.162177923105567,21.0,1,-0.09877621392787717,21.098776213927877,20.5,21.5
2561.0,20.906134191851947,21.10122935339661,8.161029664404113,21.0,1,-0.10122935339661154,21.10122935339661,20.5,21.5
2562.0,20.90858517094646,21.103681772674157,8.159881187691836,21.0,1,-0.10368177267415746,21.103681772674157,20.5,21.5
2563.0,20.91103543014981,21.106133471860332,8.158732494523605,21.0,1,-0.10613347186033195,21.106133471860332,20.5,21.5
2564.0,20.913484969562685,21.108584451055243,8.157583586454583,21.0,1,-0.10858445105524339,21.108584451055243,20.5,21.5
2565.0,20.915933789286065,21.11103471035928,8.156434465040231,21.0,1,-0.11103471035928081,21.11103471035928,20.5,21.5
2566.0,20.918381889421216,21.11348424987313,8.155285131836287,21.0,1,-0.11348424987313166,21.11348424987313,20.5,21.5
2567.0,20.9208292700697,21.115933069697782,8.154135588398786,21.0,1,-0.11593306969778183,21.115933069697782,20.5,21.5
2568.0,20.923275931333364,21.118381169934494,8.152985836284039,21.0,1,-0.11838116993449432,21.118381169934494,20.5,21.5
2569.0,20.925721873314355,21.12082855068483,8.151835877048645,21.0,1,-0.12082855068483056,21.12082855068483,20.5,21.5
2570.0,20.928167096115104,21.12327521205064,8.150685712249484,21.0,1,-0.12327521205063974,21.12327521205064,20.5,21.5
2571.0,20.93061159983833,21.125721154134062,8.14953534344371,21.0,1,-0.12572115413406237,21.125721154134062,20.5,21.5
2572.0,20.93305538458705,21.128166377037537,8.148384772188757,21.0,1,-0.12816637703753742,21.128166377037537,20.5,21.5
2573.0,20.93549845046457,21.130610880863777,8.147234000042332,21.0,1,-0.13061088086377737,21.130610880863777,20.5,21.5
2574.0,20.937940797574488,21.133054665715804,8.146083028562412,21.0,1,-0.13305466571580382,21.133054665715804,20.5,21.5
2575.0,20.940382426020687,21.135497731696923,8.144931859307247,21.0,1,-0.13549773169692259,21.135497731696923,20.5,21.5
2576.0,20.942823335907345,21.137940078910724,8.143780493835353,21.0,1,-0.13794007891072368,21.137940078910724,20.5,21.5
2577.0,20.94526352733893,21.140381707461096,8.142628933705511,21.0,1,-0.14038170746109557,21.140381707461096,20.5,21.5
2578.0,20.947703000420205,21.142822617452225,8.14147718047677,21.0,1,-0.14282261745222513,21.142822617452225,20.5,21.5
2579.0,20.950141755256215,21.14526280898857,8.140325235708431,21.0,1,-0.14526280898856925,21.14526280898857,20.5,21.5
2580.0,20.952579791952306,21.147702282174897,8.139173100960065,21.0,1,-0.14770228217489745,21.147702282174897,20.5,21.5
2581.0,20.955017110614108,21.15014103711625,8.138020777791494,21.0,1,-0.15014103711624927,21.15014103711625,20.5,21.5
2582.0,20.957453711347544,21.15257907391797,8.136868267762797,21.0,1,-0.15257907391796977,21.15257907391797,20.5,21.5
2583.0,20.959889594258826,21.155016392685695,8.135715572434304,21.0,1,-0.15501639268569534,21.155016392685695,20.5,21.5
2584.0,20.96232475945446,21.157452993525347,8.134562693366599,21.0,1,-0.15745299352534659,21.157452993525347,20.5,21.5
2585.0,20.964759207041244,21.159888876543132,8.133409632120513,21.0,1,-0.15988887654313189,21.159888876543132,20.5,21.5
2586.0,20.96719293712626,21.16232404184556,8.132256390257123,21.0,1,-0.1623240418455616,21.16232404184556,20.5,21.5
2587.0,20.969625949816887,21.16475848953943,8.131102969337752,21.0,1,-0.1647584895394303,21.16475848953943,20.5,21.5
2588.0,20.97205824522079,21.167192219731824,8.129949370923963,21.0,1,-0.16719221973182385,21.167192219731824,20.5,21.5
2589.0,20.974489823445932,21.169625232530116,8.128795596577563,21.0,1,-0.16962523253011597,21.169625232530116,20.5,21.5
2590.0,20.976920684600557,21.17205752804198,8.127641647860594,21.0,1,-0.1720575280419787,21.17205752804198,20.5,21.5
2591.0,20.97935082879321,21.17448910637537,8.126487526335337,21.0,1,-0.1744891063753684,21.17448910637537,20.5,21.5
2592.0,20.981780256132716,21.176919967638533,8.125333233564305,21.0,1,-0.17691996763853268,21.176919967638533,20.5,21.5
2593.0,20.9842089667282,21.17935011194001,8.124178771110241,21.0,1,-0.1793501119400105,21.17935011194001,20.5,21.5
2594.0,20.986636960689076,21.18177953938864,8.12302414053612,21.0,1,-0.18177953938863922,21.18177953938864,20.5,21.5
2595.0,20.989064238125046,21.184208250093537,8.121869343405148,21.0,1,-0.18420825009353692,21.184208250093537,20.5,21.5
2596.0,20.991490799146103,21.186636244164113,8.120714381280749,21.0,1,-0.18663624416411295,21.186636244164113,20.5,21.5
2597.0,20.99391664386253,21.189063521710075,8.119559255726575,21.0,1,-0.18906352171007512,21.189063521710075,20.5,21.5
2598.0,20.996341772384902,21.191490082841415,8.1184039683065,21.0,1,-0.19149008284141544,21.191490082841415,20.5,21.5
2599.0,20.998766184824085,21.193915927668417,8.117248520584617,21.0,1,-0.19391592766841725,21.193915927668417,20.5,21.5
2600.0,21.001189881291236,21.196341056301655,8.11609291412523,21.0,1,-0.19634105630165521,21.196341056301655,20.5,21.5
2601.0,21.003612861897803,21.198765468851995,8.114937150492867,21.0,1,-0.1987654688519953,21.198765468851995,20.5,21.5
2602.0,21.00603512675552,21.201189165430595,8.113781231252261,21.0,1,-0.20118916543059484,21.201189165430595,20.5,21.5
2603.0,21.00845667597642,21.2036121461489,8.112625157968363,21.0,1,-0.2036121461488989,21.2036121461489,20.5,21.5
2604.0,21.010877509672817,21.206034411118644,8.111468932206325,21.0,1,-0.20603441111864385,21.206034411118644,20.5,21.5
2605.0,21.013297627957325,21.208455960451865,8.110312555531513,21.0,1,-0.20845596045186454,21.208455960451865,20.5,21.5
2606.0,21.015717030942838,21.210876794260873,8.109156029509489,21.0,1,-0.2108767942608729,21.210876794260873,20.5,21.5
2607.0,21.018135718742553,21.21329691265828,8.107999355706022,21.0,1,-0.21329691265827933,21.21329691265828,20.5,21.5
2608.0,21.020553691469946,21.215716315756985,8.106842535687086,21.0,1,-0.21571631575698547,21.215716315756985,20.5,21.5
2609.0,21.02297094923879,21.218135003670177,8.105685571018842,21.0,1,-0.21813500367017724,21.218135003670177,20.5,21.5
2610.0,21.025387492163144,21.22055297651134,8.104528463267654,21.0,1,-0.22055297651133898,21.22055297651134,20.5,21.5
2611.0,21.027803320357364,21.222970234394246,8.103371214000077,21.0,1,-0.22297023439424635,21.222970234394246,20.5,21.5
2612.0,21.030218433936092,21.225386777432952,8.102213824782863,21.0,1,-0.2253867774329521,21.225386777432952,20.5,21.5
2613.0,21.03263283301426,21.227802605741818,8.101056297182947,21.0,1,-0.2278026057418181,21.227802605741818,20.5,21.5
2614.0,21.035046517707094,21.23021771943548,8.099898632767452,21.0,1,-0.23021771943547975,21.23021771943548,20.5,21.5
2615.0,21.037459488130107,21.232632118628867,8.098740833103689,21.0,1,-0.23263211862886735,21.232632118628867,20.5,21.5
2616.0,21.0398717443991,21.235045803437213,8.09758289975915,21.0,1,-0.23504580343721315,21.235045803437213,20.5,21.5
2617.0,21.042283286630173,21.23745877397603,8.096424834301509,21.0,1,-0.2374587739760301,21.23745877397603,20.5,21.5
2618.0,21.04469411493971,21.23987103036112,8.095266638298622,21.0,1,-0.2398710303611189,21.23987103036112,20.5,21.5
2619.0,21.047104229444383,21.24228257270858,8.094108313318515,21.0,1,-0.24228257270857867,21.24228257270858,20.5,21.5
2620.0,21.049513630261156,21.24469340113479,8.092949860929393,21.0,1,-0.2446934011347892,21.24469340113479,20.5,21.5
2621.0,21.05192231750729,21.24710351575643,8.091791282699631,21.0,1,-0.24710351575642875,21.24710351575643,20.5,21.5
2622.0,21.054330291300328,21.249512916690456,8.09063258019778,21.0,1,-0.24951291669045617,21.249512916690456,20.5,21.5
2623.0,21.056737551758108,21.25192160405414,8.089473754992552,21.0,1,-0.25192160405413944,21.25192160405414,20.5,21.5
2624.0,21.059144098998754,21.254329577965013,8.08831480865283,21.0,1,-0.254329577965013,21.254329577965013,20.5,21.5
2625.0,21.061549933140686,21.256736838540917,8.087155742747658,21.0,1,-0.2567368385409168,21.256736838540917,20.5,21.5
2626.0,21.063955054302607,21.259143385899982,8.085996558846244,21.0,1,-0.2591433858999821,21.259143385899982,20.5,21.5
2627.0,21.066359462603515,21.261549220160617,8.084837258517956,21.0,1,-0.2615492201606173,21.261549220160617,20.5,21.5
2628.0,21.0687631581627,21.263954341441536,8.083677843332316,21.0,1,-0.2639543414415364,21.263954341441536,20.5,21.5
2629.0,21.071166141099734,21.266358749861734,8.082518314859007,21.0,1,-0.2663587498617339,21.266358749861734,20.5,21.5
2630.0,21.073568411534485,21.268762445540496,8.08135867466786,21.0,1,-0.2687624455404958,21.268762445540496,20.5,21.5
2631.0,21.07596996958711,21.271165428597396,8.080198924328858,21.0,1,-0.2711654285973957,21.271165428597396,20.5,21.5
2632.0,21.078370815378058,21.273567699152302,8.079039065412141,21.0,1,-0.27356769915230217,21.273567699152302,20.5,21.5
2633.0,21.080770949028064,21.27596925732538,8.077879099487985,21.0,1,-0.2759692573253787,21.27596925732538,20.5,21.5
2634.0,21.083170370658156,21.278370103237062,8.076719028126819,21.0,1,-0.27837010323706224,21.278370103237062,20.5,21.5
2635.0,21.08556908038965,21.280770237008095,8.075558852899208,21.0,1,-0.28077023700809534,21.280770237008095,20.5,21.5
2636.0,21.087967078344153,21.283169658759505,8.074398575375863,21.0,1,-0.2831696587595047,21.283169658759505,20.5,21.5
2637.0,21.09036436464356,21.285568368612605,8.073238197127631,21.0,1,-0.28556836861260493,21.285568368612605,20.5,21.5
2638.0,21.092760939410056,21.287966366689,8.072077719725497,21.0,1,-0.2879663666890018,21.287966366689,20.5,21.5
2639.0,21.09515680276612,21.290363653110596,8.070917144740578,21.0,1,-0.290363653110596,21.290363653110596,20.5,21.5
2640.0,21.097551954834515,21.29276022799957,8.069756473744125,21.0,1,-0.2927602279995689,21.29276022799957,20.5,21.5
2641.0,21.099946395738296,21.295156091478397,8.068595708307518,21.0,1,-0.29515609147839683,21.295156091478397,20.5,21.5
2642.0,21.10234012560081,21.297551243669847,8.067434850002265,21.0,1,-0.2975512436698473,21.297551243669847,20.5,21.5
2643.0,21.10473314454569,21.299945684696972,8.0662739004,21.0,1,-0.29994568469697214,21.299945684696972,20.5,21.5
2644.0,21.107125452696863,21.302339414683125,8.06511286107248,21.0,1,-0.3023394146831251,21.302339414683125,20.5,21.5
2645.0,21.10951705017854,21.30473243375193,8.063951733591585,21.0,1,-0.30473243375192993,21.30473243375193,20.5,21.5
2646.0,21.111907937115223,21.307124742027316,8.062790519529313,21.0,1,-0.307124742027316,21.307124742027316,20.5,21.5
2647.0,21.114298113631705,21.309516339633497,8.06162922045778,21.0,1,-0.3095163396334968,21.309516339633497,20.5,21.5
2648.0,21.11668757985307,21.31190722669497,8.060467837949215,21.0,1,-0.31190722669497006,21.31190722669497,20.5,21.5
2649.0,21.11907633590469,21.314297403336532,8.059306373575962,21.0,1,-0.314297403336532,21.314297403336532,20.5,21.5
2650.0,21.121464381912226,21.31668686968327,8.058144828910475,21.0,1,-0.3166868696832701,21.31668686968327,20.5,21.5
2651.0,21.123851718001625,21.31907562586055,8.05698320552532,21.0,1,-0.31907562586054894,21.31907562586055,20.5,21.5
2652.0,21.12623834429913,21.32146367199403,8.055821504993164,21.0,1,-0.3214636719940316,21.32146367199403,20.5,21.5
2653.0,21.128624260931268,21.323851008209672,8.054659728886781,21.0,1,-0.3238510082096724,21.323851008209672,20.5,21.5
2654.0,21.13100946802486,21.326237634633706,8.05349787877905,21.0,1,-0.32623763463370636,21.326237634633706,20.5,21.5
2655.0,21.13339396570701,21.328623551392667,8.052335956242944,21.0,1,-0.32862355139266697,21.328623551392667,20.5,21.5
2656.0,21.135777754105117,21.33100875861337,8.05117396285154,21.0,1,-0.3310087586133683,21.33100875861337,20.5,21.5
2657.0,21.138160833346866,21.333393256422916,8.050011900178008,21.0,1,-0.33339325642291584,21.333393256422916,20.5,21.5
2658.0,21.14054320356023,21.335777044948706,8.048849769795613,21.0,1,-0.3357770449487063,21.335777044948706,20.5,21.5
2659.0,21.14292486487348,21.33816012431843,8.047687573277711,21.0,1,-0.33816012431843134,21.33816012431843,20.5,21.5
2660.0,21.14530581741516,21.34054249466006,8.046525312197746,21.0,1,-0.3405424946600597,21.34054249466006,20.5,21.5
2661.0,21.147686061314115,21.342924156101855,8.045362988129254,21.0,1,-0.342924156101855,21.342924156101855,20.5,21.5
2662.0,21.150065596699477,21.345305108772376,8.044200602645851,21.0,1,-0.34530510877237575,21.345305108772376,20.5,21.5
2663.0,21.152444423700665,21.347685352800465,8.043038157321238,21.0,1,-0.34768535280046464,21.347685352800465,20.5,21.5
2664.0,21.154822542447388,21.350064888315245,8.0418756537292,21.0,1,-0.35006488831524507,21.350064888315245,20.5,21.5
2665.0,21.157199953069643,21.352443715446146,8.040713093443596,21.0,1,-0.35244371544614594,21.352443715446146,20.5,21.5
2666.0,21.15957665569772,21.354821834322866,8.039550478038365,21.0,1,-0.3548218343228662,21.354821834322866,20.5,21.5
2667.0,21.161952650462187,21.357199245075403,8.03838780908752,21.0,1,-0.3571992450754031,21.357199245075403,20.5,21.5
2668.0,21.164327937493912,21.359575947834053,8.037225088165146,21.0,1,-0.35957594783405256,21.359575947834053,20.5,21.5
2669.0,21.166702516924047,21.361951942729387,8.036062316845399,21.0,1,-0.36195194272938735,21.361951942729387,20.5,21.5
2670.0,21.169076388884033,21.364327229892265,8.0348994967025,21.0,1,-0.3643272298922646,21.364327229892265,20.5,21.5
2671.0,21.171449553505596,21.36670180945384,8.033736629310743,21.0,1,-0.3667018094538399,21.36670180945384,20.5,21.5
2672.0,21.173822010920755,21.369075681545556,8.032573716244482,21.0,1,-0.3690756815455565,21.369075681545556,20.5,21.5
2673.0,21.17619376126182,21.37144884629914,8.03141075907813,21.0,1,-0.3714488462991383,21.37144884629914,20.5,21.5
2674.0,21.178564804661384,21.373821303846608,8.03024775938616,21.0,1,-0.37382130384660783,21.373821303846608,20.5,21.5
2675.0,21.18093514125233,21.37619305432027,8.029084718743112,21.0,1,-0.3761930543202716,21.37619305432027,20.5,21.5
2676.0,21.18330477116783,21.378564097852713,8.02792163872357,21.0,1,-0.3785640978527134,21.378564097852713,20.5,21.5
2677.0,21.18567369454134,21.380934434576837,8.026758520902176,21.0,1,-0.3809344345768366,21.380934434576837,20.5,21.5
2678.0,21.188041911506613,21.383304064625793,8.025595366853622,21.0,1,-0.3833040646257935,21.383304064625793,20.5,21.5
2679.0,21.190409422197682,21.385672988133052,8.024432178152654,21.0,1,-0.3856729881330523,21.385672988133052,20.5,21.5
2680.0,21.192776226748872,21.388041205232362,8.023268956374057,21.0,1,-0.3880412052323621,21.388041205232362,20.5,21.5
2681.0,21.195142325294796,21.390408716057753,8.022105703092667,21.0,1,-0.3904087160577525,21.390408716057753,20.5,21.5
2682.0,21.197507717970357,21.392775520743555,8.020942419883356,21.0,1,-0.39277552074355526,21.392775520743555,20.5,21.5
2683.0,21.19987240491074,21.395141619424386,8.019779108321048,21.0,1,-0.3951416194243862,21.395141619424386,20.5,21.5
2684.0,21.20223638625142,21.39750701223513,8.018615769980693,21.0,1,-0.3975070122351312,21.39750701223513,20.5,21.5
2685.0,21.204599662128167,21.39987169931099,8.017452406437284,21.0,1,-0.39987169931098876,21.39987169931099,20.5,21.5
2686.0,21.20696223267703,21.402235680787435,8.016289019265846,21.0,1,-0.40223568078743455,21.402235680787435,20.5,21.5
2687.0,21.209324098034347,21.40459895680023,8.015125610041437,21.0,1,-0.4045989568002284,21.40459895680023,20.5,21.5
2688.0,21.21168525833675,21.406961527485432,8.013962180339146,21.0,1,-0.40696152748543213,21.406961527485432,20.5,21.5
2689.0,21.214045713721152,21.40932339297938,8.012798731734085,21.0,1,-0.40932339297938114,21.40932339297938,20.5,21.5
2690.0,21.216405464324755,21.411684553418702,8.011635265801397,21.0,1,-0.41168455341870214,21.411684553418702,20.5,21.5
2691.0,21.218764510285048,21.414045008940306,8.010471784116246,21.0,1,-0.41404500894030605,21.414045008940306,20.5,21.5
2692.0,21.221122851739814,21.4164047596814,8.009308288253816,21.0,1,-0.4164047596813987,21.4164047596814,20.5,21.5
2693.0,21.223480488827118,21.418763805779474,8.008144779789315,21.0,1,-0.4187638057794736,21.418763805779474,20.5,21.5
2694.0,21.22583742168531,21.42112214737231,8.00698126029796,21.0,1,-0.4211221473723086,21.42112214737231,20.5,21.5
2695.0,21.228193650453033,21.423479784597966,8.005817731354995,21.0,1,-0.42347978459796565,21.423479784597966,20.5,21.5
2696.0,21.230549175269214,21.425836717594798,8.00465419453566,21.0,1,-0.42583671759479813,21.425836717594798,20.5,21.5
2697.0,21.232903996273066,21.428192946501447,8.003490651415223,21.0,1,-0.4281929465014471,21.428192946501447,20.5,21.5
2698.0,21.235258113604093,21.43054847145684,8.00232710356895,21.0,1,-0.4305484714568415,21.43054847145684,20.5,21.5
2699.0,21.237611527402088,21.432903292600194,8.001163552572116,21.0,1,-0.43290329260019433,21.432903292600194,20.5,21.5
2700.0,21.239964237807122,21.43525741007101,8.0,21.0,1,-0.43525741007101004,21.43525741007101,20.5,21.5
2701.0,21.24231624495956,21.437610824009077,7.998836447427885,21.0,1,-0.43761082400907725,21.437610824009077,20.5,21.5
2702.0,21.244667549000056,21.439963534554476,7.99767289643105,21.0,1,-0.4399635345544759,21.439963534554476,20.5,21.5
2703.0,21.247018150069543,21.442315541847567,7.996509348584777,21.0,1,-0.4423155418475666,21.442315541847567,20.5,21.5
2704.0,21.249368048309247,21.444666846028998,7.995345805464338,21.0,1,-0.44466684602899775,21.444666846028998,20.5,21.5
2705.0,21.25171724386068,21.44701744723971,7.994182268645006,21.0,1,-0.44701744723970904,21.44701744723971,20.5,21.5
2706.0,21.254065736865634,21.449367345620924,7.993018739702039,21.0,1,-0.4493673456209244,21.449367345620924,20.5,21.5
2707.0,21.2564135274662,21.451716541314152,7.991855220210685,21.0,1,-0.45171654131415195,21.451716541314152,20.5,21.5
2708.0,21.25876061580475,21.454065034461195,7.990691711746184,21.0,1,-0.4540650344611947,21.454065034461195,20.5,21.5
2709.0,21.261107002023937,21.456412825204133,7.989528215883754,21.0,1,-0.45641282520413284,21.456412825204133,20.5,21.5
2710.0,21.26345268626671,21.458759913685338,7.988364734198603,21.0,1,-0.45875991368533775,21.458759913685338,20.5,21.5
2711.0,21.265797668676296,21.46110630004747,7.987201268265915,21.0,1,-0.46110630004746866,21.46110630004747,20.5,21.5
2712.0,21.268141949396213,21.463451984433476,7.986037819660855,21.0,1,-0.4634519844334761,21.463451984433476,20.5,21.5
2713.0,21.270485528570266,21.46579696698658,7.984874389958563,21.0,1,-0.4657969669865807,21.46579696698658,20.5,21.5
2714.0,21.272828406342544,21.468141247850305,7.983710980734154,21.0,1,-0.46814124785030486,21.468141247850305,20.5,21.5
2715.0,21.275170582857424,21.47048482716845,7.982547593562717,21.0,1,-0.4704848271684483,21.47048482716845,20.5,21.5
2716.0,21.277512058259564,21.472827705085102,7.981384230019307,21.0,1,-0.47282770508510197,21.472827705085102,20.5,21.5
2717.0,21.279852832693916,21.475169881744645,7.980220891678953,21.0,1,-0.4751698817446446,21.475169881744645,20.5,21.5
2718.0,21.282192906305713,21.477511357291736,7.979057580116644,21.0,1,-0.47751135729173555,21.477511357291736,20.5,21.5
2719.0,21.284532279240477,21.479852131871322,7.977894296907334,21.0,1,-0.47985213187132203,21.479852131871322,20.5,21.5
2720.0,21.28687095164401,21.48219220562864,7.976731043625944,21.0,1,-0.48219220562863896,21.48219220562864,20.5,21.5
2721.0,21.289208923662404,21.484531578709205,7.9755678218473465,21.0,1,-0.4845315787092055,21.484531578709205,20.5,21.5
2722.0,21.29154619544204,21.48687025125883,7.974404633146378,21.0,1,-0.48687025125882855,21.48687025125883,20.5,21.5
2723.0,21.29388276712958,21.489208223423603,7.973241479097826,21.0,1,-0.4892082234236028,21.489208223423603,20.5,21.5
2724.0,21.296218638871974,21.491545495349904,7.972078361276431,21.0,1,-0.49154549534990366,21.491545495349904,20.5,21.5
2725.0,21.298553810816454,21.49388206718439,7.970915281256889,21.0,1,-0.49388206718439065,21.49388206718439,20.5,21.5
2726.0,21.30088828311054,21.49621793907402,7.969752240613839,21.0,1,-0.49621793907401823,21.49621793907402,20.5,21.5
2727.0,21.303222055902044,21.498553111166014,7.9685892409218715,21.0,1,-0.4985531111660144,21.498553111166014,20.5,21.5
2728.0,21.305555129339048,21.50088758360791,7.967426283755519,21.0,0,-0.5008875836079092,21.50088758360791,20.5,21.5
2729.0,21.30288750356993,21.5022213565475,7.966263370689256,21.0,0,-0.5022213565475013,21.5022213565475,20.5,21.5
2730.0,21.300220178743356,21.50255463013288,7.965100503297499,21.0,0,-0.5025546301328809,21.50255463013288,20.5,21.5
2731.0,21.297553154808266,21.501887604472422,7.963937683154602,21.0,0,-0.5018876044724223,21.501887604472422,20.5,21.5
2732.0,21.294886431713934,21.5002204796348,7.962774911834854,21.0,0,-0.5002204796348018,21.5002204796348,20.5,21.5
2733.0,21.29222000940996,21.497553455648987,7.96161219091248,21.0,0,-0.4975534556489869,21.497553455648987,20.5,21.5
2734.0,21.28955388784626,21.494886732504256,7.960449521961635,21.0,0,-0.49488673250425563,21.494886732504256,20.5,21.5
2735.0,21.286888066973084,21.492220310150202,7.959286906556405,21.0,0,-0.49222031015020207,21.492220310150202,20.5,21.5
2736.0,21.284222546741002,21.48955418853675,7.9581243462708,21.0,0,-0.4895541885367507,21.48955418853675,20.5,21.5
2737.0,21.28155732710091,21.486888367614146,7.956961842678762,21.0,0,-0.4868883676141458,21.486888367614146,20.5,21.5
2738.0,21.278892408004026,21.48422284733296,7.955799397354149,21.0,0,-0.4842228473329584,21.48422284733296,20.5,21.5
2739.0,21.276227789401897,21.481557627644086,7.954637011870746,21.0,0,-0.4815576276440865,21.481557627644086,20.5,21.5
2740.0,21.27356347124639,21.47889270849875,7.953474687802253,21.0,0,-0.4788927084987513,21.47889270849875,20.5,21.5
2741.0,21.2708994534897,21.47622808984849,7.9523124267222896,21.0,0,-0.4762280898484903,21.47622808984849,20.5,21.5
2742.0,21.268235736084346,21.47356377164518,7.951150230204386,21.0,0,-0.4735637716451784,21.47356377164518,20.5,21.5
2743.0,21.26557231898317,21.470899753841003,7.949988099821992,21.0,0,-0.47089975384100313,21.470899753841003,20.5,21.5
2744.0,21.26290920213934,21.468236036388493,7.94882603714846,21.0,0,-0.4682360363884932,21.468236036388493,20.5,21.5
2745.0,21.260246385506342,21.465572619240483,7.947664043757056,21.0,0,-0.46557261924048277,21.465572619240483,20.5,21.5
2746.0,21.25758386903799,21.46290950235014,7.946502121220951,21.0,0,-0.46290950235013995,21.46290950235014,20.5,21.5
2747.0,21.254921652688427,21.460246685670956,7.945340271113219,21.0,0,-0.46024668567095617,21.460246685670956,20.5,21.5
2748.0,21.252259736412114,21.457584169156746,7.944178495006836,21.0,0,-0.45758416915674616,21.457584169156746,20.5,21.5
2749.0,21.24959812016383,21.454921952761644,7.94301679447468,21.0,0,-0.4549219527616444,21.454921952761644,20.5,21.5
2750.0,21.246936803898695,21.452260036440116,7.941855171089524,21.0,0,-0.4522600364401157,21.452260036440116,20.5,21.5
2751.0,21.244275787572132,21.44959842014695,7.940693626424038,21.0,0,-0.4495984201469483,21.44959842014695,20.5,21.5
2752.0,21.241615071139904,21.44693710383724,7.939532162050786,21.0,0,-0.4469371038372394,21.44693710383724,20.5,21.5
2753.0,21.238954654558086,21.44427608746643,7.938370779542221,21.0,0,-0.4442760874664309,21.44427608746643,20.5,21.5
2754.0,21.23629453778308,21.441615370990284,7.9372094804706865,21.0,0,-0.44161537099028436,21.441615370990284,20.5,21.5
2755.0,21.23363472077162,21.438954954364867,7.936048266408414,21.0,0,-0.438954954364867,21.438954954364867,20.5,21.5
2756.0,21.230975203480746,21.43629483754659,7.93488713892752,21.0,0,-0.4362948375465905,21.43629483754659,20.5,21.5
2757.0,21.228315985867834,21.43363502049218,7.9337260996,21.0,0,-0.4336350204921793,21.43363502049218,20.5,21.5
2758.0,21.22565706789058,21.430975503158677,7.932565149997735,21.0,0,-0.4309755031586775,21.430975503158677,20.5,21.5
2759.0,21.222998449507003,21.428316285503463,7.931404291692482,21.0,0,-0.42831628550346323,21.428316285503463,20.5,21.5
2760.0,21.22034013067544,21.425657367484227,7.930243526255874,21.0,0,-0.4256573674842272,21.425657367484227,20.5,21.5
2761.0,21.217682111354556,21.422998749058987,7.929082855259422,21.0,0,-0.42299874905898704,21.422998749058987,20.5,21.5
2762.0,21.215024391503338,21.420340430186087,7.927922280274503,21.0,0,-0.42034043018608713,21.420340430186087,20.5,21.5
2763.0,21.212366971081092,21.41768241082419,7.9267618028723685,21.0,0,-0.41768241082419166,21.41768241082419,20.5,21.5
2764.0,21.20970985004745,21.415024690932277,7.925601424624137,21.0,0,-0.41502469093227745,21.415024690932277,20.5,21.5
2765.0,21.207053028362363,21.412367270469662,7.924441147100792,21.0,0,-0.4123672704696624,21.412367270469662,20.5,21.5
2766.0,21.20439650598611,21.409710149395973,7.923280971873181,21.0,0,-0.4097101493959734,21.409710149395973,20.5,21.5
2767.0,21.20174028287929,21.407053327671164,7.922120900512015,21.0,0,-0.4070533276711643,21.407053327671164,20.5,21.5
2768.0,21.199084359002814,21.40439680525551,7.9209609345878595,21.0,0,-0.4043968052555087,21.40439680525551,20.5,21.5
2769.0,21.19642873431793,21.401740582109607,7.919801075671141,21.0,0,-0.40174058210960695,21.401740582109607,20.5,21.5
2770.0,21.1937734087862,21.399084658194376,7.918641325332142,21.0,0,-0.39908465819437566,21.399084658194376,20.5,21.5
2771.0,21.19111838236951,21.396429033471055,7.917481685140995,21.0,0,-0.39642903347105474,21.396429033471055,20.5,21.5
2772.0,21.188463655030063,21.393773707901207,7.916322156667685,21.0,0,-0.39377370790120736,21.393773707901207,20.5,21.5
2773.0,21.18580922673039,21.39111868144672,7.915162741482045,21.0,0,-0.39111868144672,21.39111868144672,20.5,21.5
2774.0,21.183155097433342,21.3884639540698,7.914003441153756,21.0,0,-0.38846395406979894,21.3884639540698,20.5,21.5
2775.0,21.180501267102088,21.385809525732977,7.912844257252342,21.0,0,-0.3858095257329772,21.385809525732977,20.5,21.5
2776.0,21.17784773570012,21.383155396399097,7.91168519134717,21.0,0,-0.383155396399097,21.383155396399097,20.5,21.5
2777.0,21.17519450319125,21.380501566031334,7.910526245007447,21.0,0,-0.38050156603133445,21.380501566031334,20.5,21.5
2778.0,21.172541569539614,21.37784803459318,7.90936741980222,21.0,0,-0.3778480345931783,21.37784803459318,20.5,21.5
2779.0,21.169888934709668,21.375194802048444,7.908208717300369,21.0,0,-0.37519480204844413,21.375194802048444,20.5,21.5
2780.0,21.167236598666186,21.372541868361264,7.907050139070608,21.0,0,-0.3725418683612638,21.372541868361264,20.5,21.5
2781.0,21.164584561374266,21.369889233496096,7.9058916866814855,21.0,0,-0.3698892334960959,21.369889233496096,20.5,21.5
2782.0,21.161932822799326,21.36723689741771,7.904733361701378,21.0,0,-0.36723689741770826,21.36723689741771,20.5,21.5
2783.0,21.159281382907107,21.364584860091206,7.9035751656984905,21.0,0,-0.36458486009120605,21.364584860091206,20.5,21.5
2784.0,21.156630241663667,21.36193312148201,7.902417100240851,21.0,0,-0.36193312148201073,21.36193312148201,20.5,21.5
2785.0,21.153979399035382,21.359281681555853,7.901259166896312,21.0,0,-0.3592816815558528,21.359281681555853,20.5,21.5
2786.0,21.151328854988954,21.356630540278793,7.9001013672325495,21.0,0,-0.35663054027879326,21.356630540278793,20.5,21.5
2787.0,21.1486786094914,21.353979697617206,7.8989437028170535,21.0,0,-0.3539796976172056,21.353979697617206,20.5,21.5
2788.0,21.146028662510066,21.351329153537797,7.897786175217136,21.0,0,-0.35132915353779737,21.351329153537797,20.5,21.5
2789.0,21.143379014012606,21.348678908007585,7.896628785999922,21.0,0,-0.34867890800758516,21.348678908007585,20.5,21.5
2790.0,21.140729663967004,21.34602896099391,7.895471536732347,21.0,0,-0.3460289609939089,21.34602896099391,20.5,21.5
2791.0,21.138080612341557,21.34337931246443,7.8943144289811595,21.0,0,-0.34337931246443176,21.34337931246443,20.5,21.5
2792.0,21.135431859104884,21.340729962387126,7.893157464312915,21.0,0,-0.34072996238712605,21.340729962387126,20.5,21.5
2793.0,21.132783404225925,21.338080910730298,7.892000644293977,21.0,0,-0.338080910730298,21.338080910730298,20.5,21.5
2794.0,21.130135247673937,21.33543215746256,7.890843970490512,21.0,0,-0.3354321574625594,21.33543215746256,20.5,21.5
2795.0,21.1274873894185,21.33278370255286,7.889687444468489,21.0,0,-0.3327837025528595,21.33278370255286,20.5,21.5
2796.0,21.12483982942951,21.33013554597045,7.888531067793675,21.0,0,-0.3301355459704496,21.33013554597045,20.5,21.5
2797.0,21.122192567677185,21.327487687684908,7.887374842031637,21.0,0,-0.32748768768490777,21.327487687684908,20.5,21.5
2798.0,21.119545604132057,21.324840127666135,7.886218768747738,21.0,0,-0.32484012766613546,21.324840127666135,20.5,21.5
2799.0,21.11689893876498,21.322192865884343,7.8850628495071335,21.0,0,-0.32219286588434315,21.322192865884343,20.5,21.5
2800.0,21.114252571547127,21.319545902310068,7.88390708587477,21.0,0,-0.3195459023100682,21.319545902310068,20.5,21.5
2801.0,21.11160650244999,21.316899236914164,7.882751479415385,21.0,0,-0.3168992369141641,21.316899236914164,20.5,21.5
2802.0,21.108960731445386,21.314252869667804,7.881596031693499,21.0,0,-0.3142528696678042,21.314252869667804,20.5,21.5
2803.0,21.106315258505436,21.311606800542478,7.880440744273424,21.0,0,-0.3116068005424779,21.311606800542478,20.5,21.5
2804.0,21.10367008360259,21.308961029509998,7.879285618719251,21.0,0,-0.30896102950999804,21.308961029509998,20.5,21.5
2805.0,21.101025206709615,21.306315556542494,7.878130656594853,21.0,0,-0.30631555654249354,21.306315556542494,20.5,21.5
2806.0,21.098380627799592,21.303670381612413,7.8769758594638795,21.0,0,-0.3036703816124131,21.303670381612413,20.5,21.5
2807.0,21.095736346845925,21.301025504692525,7.87582122888976,21.0,0,-0.3010255046925252,21.301025504692525,20.5,21.5
2808.0,21.093092363822333,21.2983809257559,7.874666766435696,21.0,0,-0.29838092575590025,21.2983809257559,20.5,21.5
2809.0,21.090448678702856,21.295736644775957,7.873512473664663,21.0,0,-0.29573664477595685,21.295736644775957,20.5,21.5
2810.0,21.087805291461848,21.293092661726405,7.872358352139405,21.0,0,-0.2930926617264049,21.293092661726405,20.5,21.5
2811.0,21.085162202073985,21.290448976581285,7.871204403422438,21.0,0,-0.29044897658128477,21.290448976581285,20.5,21.5
2812.0,21.082519410514255,21.28780558931495,7.8700506290760375,21.0,0,-0.2878055893149494,21.28780558931495,20.5,21.5
2813.0,21.079876916757968,21.28516249990208,7.868897030662249,21.0,0,-0.28516249990207854,21.28516249990208,20.5,21.5
2814.0,21.077234720780748,21.282519708317654,7.8677436097428775,21.0,0,-0.28251970831765405,21.282519708317654,20.5,21.5
2815.0,21.07459282255854,21.279877214536988,7.866590367879487,21.0,0,-0.2798772145369881,21.279877214536988,20.5,21.5
2816.0,21.071951222067604,21.277235018535713,7.865437306633401,21.0,0,-0.27723501853571264,21.277235018535713,20.5,21.5
2817.0,21.069309919284517,21.27459312028977,7.864284427565695,21.0,0,-0.2745931202897687,21.27459312028977,20.5,21.5
2818.0,21.066668914186174,21.271951519775406,7.863131732237203,21.0,0,-0.2719515197754063,21.271951519775406,20.5,21.5
2819.0,21.064028206749786,21.269310216969217,7.861979222208506,21.0,0,-0.26931021696921675,21.269310216969217,20.5,21.5
2820.0,21.06138779695288,21.266669211848086,7.860826899039934,21.0,0,-0.266669211848086,21.266669211848086,20.5,21.5
2821.0,21.058747684773294,21.264028504389223,7.859674764291569,21.0,0,-0.26402850438922343,21.264028504389223,20.5,21.5
2822.0,21.056107870189198,21.26138809457016,7.858522819523231,21.0,0,-0.26138809457016166,21.26138809457016,20.5,21.5
2823.0,21.053468353179063,21.25874798236874,7.857371066294489,21.0,0,-0.25874798236873886,21.25874798236874,20.5,21.5
2824.0,21.050829133721688,21.256108167763124,7.856219506164647,21.0,0,-0.2561081677631236,21.256108167763124,20.5,21.5
2825.0,21.048190211796175,21.253468650731783,7.855068140692754,21.0,0,-0.25346865073178293,21.253468650731783,20.5,21.5
2826.0,21.045551587381954,21.250829431253514,7.853916971437588,21.0,0,-0.2508294312535142,21.250829431253514,20.5,21.5
2827.0,21.042913260458764,21.248190509307427,7.852765999957668,21.0,0,-0.24819050930742748,21.248190509307427,20.5,21.5
2828.0,21.040275231006664,21.245551884872945,7.851615227811243,21.0,0,-0.24555188487294544,21.245551884872945,20.5,21.5
2829.0,21.037637499006024,21.242913557929814,7.850464656556291,21.0,0,-0.24291355792981406,21.242913557929814,20.5,21.5
2830.0,21.035000064437533,21.240275528458085,7.849314287750517,21.0,0,-0.24027552845808486,21.240275528458085,20.5,21.5
2831.0,21.032362927282197,21.237637796438133,7.8481641229513555,21.0,0,-0.23763779643813265,21.237637796438133,20.5,21.5
2832.0,21.02972608752133,21.235000361850645,7.847014163715961,21.0,0,-0.23500036185064488,21.235000361850645,20.5,21.5
2833.0,21.02708954513657,21.232363224676625,7.845864411601215,21.0,0,-0.23236322467662518,21.232363224676625,20.5,21.5
2834.0,21.02445330010986,21.229726384897393,7.844714868163712,21.0,0,-0.2297263848973934,21.229726384897393,20.5,21.5
2835.0,21.021817352423472,21.227089842494582,7.843565534959769,21.0,0,-0.22708984249458197,21.227089842494582,20.5,21.5
2836.0,21.019181702059978,21.22445359745014,7.842416413545416,21.0,0,-0.2244535974501396,21.22445359745014,20.5,21.5
2837.0,21.016546349002276,21.221817649746328,7.841267505476396,21.0,0,-0.22181764974632756,21.221817649746328,20.5,21.5
2838.0,21.01391129323357,21.219181999365727,7.840118812308165,21.0,0,-0.2191819993657269,21.219181999365727,20.5,21.5
2839.0,21.011276534737384,21.21654664629123,7.838970335595887,21.0,0,-0.21654664629123133,21.21654664629123,20.5,21.5
2840.0,21.008642073497555,21.21391159050605,7.837822076894433,21.0,0,-0.2139115905060507,21.21391159050605,20.5,21.5
2841.0,21.006007909498233,21.2112768319937,7.836674037758378,21.0,0,-0.2112768319937004,21.2112768319937,20.5,21.5
2842.0,21.003374042723884,21.208642370738023,7.835526219742001,21.0,0,-0.20864237073802272,21.208642370738023,20.5,21.5
2843.0,21.000740473159286,21.206008206723165,7.834378624399282,21.0,0,-0.20600820672316544,21.206008206723165,20.5,21.5
2844.0,20.998107200789534,21.203374339933596,7.833231253283898,21.0,0,-0.2033743399335961,21.203374339933596,20.5,21.5
2845.0,20.99547422560003,21.20074077035409,7.832084107949223,21.0,0,-0.20074077035409132,21.20074077035409,20.5,21.5
2846.0,20.9928415475765,21.198107497969744,7.830937189948326,21.0,0,-0.19810749796974392,21.198107497969744,20.5,21.5
2847.0,20.990209166704975,21.195474522765963,7.829790500833967,21.0,0,-0.1954745227659629,21.195474522765963,20.5,21.5
2848.0,20.9875770829718,21.192841844728466,7.828644042158598,21.0,0,-0.19284184472846633,21.192841844728466,20.5,21.5
2849.0,20.984945296363637,21.190209463843285,7.8274978154743575,21.0,0,-0.19020946384328496,21.190209463843285,20.5,21.5
2850.0,20.98231380686746,21.18757738009677,7.82635182233307,21.0,0,-0.18757738009676928,21.18757738009677,20.5,21.5
2851.0,20.97968261447055,21.18494559347558,7.8252060642862435,21.0,0,-0.18494559347557882,21.18494559347558,20.5,21.5
2852.0,20.977051719160514,21.182314103966686,7.82406054288507,21.0,0,-0.1823141039666858,21.182314103966686,20.5,21.5
2853.0,20.974421120925257,21.17968291155738,7.822915259680417,21.0,0,-0.1796829115573786,21.17968291155738,20.5,21.5
2854.0,20.971790819753007,21.177052016235255,7.821770216222833,21.0,0,-0.17705201623525468,21.177052016235255,20.5,21.5
2855.0,20.9691608156323,21.17442141798822,7.820625414062543,21.0,0,-0.17442141798822064,21.17442141798822,20.5,21.5
2856.0,20.966531108551987,21.171791116804506,7.8194808547494405,21.0,0,-0.17179111680450632,21.171791116804506,20.5,21.5
2857.0,20.963901698501225,21.169161112672647,7.818336539833093,21.0,0,-0.1691611126726471,21.169161112672647,20.5,21.5
2858.0,20.96127258546949,21.166531405581495,7.8171924708627385,21.0,0,-0.1665314055814946,21.166531405581495,20.5,21.5
2859.0,20.95864376944657,21.163901995520206,7.81604864938728,21.0,0,-0.1639019955202059,21.163901995520206,20.5,21.5
2860.0,20.95601525042256,21.161272882478258,7.814905076955285,21.0,0,-0.16127288247825788,21.161272882478258,20.5,21.5
2861.0,20.953387028387866,21.158644066445436,7.813761755114987,21.0,0,-0.1586440664454365,21.158644066445436,20.5,21.5
2862.0,20.950759103333212,21.156015547411833,7.812618685414276,21.0,0,-0.1560155474118332,21.156015547411833,20.5,21.5
2863.0,20.948131475249628,21.153387325367863,7.811475869400703,21.0,0,-0.15338732536786281,21.153387325367863,20.5,21.5
2864.0,20.94550414412846,21.150759400304242,7.810333308621475,21.0,0,-0.15075940030424206,21.150759400304242,20.5,21.5
2865.0,20.94287710996136,21.148131772212004,7.809191004623456,21.0,0,-0.1481317722120039,21.148131772212004,20.5,21.5
2866.0,20.94025037274029,21.145504441082487,7.808048958953157,21.0,0,-0.14550444108248684,21.145504441082487,20.5,21.5
2867.0,20.937623932457534,21.142877406907353,7.806907173156744,21.0,0,-0.14287740690735262,21.142877406907353,20.5,21.5
2868.0,20.934997789105672,21.140250669678558,7.805765648780028,21.0,0,-0.14025066967855793,21.140250669678558,20.5,21.5
2869.0,20.93237194267761,21.137624229388386,7.804624387368469,21.0,0,-0.13762422938838625,21.137624229388386,20.5,21.5
2870.0,20.929746393166546,21.134998086029423,7.80348339046717,21.0,0,-0.1349980860294231,21.134998086029423,20.5,21.5
2871.0,20.927121140566005,21.132372239594567,7.802342659620874,21.0,0,-0.13237223959456657,21.132372239594567,20.5,21.5
2872.0,20.924496184869817,21.12974669007702,7.801202196373966,21.0,0,-0.12974669007702033,21.12974669007702,20.5,21.5
2873.0,20.921871526072117,21.12712143747031,7.800062002270467,21.0,0,-0.12712143747031135,21.12712143747031,20.5,21.5
2874.0,20.919247164167356,21.124496481768258,7.798922078854035,21.0,0,-0.1244964817682579,21.124496481768258,20.5,21.5
2875.0,20.916623099150293,21.12187182296501,7.797782427667962,21.0,0,-0.12187182296500865,21.12187182296501,20.5,21.5
2876.0,20.913999331015997,21.119247461055004,7.796643050255169,21.0,0,-0.11924746105500361,21.119247461055004,20.5,21.5
2877.0,20.911375859759843,21.116623396033013,7.79550394815821,21.0,0,-0.1166233960330132,21.116623396033013,20.5,21.5
2878.0,20.90875268537752,21.113999627894096,7.794365122919262,21.0,0,-0.11399962789409557,21.113999627894096,20.5,21.5
2879.0,20.90612980786503,21.11137615663363,7.79322657608013,21.0,0,-0.11137615663362865,21.11137615663363,20.5,21.5
2880.0,20.903507227218675,21.108752982247303,7.79208830918224,21.0,0,-0.10875298224730301,21.108752982247303,20.5,21.5
2881.0,20.900884943435067,21.10613010473112,7.790950323766643,21.0,0,-0.10613010473111828,21.10613010473112,20.5,21.5
2882.0,20.898262956511132,21.103507524081376,7.789812621374006,21.0,0,-0.10350752408137609,21.103507524081376,20.5,21.5
2883.0,20.895641266444105,21.100885240294694,7.788675203544612,21.0,0,-0.10088524029469426,21.100885240294694,20.5,21.5
2884.0,20.893019873231527,21.098263253367993,7.787538071818359,21.0,0,-0.09826325336799258,21.098263253367993,20.5,21.5
2885.0,20.890398776871244,21.095641563298507,7.78640122773476,21.0,0,-0.09564156329850704,21.095641563298507,20.5,21.5
2886.0,20.887777977361417,21.093020170083776,7.785264672832937,21.0,0,-0.09302017008377561,21.093020170083776,20.5,21.5
2887.0,20.88515747470051,21.09039907372165,7.78412840865162,21.0,0,-0.0903990737216489,21.09039907372165,20.5,21.5
2888.0,20.8825372688873,21.087778274210287,7.782992436729147,21.0,0,-0.08777827421028661,21.087778274210287,20.5,21.5
2889.0,20.87991735992087,21.085157771548158,7.781856758603458,21.0,0,-0.08515777154815751,21.085157771548158,20.5,21.5
2890.0,20.877297747800608,21.082537565734032,7.780721375812097,21.0,0,-0.08253756573403237,21.082537565734032,20.5,21.5
2891.0,20.87467843252621,21.07991765676699,7.779586289892208,21.0,0,-0.07991765676699103,21.07991765676699,20.5,21.5
2892.0,20.872059414097684,21.077298044646426,7.778451502380532,21.0,0,-0.07729804464642598,21.077298044646426,20.5,21.5
2893.0,20.86944069251534,21.07467872937203,7.777317014813409,21.0,0,-0.07467872937203168,21.07467872937203,20.5,21.5
2894.0,20.8668222677798,21.07205971094382,7.776182828726769,21.0,0,-0.0720597109438188,21.07205971094382,20.5,21.5
2895.0,20.86420413989199,21.069440989362096,7.775048945656135,21.0,0,-0.06944098936209642,21.069440989362096,20.5,21.5
2896.0,20.86158630885314,21.06682256462748,7.773915367136621,21.0,0,-0.06682256462747915,21.06682256462748,20.5,21.5
2897.0,20.8589687746648,21.0642044367409,7.7727820947029285,21.0,0,-0.06420443674090137,21.0642044367409,20.5,21.5
2898.0,20.856351537328806,21.061586605703596,7.771649129889344,21.0,0,-0.061586605703595865,21.061586605703596,20.5,21.5
2899.0,20.853734596847318,21.0589690715171,7.770516474229738,21.0,0,-0.05896907151710096,21.0589690715171,20.5,21.5
2900.0,20.851117953222793,21.05635183418326,7.76938412925756,21.0,0,-0.05635183418326051,21.05635183418326,20.5,21.5
2901.0,20.848501606458,21.053734893704235,7.768252096505843,21.0,0,-0.053734893704234565,21.053734893704235,20.5,21.5
2902.0,20.84588555655601,21.051118250082475,7.767120377507194,21.0,0,-0.0511182500824745,21.051118250082475,20.5,21.5
2903.0,20.8432698035202,21.048501903320755,7.765988973793798,21.0,0,-0.04850190332075499,21.048501903320755,20.5,21.5
2904.0,20.840654347354256,21.045885853422142,7.76485788689741,21.0,0,-0.04588585342214202,21.045885853422142,20.5,21.5
2905.0,20.838039188062165,21.04327010039002,7.763727118349359,21.0,0,-0.04327010039002133,21.04327010039002,20.5,21.5
2906.0,20.835424325648223,21.040654644228063,7.762596669680541,21.0,0,-0.040654644228062864,21.040654644228063,20.5,21.5
2907.0,20.83280976011703,21.03803948494027,7.761466542421419,21.0,0,-0.03803948494027054,21.03803948494027,20.5,21.5
2908.0,20.83019549147349,21.03542462253093,7.760336738102023,21.0,0,-0.03542462253092893,21.03542462253093,20.5,21.5
2909.0,20.827581519722816,21.03281005700464,7.759207258251943,21.0,0,-0.03281005700463879,21.03281005700464,20.5,21.5
2910.0,20.82496784487052,21.030195788366306,7.758078104400332,21.0,0,-0.03019578836630643,21.030195788366306,20.5,21.5
2911.0,20.822354466922427,21.027581816621147,7.756949278075901,21.0,0,-0.027581816621147226,21.027581816621147,20.5,21.5
2912.0,20.819741385884658,21.02496814177467,7.755820780806915,21.0,0,-0.024968141774671437,21.02496814177467,20.5,21.5
2913.0,20.817128601763642,21.022354763832702,7.754692614121198,21.0,0,-0.022354763832701963,21.022354763832702,20.5,21.5
2914.0,20.814516114566114,21.01974168280136,7.753564779546122,21.0,0,-0.019741682801360128,21.01974168280136,20.5,21.5
2915.0,20.81190392429911,21.01712889868708,7.752437278608614,21.0,0,-0.017128898687079896,21.01712889868708,20.5,21.5
2916.0,20.80929203096997,21.01451641149659,7.751310112835146,21.0,0,-0.01451641149659011,21.01451641149659,20.5,21.5
2917.0,20.806680434586344,21.011904221236925,7.750183283751736,21.0,0,-0.011904221236925139,21.011904221236925,20.5,21.5
2918.0,20.804069135156176,21.009292327915432,7.749056792883947,21.0,0,-0.009292327915431997,21.009292327915432,20.5,21.5
2919.0,20.80145813268772,21.006680731539753,7.747930641756886,21.0,0,-0.006680731539752571,21.006680731539753,20.5,21.5
2920.0,20.798847427189536,21.004069432117838,7.746804831895198,21.0,0,-0.0040694321178378345,21.004069432117838,20.5,21.5
2921.0,20.796237018670478,21.001458429657937,7.745679364823067,21.0,0,-0.001458429657937188,21.001458429657937,20.5,21.5
2922.0,20.793626907139707,20.99884772416861,7.7445542420642095,21.0,0,0.001152275831390881,20.99884772416861,20.5,21.5
2923.0,20.79101709260669,20.99623731565871,7.743429465141881,21.0,0,0.0037626843412894573,20.99623731565871,20.5,21.5
2924.0,20.788407575081198,20.993627204137407,7.742305035578866,21.0,0,0.00637279586259254,20.993627204137407,20.5,21.5
2925.0,20.7857983545733,20.99101738961416,7.741180954897479,21.0,0,0.008982610385839251,20.99101738961416,20.5,21.5
2926.0,20.783189431093362,20.988407872098737,7.740057224619562,21.0,0,0.011592127901263183,20.988407872098737,20.5,21.5
2927.0,20.780580804652068,20.985798651601208,7.738933846266485,21.0,0,0.01420134839879239,20.985798651601208,20.5,21.5
2928.0,20.77797247526039,20.983189728131947,7.737810821359135,21.0,0,0.01681027186805295,20.983189728131947,20.5,21.5
2929.0,20.77536444292961,20.98058110170163,7.736688151417929,21.0,0,0.01941889829836896,20.98058110170163,20.5,21.5
2930.0,20.77275670767131,20.97797277232123,7.735565837962798,21.0,0,0.022027227678769634,20.97797277232123,20.5,21.5
2931.0,20.770149269497367,20.975364740002032,7.734443882513191,21.0,0,0.024635259997968006,20.975364740002032,20.5,21.5
2932.0,20.76754212841997,20.972757004755614,7.733322286588074,21.0,0,0.02724299524438578,20.972757004755614,20.5,21.5
2933.0,20.764935284451603,20.970149566593854,7.732201051705926,21.0,0,0.029850433406146237,20.970149566593854,20.5,21.5
2934.0,20.762328737605053,20.967542425528944,7.731080179384734,21.0,0,0.03245757447105646,20.967542425528944,20.5,21.5
2935.0,20.75972248789341,20.964935581573364,7.729959671142,21.0,0,0.03506441842663577,20.964935581573364,20.5,21.5
2936.0,20.75711653533006,20.962329034739902,7.728839528494726,21.0,0,0.037670965260097944,20.962329034739902,20.5,21.5
2937.0,20.75451087992869,20.959722785041645,7.727719752959426,21.0,0,0.04027721495835479,20.959722785041645,20.5,21.5
2938.0,20.751905521703296,20.957116832491984,7.726600346052112,21.0,0,0.04288316750801613,20.957116832491984,20.5,21.5
2939.0,20.749300460668167,20.95451117710461,7.725481309288299,21.0,0,0.0454888228953898,20.95451117710461,20.5,21.5
2940.0,20.74669569683789,20.951905818893504,7.724362644183001,21.0,0,0.04809418110649588,20.951905818893504,20.5,21.5
2941.0,20.744091230227358,20.949300757872965,7.723244352250728,21.0,0,0.050699242127034694,20.949300757872965,20.5,21.5
2942.0,20.741487060851764,20.946695994057578,7.722126435005485,21.0,0,0.05330400594242235,20.946695994057578,20.5,21.5
2943.0,20.738883188726593,20.944091527462238,7.7210088939607715,21.0,0,0.05590847253776232,20.944091527462238,20.5,21.5
2944.0,20.73627961386764,20.94148735810213,7.719891730629573,21.0,0,0.05851264189787031,20.94148735810213,20.5,21.5
2945.0,20.733676336290994,20.938883485992754,7.71877494652437,21.0,0,0.061116514007245826,20.938883485992754,20.5,21.5
2946.0,20.73107335601304,20.93627991114989,7.717658543157124,21.0,0,0.06372008885011127,20.93627991114989,20.5,21.5
2947.0,20.72847067305047,20.93367663358963,7.716542522039284,21.0,0,0.06632336641036929,20.93367663358963,20.5,21.5
2948.0,20.72586828742027,20.931073653328365,7.715426884681781,21.0,0,0.06892634667163478,20.931073653328365,20.5,21.5
2949.0,20.723266199139722,20.928470970382783,7.7143116325950265,21.0,0,0.07152902961721708,20.928470970382783,20.5,21.5
2950.0,20.720664408226412,20.925868584769866,7.71319676728891,21.0,0,0.07413141523013422,20.925868584769866,20.5,21.5
2951.0,20.718062914698226,20.9232664965069,7.7120822902727975,21.0,0,0.07673350349309871,20.9232664965069,20.5,21.5
2952.0,20.71546171857334,20.920664705611475,7.710968203055528,21.0,0,0.0793352943885246,20.920664705611475,20.5,21.5
2953.0,20.712860819870237,20.918063212101465,7.709854507145417,21.0,0,0.08193678789853465,20.918063212101465,20.5,21.5
2954.0,20.71026021860769,20.91546201599506,7.708741204050245,21.0,0,0.08453798400493895,20.91546201599506,20.5,21.5
2955.0,20.70765991480478,20.912861117310733,7.707628295277264,21.0,0,0.08713888268926695,20.912861117310733,20.5,21.5
2956.0,20.705059908480873,20.91026051606726,7.70651578233319,21.0,0,0.089739483932739,20.91026051606726,20.5,21.5
2957.0,20.702460199655643,20.907660212283723,7.705403666724205,21.0,0,0.09233978771627704,20.907660212283723,20.5,21.5
2958.0,20.699860788349056,20.90506020597949,7.7042919499559535,21.0,0,0.09493979402051167,20.90506020597949,20.5,21.5
2959.0,20.697261674581377,20.902460497174225,7.703180633533536,21.0,0,0.09753950282577506,20.902460497174225,20.5,21.5
2960.0,20.694662858373167,20.899861085887903,7.702069718961519,21.0,0,0.10013891411209741,20.899861085887903,20.5,21.5
2961.0,20.692064339745286,20.897261972140786,7.700959207743914,21.0,0,0.10273802785921404,20.897261972140786,20.5,21.5
2962.0,20.689466118718887,20.894663155953435,7.699849101384195,21.0,0,0.1053368440465654,20.894663155953435,20.5,21.5
2963.0,20.68686819531542,20.892064637346706,7.698739401385284,21.0,0,0.10793536265329351,20.892064637346706,20.5,21.5
2964.0,20.684270569556634,20.889466416341758,7.697630109249555,21.0,0,0.11053358365824195,20.889466416341758,20.5,21.5
2965.0,20.681673241464573,20.88686849296004,7.69652122647883,21.0,0,0.11313150703995944,20.88686849296004,20.5,21.5
2966.0,20.679076211061577,20.884270867223297,7.695412754574373,21.0,0,0.11572913277670338,20.884270867223297,20.5,21.5
2967.0,20.67647947837028,20.881673539153574,7.6943046950368945,21.0,0,0.11832646084642562,20.881673539153574,20.5,21.5
2968.0,20.673883043413614,20.879076508773213,7.693197049366548,21.0,0,0.1209234912267867,20.879076508773213,20.5,21.5
2969.0,20.671286906214803,20.876479776104848,7.692089819062923,21.0,0,0.12352022389515227,20.876479776104848,20.5,21.5
2970.0,20.668691066797372,20.873883341171407,7.6909830056250525,21.0,0,0.12611665882859313,20.873883341171407,20.5,21.5
2971.0,20.66609552518514,20.871287203996122,7.689876610551399,21.0,0,0.12871279600387808,20.871287203996122,20.5,21.5
2972.0,20.66350028140221,20.868691364602505,7.688770635339861,21.0,0,0.13130863539749527,20.868691364602505,20.5,21.5
2973.0,20.660905335473,20.866095823014383,7.687665081487768,21.0,0,0.13390417698561663,20.866095823014383,20.5,21.5
2974.0,20.658310687422205,20.863500579255863,7.686559950491881,21.0,0,0.136499420744137,20.863500579255863,20.5,21.5
2975.0,20.655716337274818,20.860905633351354,7.685455243848386,21.0,0,0.13909436664864572,20.860905633351354,20.5,21.5
2976.0,20.65312228505613,20.858310985325552,7.684350963052898,21.0,0,0.14168901467444783,20.858310985325552,20.5,21.5
2977.0,20.650528530791732,20.855716635203457,7.683247109600451,21.0,0,0.1442833647965429,20.855716635203457,20.5,21.5
2978.0,20.647935074507494,20.853122583010354,7.682143684985502,21.0,0,0.1468774169896463,20.853122583010354,20.5,21.5
2979.0,20.64534191622959,20.850528828771832,7.68104069070193,21.0,0,0.14947117122816778,20.850528828771832,20.5,21.5
2980.0,20.642749055984485,20.847935372513767,7.679938128243029,21.0,0,0.15206462748623295,20.847935372513767,20.5,21.5
2981.0,20.640156493798937,20.845342214262327,7.678835999101507,21.0,0,0.15465778573767253,20.845342214262327,20.5,21.5
2982.0,20.637564229699997,20.84274935404398,7.67773430476949,21.0,0,0.1572506459560188,20.84274935404398,20.5,21.5
2983.0,20.63497226371501,20.840156791885484,7.676633046738509,21.0,0,0.15984320811451624,20.840156791885484,20.5,21.5
2984.0,20.632380595871616,20.83756452781389,7.675532226499509,21.0,0,0.16243547218611099,20.83756452781389,20.5,21.5
2985.0,20.62978922619774,20.83497256185654,7.674431845542843,21.0,0,0.16502743814346132,20.83497256185654,20.5,21.5
2986.0,20.627198154721608,20.832380894041073,7.673331905358266,21.0,0,0.16761910595892715,20.832380894041073,20.5,21.5
2987.0,20.624607381471737,20.829789524395423,7.6722324074349375,21.0,0,0.17021047560457703,20.829789524395423,20.5,21.5
2988.0,20.62201690647693,20.827198452947805,7.671133353261417,21.0,0,0.1728015470521953,20.827198452947805,20.5,21.5
2989.0,20.619426729766285,20.824607679726743,7.670034744325666,21.0,0,0.17539232027325724,20.824607679726743,20.5,21.5
2990.0,20.616836851369197,20.822017204761032,7.668936582115042,21.0,0,0.1779827952389681,20.822017204761032,20.5,21.5
2991.0,20.614247271315346,20.81942702807978,7.667838868116297,21.0,0,0.18057297192022048,20.81942702807978,20.5,21.5
2992.0,20.611657989634708,20.816837149712377,7.666741603815576,21.0,0,0.1831628502876228,20.816837149712377,20.5,21.5
2993.0,20.609069006357544,20.814247569688497,7.665644790698417,21.0,0,0.1857524303115028,20.814247569688497,20.5,21.5
2994.0,20.60648032151441,20.811658288038124,7.664548430249745,21.0,0,0.18834171196187555,20.811658288038124,20.5,21.5
2995.0,20.603891935136158,20.809069304791517,7.6634525239538736,21.0,0,0.1909306952084826,20.809069304791517,20.5,21.5
2996.0,20.60130384725392,20.806480619979233,7.662357073294501,21.0,0,0.19351938002076707,20.806480619979233,20.5,21.5
2997.0,20.59871605789913,20.803892233632116,7.661262079754708,21.0,0,0.1961077663678843,20.803892233632116,20.5,21.5
2998.0,20.5961285671035,20.801304145781305,7.660167544816959,21.0,0,0.19869585421869473,20.801304145781305,20.5,21.5
2999.0,20.59354137489904,20.79871635645823,7.659073469963094,21.0,0,0.20128364354177108,20.79871635645823,20.5,21.5
